l1_coeff sweep: ['0.002', '0.005024', '0.01262', '0.0317', '0.07962', '0.2']
n_steps=15000  seed=0  data_seed=0  preset=full
writing incrementally -> C:\Projects\sae-feature-reproducibility\results\full\l1_sweep.json

=== sweep 1/6  l1_coeff=0.002  run=sweep_l1_0.002 ===
run=sweep_l1_0.002  device=cuda
seed=0  data_seed=0  (pinned)
rows=12,700,000  d_sae=12288  steps=15,000  epochs=4.8
l1_coeff=0.002  norm_scale=0.268445 (from manifest)
decoder grad projection: ON
WARNING step 0: L0=6142.2 > d_model=768 -- reconstruction can be near-perfect from spanning coverage alone here; EV=-56.059 is not evidence of a sparse decomposition yet.
step      0  mse 25519.936  L0   6142.2  EV -56.059  dead     0
throughput (first 100 steps): 70,555 samples/s -> ~14.5 min projected
WARNING step 100: L0=2980.7 > d_model=768 -- reconstruction can be near-perfect from spanning coverage alone here; EV=-1.734 is not evidence of a sparse decomposition yet.
step    100  mse 1226.045  L0   2980.7  EV -1.734  dead     0
WARNING step 200: L0=2315.9 > d_model=768 -- reconstruction can be near-perfect from spanning coverage alone here; EV=-0.185 is not evidence of a sparse decomposition yet.
step    200  mse  528.638  L0   2315.9  EV -0.185  dead     0
WARNING step 300: L0=2183.1 > d_model=768 -- reconstruction can be near-perfect from spanning coverage alone here; EV=0.133 is not evidence of a sparse decomposition yet.
step    300  mse  388.950  L0   2183.1  EV  0.133  dead     0
WARNING step 400: L0=2033.7 > d_model=768 -- reconstruction can be near-perfect from spanning coverage alone here; EV=0.382 is not evidence of a sparse decomposition yet.
step    400  mse  277.634  L0   2033.7  EV  0.382  dead     0
WARNING step 500: L0=2170.2 > d_model=768 -- reconstruction can be near-perfect from spanning coverage alone here; EV=0.432 is not evidence of a sparse decomposition yet.
step    500  mse  253.249  L0   2170.2  EV  0.432  dead     0
WARNING step 600: L0=2144.5 > d_model=768 -- reconstruction can be near-perfect from spanning coverage alone here; EV=0.547 is not evidence of a sparse decomposition yet.
step    600  mse  203.325  L0   2144.5  EV  0.547  dead     0
WARNING step 700: L0=2165.3 > d_model=768 -- reconstruction can be near-perfect from spanning coverage alone here; EV=0.598 is not evidence of a sparse decomposition yet.
step    700  mse  180.336  L0   2165.3  EV  0.598  dead     0
WARNING step 800: L0=2138.7 > d_model=768 -- reconstruction can be near-perfect from spanning coverage alone here; EV=0.688 is not evidence of a sparse decomposition yet.
step    800  mse  139.455  L0   2138.7  EV  0.688  dead     0
WARNING step 900: L0=2159.9 > d_model=768 -- reconstruction can be near-perfect from spanning coverage alone here; EV=0.738 is not evidence of a sparse decomposition yet.
step    900  mse  116.655  L0   2159.9  EV  0.738  dead     0
WARNING step 1000: L0=2006.7 > d_model=768 -- reconstruction can be near-perfect from spanning coverage alone here; EV=0.781 is not evidence of a sparse decomposition yet.
step   1000  mse   97.591  L0   2006.7  EV  0.781  dead     0
WARNING step 1100: L0=2293.4 > d_model=768 -- reconstruction can be near-perfect from spanning coverage alone here; EV=0.797 is not evidence of a sparse decomposition yet.
step   1100  mse   90.786  L0   2293.4  EV  0.797  dead     0
WARNING step 1200: L0=2162.5 > d_model=768 -- reconstruction can be near-perfect from spanning coverage alone here; EV=0.830 is not evidence of a sparse decomposition yet.
step   1200  mse   76.242  L0   2162.5  EV  0.830  dead     0
WARNING step 1300: L0=2198.3 > d_model=768 -- reconstruction can be near-perfect from spanning coverage alone here; EV=0.845 is not evidence of a sparse decomposition yet.
step   1300  mse   69.742  L0   2198.3  EV  0.845  dead     0
WARNING step 1400: L0=2268.4 > d_model=768 -- reconstruction can be near-perfect from spanning coverage alone here; EV=0.848 is not evidence of a sparse decomposition yet.
step   1400  mse   68.054  L0   2268.4  EV  0.848  dead     0
WARNING step 1500: L0=2244.3 > d_model=768 -- reconstruction can be near-perfect from spanning coverage alone here; EV=0.872 is not evidence of a sparse decomposition yet.
step   1500  mse   57.349  L0   2244.3  EV  0.872  dead     0
WARNING step 1600: L0=2184.6 > d_model=768 -- reconstruction can be near-perfect from spanning coverage alone here; EV=0.897 is not evidence of a sparse decomposition yet.
step   1600  mse   46.194  L0   2184.6  EV  0.897  dead     0
WARNING step 1700: L0=2231.5 > d_model=768 -- reconstruction can be near-perfect from spanning coverage alone here; EV=0.904 is not evidence of a sparse decomposition yet.
step   1700  mse   42.876  L0   2231.5  EV  0.904  dead     0
WARNING step 1800: L0=2179.5 > d_model=768 -- reconstruction can be near-perfect from spanning coverage alone here; EV=0.915 is not evidence of a sparse decomposition yet.
step   1800  mse   38.372  L0   2179.5  EV  0.915  dead     0
WARNING step 1900: L0=2199.0 > d_model=768 -- reconstruction can be near-perfect from spanning coverage alone here; EV=0.929 is not evidence of a sparse decomposition yet.
step   1900  mse   31.865  L0   2199.0  EV  0.929  dead     0
WARNING step 2000: L0=2198.5 > d_model=768 -- reconstruction can be near-perfect from spanning coverage alone here; EV=0.931 is not evidence of a sparse decomposition yet.
step   2000  mse   31.049  L0   2198.5  EV  0.931  dead     0
WARNING step 2100: L0=2285.9 > d_model=768 -- reconstruction can be near-perfect from spanning coverage alone here; EV=0.935 is not evidence of a sparse decomposition yet.
step   2100  mse   29.384  L0   2285.9  EV  0.935  dead     0
WARNING step 2200: L0=2206.5 > d_model=768 -- reconstruction can be near-perfect from spanning coverage alone here; EV=0.938 is not evidence of a sparse decomposition yet.
step   2200  mse   27.628  L0   2206.5  EV  0.938  dead     0
WARNING step 2300: L0=2203.6 > d_model=768 -- reconstruction can be near-perfect from spanning coverage alone here; EV=0.939 is not evidence of a sparse decomposition yet.
step   2300  mse   27.308  L0   2203.6  EV  0.939  dead     0
WARNING step 2400: L0=2220.9 > d_model=768 -- reconstruction can be near-perfect from spanning coverage alone here; EV=0.944 is not evidence of a sparse decomposition yet.
step   2400  mse   25.019  L0   2220.9  EV  0.944  dead     0
WARNING step 2500: L0=2186.8 > d_model=768 -- reconstruction can be near-perfect from spanning coverage alone here; EV=0.950 is not evidence of a sparse decomposition yet.
step   2500  mse   22.228  L0   2186.8  EV  0.950  dead     0
WARNING step 2600: L0=2090.3 > d_model=768 -- reconstruction can be near-perfect from spanning coverage alone here; EV=0.960 is not evidence of a sparse decomposition yet.
step   2600  mse   18.155  L0   2090.3  EV  0.960  dead     0
WARNING step 2700: L0=2158.5 > d_model=768 -- reconstruction can be near-perfect from spanning coverage alone here; EV=0.958 is not evidence of a sparse decomposition yet.
step   2700  mse   18.936  L0   2158.5  EV  0.958  dead     0
WARNING step 2800: L0=2184.5 > d_model=768 -- reconstruction can be near-perfect from spanning coverage alone here; EV=0.964 is not evidence of a sparse decomposition yet.
step   2800  mse   16.023  L0   2184.5  EV  0.964  dead     0
WARNING step 2900: L0=2118.3 > d_model=768 -- reconstruction can be near-perfect from spanning coverage alone here; EV=0.969 is not evidence of a sparse decomposition yet.
step   2900  mse   13.781  L0   2118.3  EV  0.969  dead     0
WARNING step 3000: L0=2088.4 > d_model=768 -- reconstruction can be near-perfect from spanning coverage alone here; EV=0.970 is not evidence of a sparse decomposition yet.
step   3000  mse   13.294  L0   2088.4  EV  0.970  dead     0
WARNING step 3100: L0=2023.0 > d_model=768 -- reconstruction can be near-perfect from spanning coverage alone here; EV=0.971 is not evidence of a sparse decomposition yet.
step   3100  mse   12.798  L0   2023.0  EV  0.971  dead     0
WARNING step 3200: L0=2038.6 > d_model=768 -- reconstruction can be near-perfect from spanning coverage alone here; EV=0.975 is not evidence of a sparse decomposition yet.
step   3200  mse   11.213  L0   2038.6  EV  0.975  dead     0
WARNING step 3300: L0=2057.1 > d_model=768 -- reconstruction can be near-perfect from spanning coverage alone here; EV=0.978 is not evidence of a sparse decomposition yet.
step   3300  mse    9.988  L0   2057.1  EV  0.978  dead     0
WARNING step 3400: L0=2086.7 > d_model=768 -- reconstruction can be near-perfect from spanning coverage alone here; EV=0.980 is not evidence of a sparse decomposition yet.
step   3400  mse    8.872  L0   2086.7  EV  0.980  dead     0
WARNING step 3500: L0=2064.3 > d_model=768 -- reconstruction can be near-perfect from spanning coverage alone here; EV=0.980 is not evidence of a sparse decomposition yet.
step   3500  mse    8.862  L0   2064.3  EV  0.980  dead     0
WARNING step 3600: L0=2028.9 > d_model=768 -- reconstruction can be near-perfect from spanning coverage alone here; EV=0.983 is not evidence of a sparse decomposition yet.
step   3600  mse    7.377  L0   2028.9  EV  0.983  dead     0
WARNING step 3700: L0=1926.4 > d_model=768 -- reconstruction can be near-perfect from spanning coverage alone here; EV=0.986 is not evidence of a sparse decomposition yet.
step   3700  mse    6.212  L0   1926.4  EV  0.986  dead     0
WARNING step 3800: L0=2002.2 > d_model=768 -- reconstruction can be near-perfect from spanning coverage alone here; EV=0.986 is not evidence of a sparse decomposition yet.
step   3800  mse    6.101  L0   2002.2  EV  0.986  dead     0
WARNING step 3900: L0=2000.3 > d_model=768 -- reconstruction can be near-perfect from spanning coverage alone here; EV=0.988 is not evidence of a sparse decomposition yet.
step   3900  mse    5.252  L0   2000.3  EV  0.988  dead     0
WARNING step 4000: L0=1926.0 > d_model=768 -- reconstruction can be near-perfect from spanning coverage alone here; EV=0.990 is not evidence of a sparse decomposition yet.
step   4000  mse    4.703  L0   1926.0  EV  0.990  dead     0
WARNING step 4100: L0=1861.9 > d_model=768 -- reconstruction can be near-perfect from spanning coverage alone here; EV=0.991 is not evidence of a sparse decomposition yet.
step   4100  mse    3.967  L0   1861.9  EV  0.991  dead     0
WARNING step 4200: L0=1894.7 > d_model=768 -- reconstruction can be near-perfect from spanning coverage alone here; EV=0.992 is not evidence of a sparse decomposition yet.
step   4200  mse    3.638  L0   1894.7  EV  0.992  dead     0
WARNING step 4300: L0=1809.8 > d_model=768 -- reconstruction can be near-perfect from spanning coverage alone here; EV=0.993 is not evidence of a sparse decomposition yet.
step   4300  mse    3.031  L0   1809.8  EV  0.993  dead     0
WARNING step 4400: L0=1847.9 > d_model=768 -- reconstruction can be near-perfect from spanning coverage alone here; EV=0.994 is not evidence of a sparse decomposition yet.
step   4400  mse    2.699  L0   1847.9  EV  0.994  dead     0
WARNING step 4500: L0=1727.8 > d_model=768 -- reconstruction can be near-perfect from spanning coverage alone here; EV=0.995 is not evidence of a sparse decomposition yet.
step   4500  mse    2.238  L0   1727.8  EV  0.995  dead     0
WARNING step 4600: L0=1739.2 > d_model=768 -- reconstruction can be near-perfect from spanning coverage alone here; EV=0.995 is not evidence of a sparse decomposition yet.
step   4600  mse    2.202  L0   1739.2  EV  0.995  dead     0
WARNING step 4700: L0=1657.9 > d_model=768 -- reconstruction can be near-perfect from spanning coverage alone here; EV=0.996 is not evidence of a sparse decomposition yet.
step   4700  mse    1.957  L0   1657.9  EV  0.996  dead     0
WARNING step 4800: L0=1638.4 > d_model=768 -- reconstruction can be near-perfect from spanning coverage alone here; EV=0.996 is not evidence of a sparse decomposition yet.
step   4800  mse    1.637  L0   1638.4  EV  0.996  dead     0
WARNING step 4900: L0=1603.3 > d_model=768 -- reconstruction can be near-perfect from spanning coverage alone here; EV=0.997 is not evidence of a sparse decomposition yet.
step   4900  mse    1.523  L0   1603.3  EV  0.997  dead     0
WARNING step 5000: L0=1536.1 > d_model=768 -- reconstruction can be near-perfect from spanning coverage alone here; EV=0.997 is not evidence of a sparse decomposition yet.
step   5000  mse    1.309  L0   1536.1  EV  0.997  dead     0
WARNING step 5100: L0=1483.5 > d_model=768 -- reconstruction can be near-perfect from spanning coverage alone here; EV=0.997 is not evidence of a sparse decomposition yet.
step   5100  mse    1.353  L0   1483.5  EV  0.997  dead     0
WARNING step 5200: L0=1479.3 > d_model=768 -- reconstruction can be near-perfect from spanning coverage alone here; EV=0.997 is not evidence of a sparse decomposition yet.
step   5200  mse    1.254  L0   1479.3  EV  0.997  dead     0
WARNING step 5300: L0=1437.9 > d_model=768 -- reconstruction can be near-perfect from spanning coverage alone here; EV=0.998 is not evidence of a sparse decomposition yet.
step   5300  mse    1.038  L0   1437.9  EV  0.998  dead     0
WARNING step 5400: L0=1410.3 > d_model=768 -- reconstruction can be near-perfect from spanning coverage alone here; EV=0.998 is not evidence of a sparse decomposition yet.
step   5400  mse    1.111  L0   1410.3  EV  0.998  dead     0
WARNING step 5500: L0=1414.5 > d_model=768 -- reconstruction can be near-perfect from spanning coverage alone here; EV=0.998 is not evidence of a sparse decomposition yet.
step   5500  mse    0.941  L0   1414.5  EV  0.998  dead     0
WARNING step 5600: L0=1377.1 > d_model=768 -- reconstruction can be near-perfect from spanning coverage alone here; EV=0.997 is not evidence of a sparse decomposition yet.
step   5600  mse    1.316  L0   1377.1  EV  0.997  dead     0
WARNING step 5700: L0=1376.1 > d_model=768 -- reconstruction can be near-perfect from spanning coverage alone here; EV=0.998 is not evidence of a sparse decomposition yet.
step   5700  mse    0.902  L0   1376.1  EV  0.998  dead     0
WARNING step 5800: L0=1346.3 > d_model=768 -- reconstruction can be near-perfect from spanning coverage alone here; EV=0.998 is not evidence of a sparse decomposition yet.
step   5800  mse    0.860  L0   1346.3  EV  0.998  dead     0
WARNING step 5900: L0=1365.8 > d_model=768 -- reconstruction can be near-perfect from spanning coverage alone here; EV=0.998 is not evidence of a sparse decomposition yet.
step   5900  mse    0.957  L0   1365.8  EV  0.998  dead     0
WARNING step 6000: L0=1323.2 > d_model=768 -- reconstruction can be near-perfect from spanning coverage alone here; EV=0.998 is not evidence of a sparse decomposition yet.
step   6000  mse    0.783  L0   1323.2  EV  0.998  dead     0
WARNING step 6100: L0=1329.0 > d_model=768 -- reconstruction can be near-perfect from spanning coverage alone here; EV=0.998 is not evidence of a sparse decomposition yet.
step   6100  mse    0.922  L0   1329.0  EV  0.998  dead     0
WARNING step 6200: L0=1337.0 > d_model=768 -- reconstruction can be near-perfect from spanning coverage alone here; EV=0.998 is not evidence of a sparse decomposition yet.
step   6200  mse    0.769  L0   1337.0  EV  0.998  dead     0
WARNING step 6300: L0=1314.9 > d_model=768 -- reconstruction can be near-perfect from spanning coverage alone here; EV=0.998 is not evidence of a sparse decomposition yet.
step   6300  mse    0.719  L0   1314.9  EV  0.998  dead     0
WARNING step 6400: L0=1306.3 > d_model=768 -- reconstruction can be near-perfect from spanning coverage alone here; EV=0.998 is not evidence of a sparse decomposition yet.
step   6400  mse    0.887  L0   1306.3  EV  0.998  dead     0
WARNING step 6500: L0=1298.0 > d_model=768 -- reconstruction can be near-perfect from spanning coverage alone here; EV=0.998 is not evidence of a sparse decomposition yet.
step   6500  mse    0.784  L0   1298.0  EV  0.998  dead     0
WARNING step 6600: L0=1322.1 > d_model=768 -- reconstruction can be near-perfect from spanning coverage alone here; EV=0.999 is not evidence of a sparse decomposition yet.
step   6600  mse    0.639  L0   1322.1  EV  0.999  dead     0
WARNING step 6700: L0=1289.4 > d_model=768 -- reconstruction can be near-perfect from spanning coverage alone here; EV=0.998 is not evidence of a sparse decomposition yet.
step   6700  mse    0.700  L0   1289.4  EV  0.998  dead     0
WARNING step 6800: L0=1305.8 > d_model=768 -- reconstruction can be near-perfect from spanning coverage alone here; EV=0.999 is not evidence of a sparse decomposition yet.
step   6800  mse    0.653  L0   1305.8  EV  0.999  dead     0
WARNING step 6900: L0=1289.1 > d_model=768 -- reconstruction can be near-perfect from spanning coverage alone here; EV=0.999 is not evidence of a sparse decomposition yet.
step   6900  mse    0.629  L0   1289.1  EV  0.999  dead     0
WARNING step 7000: L0=1295.2 > d_model=768 -- reconstruction can be near-perfect from spanning coverage alone here; EV=0.998 is not evidence of a sparse decomposition yet.
step   7000  mse    0.712  L0   1295.2  EV  0.998  dead     0
WARNING step 7100: L0=1291.1 > d_model=768 -- reconstruction can be near-perfect from spanning coverage alone here; EV=0.998 is not evidence of a sparse decomposition yet.
step   7100  mse    0.726  L0   1291.1  EV  0.998  dead     0
WARNING step 7200: L0=1297.7 > d_model=768 -- reconstruction can be near-perfect from spanning coverage alone here; EV=0.999 is not evidence of a sparse decomposition yet.
step   7200  mse    0.611  L0   1297.7  EV  0.999  dead     0
WARNING step 7300: L0=1294.7 > d_model=768 -- reconstruction can be near-perfect from spanning coverage alone here; EV=0.999 is not evidence of a sparse decomposition yet.
step   7300  mse    0.576  L0   1294.7  EV  0.999  dead     0
WARNING step 7400: L0=1265.7 > d_model=768 -- reconstruction can be near-perfect from spanning coverage alone here; EV=0.998 is not evidence of a sparse decomposition yet.
step   7400  mse    0.741  L0   1265.7  EV  0.998  dead     0
WARNING step 7500: L0=1280.3 > d_model=768 -- reconstruction can be near-perfect from spanning coverage alone here; EV=0.998 is not evidence of a sparse decomposition yet.
step   7500  mse    0.695  L0   1280.3  EV  0.998  dead     0
WARNING step 7600: L0=1267.8 > d_model=768 -- reconstruction can be near-perfect from spanning coverage alone here; EV=0.999 is not evidence of a sparse decomposition yet.
step   7600  mse    0.605  L0   1267.8  EV  0.999  dead     0
WARNING step 7700: L0=1287.0 > d_model=768 -- reconstruction can be near-perfect from spanning coverage alone here; EV=0.999 is not evidence of a sparse decomposition yet.
step   7700  mse    0.513  L0   1287.0  EV  0.999  dead     0
WARNING step 7800: L0=1270.9 > d_model=768 -- reconstruction can be near-perfect from spanning coverage alone here; EV=0.999 is not evidence of a sparse decomposition yet.
step   7800  mse    0.519  L0   1270.9  EV  0.999  dead     0
WARNING step 7900: L0=1247.2 > d_model=768 -- reconstruction can be near-perfect from spanning coverage alone here; EV=0.999 is not evidence of a sparse decomposition yet.
step   7900  mse    0.552  L0   1247.2  EV  0.999  dead     0
WARNING step 8000: L0=1278.4 > d_model=768 -- reconstruction can be near-perfect from spanning coverage alone here; EV=0.999 is not evidence of a sparse decomposition yet.
step   8000  mse    0.569  L0   1278.4  EV  0.999  dead     0
WARNING step 8100: L0=1274.3 > d_model=768 -- reconstruction can be near-perfect from spanning coverage alone here; EV=0.999 is not evidence of a sparse decomposition yet.
step   8100  mse    0.487  L0   1274.3  EV  0.999  dead     0
WARNING step 8200: L0=1263.2 > d_model=768 -- reconstruction can be near-perfect from spanning coverage alone here; EV=0.999 is not evidence of a sparse decomposition yet.
step   8200  mse    0.561  L0   1263.2  EV  0.999  dead     0
WARNING step 8300: L0=1266.0 > d_model=768 -- reconstruction can be near-perfect from spanning coverage alone here; EV=0.999 is not evidence of a sparse decomposition yet.
step   8300  mse    0.574  L0   1266.0  EV  0.999  dead     0
WARNING step 8400: L0=1244.5 > d_model=768 -- reconstruction can be near-perfect from spanning coverage alone here; EV=0.999 is not evidence of a sparse decomposition yet.
step   8400  mse    0.553  L0   1244.5  EV  0.999  dead     0
WARNING step 8500: L0=1251.4 > d_model=768 -- reconstruction can be near-perfect from spanning coverage alone here; EV=0.999 is not evidence of a sparse decomposition yet.
step   8500  mse    0.460  L0   1251.4  EV  0.999  dead     0
WARNING step 8600: L0=1251.6 > d_model=768 -- reconstruction can be near-perfect from spanning coverage alone here; EV=0.999 is not evidence of a sparse decomposition yet.
step   8600  mse    0.609  L0   1251.6  EV  0.999  dead     0
WARNING step 8700: L0=1247.0 > d_model=768 -- reconstruction can be near-perfect from spanning coverage alone here; EV=0.999 is not evidence of a sparse decomposition yet.
step   8700  mse    0.451  L0   1247.0  EV  0.999  dead     0
WARNING step 8800: L0=1234.7 > d_model=768 -- reconstruction can be near-perfect from spanning coverage alone here; EV=0.999 is not evidence of a sparse decomposition yet.
step   8800  mse    0.455  L0   1234.7  EV  0.999  dead     0
WARNING step 8900: L0=1249.5 > d_model=768 -- reconstruction can be near-perfect from spanning coverage alone here; EV=0.999 is not evidence of a sparse decomposition yet.
step   8900  mse    0.492  L0   1249.5  EV  0.999  dead     0
WARNING step 9000: L0=1246.3 > d_model=768 -- reconstruction can be near-perfect from spanning coverage alone here; EV=0.999 is not evidence of a sparse decomposition yet.
step   9000  mse    0.562  L0   1246.3  EV  0.999  dead     0
WARNING step 9100: L0=1239.7 > d_model=768 -- reconstruction can be near-perfect from spanning coverage alone here; EV=0.999 is not evidence of a sparse decomposition yet.
step   9100  mse    0.422  L0   1239.7  EV  0.999  dead     0
WARNING step 9200: L0=1250.9 > d_model=768 -- reconstruction can be near-perfect from spanning coverage alone here; EV=0.999 is not evidence of a sparse decomposition yet.
step   9200  mse    0.567  L0   1250.9  EV  0.999  dead     0
WARNING step 9300: L0=1255.8 > d_model=768 -- reconstruction can be near-perfect from spanning coverage alone here; EV=0.999 is not evidence of a sparse decomposition yet.
step   9300  mse    0.424  L0   1255.8  EV  0.999  dead     0
WARNING step 9400: L0=1247.7 > d_model=768 -- reconstruction can be near-perfect from spanning coverage alone here; EV=0.999 is not evidence of a sparse decomposition yet.
step   9400  mse    0.452  L0   1247.7  EV  0.999  dead     0
WARNING step 9500: L0=1252.0 > d_model=768 -- reconstruction can be near-perfect from spanning coverage alone here; EV=0.999 is not evidence of a sparse decomposition yet.
step   9500  mse    0.459  L0   1252.0  EV  0.999  dead     0
WARNING step 9600: L0=1252.8 > d_model=768 -- reconstruction can be near-perfect from spanning coverage alone here; EV=0.999 is not evidence of a sparse decomposition yet.
step   9600  mse    0.528  L0   1252.8  EV  0.999  dead     0
WARNING step 9700: L0=1242.7 > d_model=768 -- reconstruction can be near-perfect from spanning coverage alone here; EV=0.999 is not evidence of a sparse decomposition yet.
step   9700  mse    0.400  L0   1242.7  EV  0.999  dead     0
WARNING step 9800: L0=1241.9 > d_model=768 -- reconstruction can be near-perfect from spanning coverage alone here; EV=0.999 is not evidence of a sparse decomposition yet.
step   9800  mse    0.457  L0   1241.9  EV  0.999  dead     0
WARNING step 9900: L0=1246.2 > d_model=768 -- reconstruction can be near-perfect from spanning coverage alone here; EV=0.999 is not evidence of a sparse decomposition yet.
step   9900  mse    0.483  L0   1246.2  EV  0.999  dead     0
WARNING step 10000: L0=1227.3 > d_model=768 -- reconstruction can be near-perfect from spanning coverage alone here; EV=0.999 is not evidence of a sparse decomposition yet.
step  10000  mse    0.418  L0   1227.3  EV  0.999  dead     0
WARNING step 10100: L0=1250.1 > d_model=768 -- reconstruction can be near-perfect from spanning coverage alone here; EV=0.999 is not evidence of a sparse decomposition yet.
step  10100  mse    0.391  L0   1250.1  EV  0.999  dead     0
WARNING step 10200: L0=1231.9 > d_model=768 -- reconstruction can be near-perfect from spanning coverage alone here; EV=0.999 is not evidence of a sparse decomposition yet.
step  10200  mse    0.548  L0   1231.9  EV  0.999  dead     0
WARNING step 10300: L0=1244.5 > d_model=768 -- reconstruction can be near-perfect from spanning coverage alone here; EV=0.999 is not evidence of a sparse decomposition yet.
step  10300  mse    0.493  L0   1244.5  EV  0.999  dead     0
WARNING step 10400: L0=1249.7 > d_model=768 -- reconstruction can be near-perfect from spanning coverage alone here; EV=0.999 is not evidence of a sparse decomposition yet.
step  10400  mse    0.479  L0   1249.7  EV  0.999  dead     0
WARNING step 10500: L0=1243.9 > d_model=768 -- reconstruction can be near-perfect from spanning coverage alone here; EV=0.999 is not evidence of a sparse decomposition yet.
step  10500  mse    0.418  L0   1243.9  EV  0.999  dead     0
WARNING step 10600: L0=1234.8 > d_model=768 -- reconstruction can be near-perfect from spanning coverage alone here; EV=0.999 is not evidence of a sparse decomposition yet.
step  10600  mse    0.445  L0   1234.8  EV  0.999  dead     0
WARNING step 10700: L0=1228.1 > d_model=768 -- reconstruction can be near-perfect from spanning coverage alone here; EV=0.999 is not evidence of a sparse decomposition yet.
step  10700  mse    0.438  L0   1228.1  EV  0.999  dead     0
WARNING step 10800: L0=1228.2 > d_model=768 -- reconstruction can be near-perfect from spanning coverage alone here; EV=0.999 is not evidence of a sparse decomposition yet.
step  10800  mse    0.431  L0   1228.2  EV  0.999  dead     0
WARNING step 10900: L0=1236.5 > d_model=768 -- reconstruction can be near-perfect from spanning coverage alone here; EV=0.999 is not evidence of a sparse decomposition yet.
step  10900  mse    0.563  L0   1236.5  EV  0.999  dead     0
WARNING step 11000: L0=1234.4 > d_model=768 -- reconstruction can be near-perfect from spanning coverage alone here; EV=0.999 is not evidence of a sparse decomposition yet.
step  11000  mse    0.443  L0   1234.4  EV  0.999  dead     0
WARNING step 11100: L0=1237.4 > d_model=768 -- reconstruction can be near-perfect from spanning coverage alone here; EV=0.999 is not evidence of a sparse decomposition yet.
step  11100  mse    0.378  L0   1237.4  EV  0.999  dead     0
WARNING step 11200: L0=1238.2 > d_model=768 -- reconstruction can be near-perfect from spanning coverage alone here; EV=0.999 is not evidence of a sparse decomposition yet.
step  11200  mse    0.426  L0   1238.2  EV  0.999  dead     0
WARNING step 11300: L0=1236.4 > d_model=768 -- reconstruction can be near-perfect from spanning coverage alone here; EV=0.999 is not evidence of a sparse decomposition yet.
step  11300  mse    0.378  L0   1236.4  EV  0.999  dead     0
WARNING step 11400: L0=1231.4 > d_model=768 -- reconstruction can be near-perfect from spanning coverage alone here; EV=0.999 is not evidence of a sparse decomposition yet.
step  11400  mse    0.377  L0   1231.4  EV  0.999  dead     0
WARNING step 11500: L0=1243.2 > d_model=768 -- reconstruction can be near-perfect from spanning coverage alone here; EV=0.999 is not evidence of a sparse decomposition yet.
step  11500  mse    0.363  L0   1243.2  EV  0.999  dead     0
WARNING step 11600: L0=1243.4 > d_model=768 -- reconstruction can be near-perfect from spanning coverage alone here; EV=0.999 is not evidence of a sparse decomposition yet.
step  11600  mse    0.385  L0   1243.4  EV  0.999  dead     0
WARNING step 11700: L0=1235.0 > d_model=768 -- reconstruction can be near-perfect from spanning coverage alone here; EV=0.999 is not evidence of a sparse decomposition yet.
step  11700  mse    0.481  L0   1235.0  EV  0.999  dead     0
WARNING step 11800: L0=1215.9 > d_model=768 -- reconstruction can be near-perfect from spanning coverage alone here; EV=0.999 is not evidence of a sparse decomposition yet.
step  11800  mse    0.436  L0   1215.9  EV  0.999  dead     0
WARNING step 11900: L0=1222.5 > d_model=768 -- reconstruction can be near-perfect from spanning coverage alone here; EV=0.999 is not evidence of a sparse decomposition yet.
step  11900  mse    0.365  L0   1222.5  EV  0.999  dead     0
WARNING step 12000: L0=1226.3 > d_model=768 -- reconstruction can be near-perfect from spanning coverage alone here; EV=0.999 is not evidence of a sparse decomposition yet.
step  12000  mse    0.538  L0   1226.3  EV  0.999  dead     0
WARNING step 12100: L0=1223.4 > d_model=768 -- reconstruction can be near-perfect from spanning coverage alone here; EV=0.999 is not evidence of a sparse decomposition yet.
step  12100  mse    0.394  L0   1223.4  EV  0.999  dead     0
WARNING step 12200: L0=1232.7 > d_model=768 -- reconstruction can be near-perfect from spanning coverage alone here; EV=0.999 is not evidence of a sparse decomposition yet.
step  12200  mse    0.357  L0   1232.7  EV  0.999  dead     0
WARNING step 12300: L0=1229.6 > d_model=768 -- reconstruction can be near-perfect from spanning coverage alone here; EV=0.999 is not evidence of a sparse decomposition yet.
step  12300  mse    0.349  L0   1229.6  EV  0.999  dead     1
WARNING step 12400: L0=1233.3 > d_model=768 -- reconstruction can be near-perfect from spanning coverage alone here; EV=0.999 is not evidence of a sparse decomposition yet.
step  12400  mse    0.357  L0   1233.3  EV  0.999  dead     4
WARNING step 12500: L0=1231.4 > d_model=768 -- reconstruction can be near-perfect from spanning coverage alone here; EV=0.999 is not evidence of a sparse decomposition yet.
step  12500  mse    0.375  L0   1231.4  EV  0.999  dead     3
WARNING step 12600: L0=1235.6 > d_model=768 -- reconstruction can be near-perfect from spanning coverage alone here; EV=0.999 is not evidence of a sparse decomposition yet.
step  12600  mse    0.422  L0   1235.6  EV  0.999  dead     4
WARNING step 12700: L0=1219.5 > d_model=768 -- reconstruction can be near-perfect from spanning coverage alone here; EV=0.999 is not evidence of a sparse decomposition yet.
step  12700  mse    0.377  L0   1219.5  EV  0.999  dead     3
WARNING step 12800: L0=1246.7 > d_model=768 -- reconstruction can be near-perfect from spanning coverage alone here; EV=0.999 is not evidence of a sparse decomposition yet.
step  12800  mse    0.377  L0   1246.7  EV  0.999  dead     5
WARNING step 12900: L0=1207.0 > d_model=768 -- reconstruction can be near-perfect from spanning coverage alone here; EV=0.999 is not evidence of a sparse decomposition yet.
step  12900  mse    0.376  L0   1207.0  EV  0.999  dead     5
WARNING step 13000: L0=1213.7 > d_model=768 -- reconstruction can be near-perfect from spanning coverage alone here; EV=0.999 is not evidence of a sparse decomposition yet.
step  13000  mse    0.388  L0   1213.7  EV  0.999  dead     6
WARNING step 13100: L0=1205.2 > d_model=768 -- reconstruction can be near-perfect from spanning coverage alone here; EV=0.999 is not evidence of a sparse decomposition yet.
step  13100  mse    0.367  L0   1205.2  EV  0.999  dead     8
WARNING step 13200: L0=1218.4 > d_model=768 -- reconstruction can be near-perfect from spanning coverage alone here; EV=0.999 is not evidence of a sparse decomposition yet.
step  13200  mse    0.370  L0   1218.4  EV  0.999  dead     9
WARNING step 13300: L0=1227.7 > d_model=768 -- reconstruction can be near-perfect from spanning coverage alone here; EV=0.999 is not evidence of a sparse decomposition yet.
step  13300  mse    0.352  L0   1227.7  EV  0.999  dead    14
WARNING step 13400: L0=1225.4 > d_model=768 -- reconstruction can be near-perfect from spanning coverage alone here; EV=0.999 is not evidence of a sparse decomposition yet.
step  13400  mse    0.344  L0   1225.4  EV  0.999  dead    18
WARNING step 13500: L0=1222.5 > d_model=768 -- reconstruction can be near-perfect from spanning coverage alone here; EV=0.999 is not evidence of a sparse decomposition yet.
step  13500  mse    0.410  L0   1222.5  EV  0.999  dead    18
WARNING step 13600: L0=1230.1 > d_model=768 -- reconstruction can be near-perfect from spanning coverage alone here; EV=0.999 is not evidence of a sparse decomposition yet.
step  13600  mse    0.556  L0   1230.1  EV  0.999  dead    26
WARNING step 13700: L0=1231.8 > d_model=768 -- reconstruction can be near-perfect from spanning coverage alone here; EV=0.999 is not evidence of a sparse decomposition yet.
step  13700  mse    0.396  L0   1231.8  EV  0.999  dead    33
WARNING step 13800: L0=1229.2 > d_model=768 -- reconstruction can be near-perfect from spanning coverage alone here; EV=0.999 is not evidence of a sparse decomposition yet.
step  13800  mse    0.400  L0   1229.2  EV  0.999  dead    40
WARNING step 13900: L0=1223.3 > d_model=768 -- reconstruction can be near-perfect from spanning coverage alone here; EV=0.999 is not evidence of a sparse decomposition yet.
step  13900  mse    0.349  L0   1223.3  EV  0.999  dead    55
WARNING step 14000: L0=1220.8 > d_model=768 -- reconstruction can be near-perfect from spanning coverage alone here; EV=0.999 is not evidence of a sparse decomposition yet.
step  14000  mse    0.361  L0   1220.8  EV  0.999  dead    65
WARNING step 14100: L0=1227.1 > d_model=768 -- reconstruction can be near-perfect from spanning coverage alone here; EV=0.999 is not evidence of a sparse decomposition yet.
step  14100  mse    0.436  L0   1227.1  EV  0.999  dead    69
WARNING step 14200: L0=1221.2 > d_model=768 -- reconstruction can be near-perfect from spanning coverage alone here; EV=0.999 is not evidence of a sparse decomposition yet.
step  14200  mse    0.342  L0   1221.2  EV  0.999  dead    89
WARNING step 14300: L0=1225.3 > d_model=768 -- reconstruction can be near-perfect from spanning coverage alone here; EV=0.999 is not evidence of a sparse decomposition yet.
step  14300  mse    0.355  L0   1225.3  EV  0.999  dead   109
WARNING step 14400: L0=1227.1 > d_model=768 -- reconstruction can be near-perfect from spanning coverage alone here; EV=0.999 is not evidence of a sparse decomposition yet.
step  14400  mse    0.353  L0   1227.1  EV  0.999  dead   126
WARNING step 14500: L0=1222.9 > d_model=768 -- reconstruction can be near-perfect from spanning coverage alone here; EV=0.999 is not evidence of a sparse decomposition yet.
step  14500  mse    0.342  L0   1222.9  EV  0.999  dead   138
WARNING step 14600: L0=1212.7 > d_model=768 -- reconstruction can be near-perfect from spanning coverage alone here; EV=0.999 is not evidence of a sparse decomposition yet.
step  14600  mse    0.405  L0   1212.7  EV  0.999  dead   163
WARNING step 14700: L0=1213.8 > d_model=768 -- reconstruction can be near-perfect from spanning coverage alone here; EV=0.999 is not evidence of a sparse decomposition yet.
step  14700  mse    0.491  L0   1213.8  EV  0.999  dead   185
WARNING step 14800: L0=1207.8 > d_model=768 -- reconstruction can be near-perfect from spanning coverage alone here; EV=0.999 is not evidence of a sparse decomposition yet.
step  14800  mse    0.349  L0   1207.8  EV  0.999  dead   203
WARNING step 14900: L0=1219.1 > d_model=768 -- reconstruction can be near-perfect from spanning coverage alone here; EV=0.999 is not evidence of a sparse decomposition yet.
step  14900  mse    0.356  L0   1219.1  EV  0.999  dead   234
WARNING step 14999: L0=1234.4 > d_model=768 -- reconstruction can be near-perfect from spanning coverage alone here; EV=0.999 is not evidence of a sparse decomposition yet.
step  14999  mse    0.491  L0   1234.4  EV  0.999  dead   246

saved -> C:\Projects\sae-feature-reproducibility\checkpoints\full\sweep_l1_0.002  (1428s)
--> L0=1221.1  EV=0.9991  dead=246  (23.9 min)

=== sweep 2/6  l1_coeff=0.005024  run=sweep_l1_0.005024 ===
run=sweep_l1_0.005024  device=cuda
seed=0  data_seed=0  (pinned)
rows=12,700,000  d_sae=12288  steps=15,000  epochs=4.8
l1_coeff=0.00502377  norm_scale=0.268445 (from manifest)
decoder grad projection: ON
WARNING step 0: L0=6142.2 > d_model=768 -- reconstruction can be near-perfect from spanning coverage alone here; EV=-56.059 is not evidence of a sparse decomposition yet.
step      0  mse 25519.936  L0   6142.2  EV -56.059  dead     0
throughput (first 100 steps): 103,383 samples/s -> ~9.9 min projected
WARNING step 100: L0=2982.4 > d_model=768 -- reconstruction can be near-perfect from spanning coverage alone here; EV=-1.735 is not evidence of a sparse decomposition yet.
step    100  mse 1226.554  L0   2982.4  EV -1.735  dead     0
WARNING step 200: L0=2318.6 > d_model=768 -- reconstruction can be near-perfect from spanning coverage alone here; EV=-0.184 is not evidence of a sparse decomposition yet.
step    200  mse  528.400  L0   2318.6  EV -0.184  dead     0
WARNING step 300: L0=2186.7 > d_model=768 -- reconstruction can be near-perfect from spanning coverage alone here; EV=0.135 is not evidence of a sparse decomposition yet.
step    300  mse  388.155  L0   2186.7  EV  0.135  dead     0
WARNING step 400: L0=2037.8 > d_model=768 -- reconstruction can be near-perfect from spanning coverage alone here; EV=0.386 is not evidence of a sparse decomposition yet.
step    400  mse  275.920  L0   2037.8  EV  0.386  dead     0
WARNING step 500: L0=2175.4 > d_model=768 -- reconstruction can be near-perfect from spanning coverage alone here; EV=0.436 is not evidence of a sparse decomposition yet.
step    500  mse  251.537  L0   2175.4  EV  0.436  dead     0
WARNING step 600: L0=2150.4 > d_model=768 -- reconstruction can be near-perfect from spanning coverage alone here; EV=0.550 is not evidence of a sparse decomposition yet.
step    600  mse  202.120  L0   2150.4  EV  0.550  dead     0
WARNING step 700: L0=2172.4 > d_model=768 -- reconstruction can be near-perfect from spanning coverage alone here; EV=0.602 is not evidence of a sparse decomposition yet.
step    700  mse  178.431  L0   2172.4  EV  0.602  dead     0
WARNING step 800: L0=2146.9 > d_model=768 -- reconstruction can be near-perfect from spanning coverage alone here; EV=0.692 is not evidence of a sparse decomposition yet.
step    800  mse  137.665  L0   2146.9  EV  0.692  dead     0
WARNING step 900: L0=2170.1 > d_model=768 -- reconstruction can be near-perfect from spanning coverage alone here; EV=0.739 is not evidence of a sparse decomposition yet.
step    900  mse  115.927  L0   2170.1  EV  0.739  dead     0
WARNING step 1000: L0=2018.5 > d_model=768 -- reconstruction can be near-perfect from spanning coverage alone here; EV=0.785 is not evidence of a sparse decomposition yet.
step   1000  mse   96.084  L0   2018.5  EV  0.785  dead     0
WARNING step 1100: L0=2304.6 > d_model=768 -- reconstruction can be near-perfect from spanning coverage alone here; EV=0.802 is not evidence of a sparse decomposition yet.
step   1100  mse   88.737  L0   2304.6  EV  0.802  dead     0
WARNING step 1200: L0=2175.7 > d_model=768 -- reconstruction can be near-perfect from spanning coverage alone here; EV=0.833 is not evidence of a sparse decomposition yet.
step   1200  mse   74.591  L0   2175.7  EV  0.833  dead     0
WARNING step 1300: L0=2212.0 > d_model=768 -- reconstruction can be near-perfect from spanning coverage alone here; EV=0.851 is not evidence of a sparse decomposition yet.
step   1300  mse   67.213  L0   2212.0  EV  0.851  dead     0
WARNING step 1400: L0=2282.8 > d_model=768 -- reconstruction can be near-perfect from spanning coverage alone here; EV=0.857 is not evidence of a sparse decomposition yet.
step   1400  mse   63.900  L0   2282.8  EV  0.857  dead     0
WARNING step 1500: L0=2259.1 > d_model=768 -- reconstruction can be near-perfect from spanning coverage alone here; EV=0.878 is not evidence of a sparse decomposition yet.
step   1500  mse   54.813  L0   2259.1  EV  0.878  dead     0
WARNING step 1600: L0=2199.5 > d_model=768 -- reconstruction can be near-perfect from spanning coverage alone here; EV=0.901 is not evidence of a sparse decomposition yet.
step   1600  mse   44.323  L0   2199.5  EV  0.901  dead     0
WARNING step 1700: L0=2245.5 > d_model=768 -- reconstruction can be near-perfect from spanning coverage alone here; EV=0.912 is not evidence of a sparse decomposition yet.
step   1700  mse   39.366  L0   2245.5  EV  0.912  dead     0
WARNING step 1800: L0=2193.3 > d_model=768 -- reconstruction can be near-perfect from spanning coverage alone here; EV=0.922 is not evidence of a sparse decomposition yet.
step   1800  mse   35.294  L0   2193.3  EV  0.922  dead     0
WARNING step 1900: L0=2211.4 > d_model=768 -- reconstruction can be near-perfect from spanning coverage alone here; EV=0.935 is not evidence of a sparse decomposition yet.
step   1900  mse   29.076  L0   2211.4  EV  0.935  dead     0
WARNING step 2000: L0=2208.4 > d_model=768 -- reconstruction can be near-perfect from spanning coverage alone here; EV=0.940 is not evidence of a sparse decomposition yet.
step   2000  mse   26.743  L0   2208.4  EV  0.940  dead     0
WARNING step 2100: L0=2293.1 > d_model=768 -- reconstruction can be near-perfect from spanning coverage alone here; EV=0.942 is not evidence of a sparse decomposition yet.
step   2100  mse   26.181  L0   2293.1  EV  0.942  dead     0
WARNING step 2200: L0=2208.4 > d_model=768 -- reconstruction can be near-perfect from spanning coverage alone here; EV=0.947 is not evidence of a sparse decomposition yet.
step   2200  mse   23.613  L0   2208.4  EV  0.947  dead     0
WARNING step 2300: L0=2198.8 > d_model=768 -- reconstruction can be near-perfect from spanning coverage alone here; EV=0.951 is not evidence of a sparse decomposition yet.
step   2300  mse   21.973  L0   2198.8  EV  0.951  dead     0
WARNING step 2400: L0=2206.8 > d_model=768 -- reconstruction can be near-perfect from spanning coverage alone here; EV=0.957 is not evidence of a sparse decomposition yet.
step   2400  mse   19.152  L0   2206.8  EV  0.957  dead     0
WARNING step 2500: L0=2161.2 > d_model=768 -- reconstruction can be near-perfect from spanning coverage alone here; EV=0.963 is not evidence of a sparse decomposition yet.
step   2500  mse   16.343  L0   2161.2  EV  0.963  dead     0
WARNING step 2600: L0=2052.8 > d_model=768 -- reconstruction can be near-perfect from spanning coverage alone here; EV=0.971 is not evidence of a sparse decomposition yet.
step   2600  mse   13.167  L0   2052.8  EV  0.971  dead     0
WARNING step 2700: L0=2087.1 > d_model=768 -- reconstruction can be near-perfect from spanning coverage alone here; EV=0.973 is not evidence of a sparse decomposition yet.
step   2700  mse   12.242  L0   2087.1  EV  0.973  dead     0
WARNING step 2800: L0=2089.2 > d_model=768 -- reconstruction can be near-perfect from spanning coverage alone here; EV=0.977 is not evidence of a sparse decomposition yet.
step   2800  mse   10.198  L0   2089.2  EV  0.977  dead     0
WARNING step 2900: L0=1989.2 > d_model=768 -- reconstruction can be near-perfect from spanning coverage alone here; EV=0.983 is not evidence of a sparse decomposition yet.
step   2900  mse    7.857  L0   1989.2  EV  0.983  dead     0
WARNING step 3000: L0=1888.6 > d_model=768 -- reconstruction can be near-perfect from spanning coverage alone here; EV=0.985 is not evidence of a sparse decomposition yet.
step   3000  mse    6.702  L0   1888.6  EV  0.985  dead     0
WARNING step 3100: L0=1787.7 > d_model=768 -- reconstruction can be near-perfect from spanning coverage alone here; EV=0.988 is not evidence of a sparse decomposition yet.
step   3100  mse    5.508  L0   1787.7  EV  0.988  dead     0
WARNING step 3200: L0=1740.4 > d_model=768 -- reconstruction can be near-perfect from spanning coverage alone here; EV=0.990 is not evidence of a sparse decomposition yet.
step   3200  mse    4.427  L0   1740.4  EV  0.990  dead     0
WARNING step 3300: L0=1689.5 > d_model=768 -- reconstruction can be near-perfect from spanning coverage alone here; EV=0.992 is not evidence of a sparse decomposition yet.
step   3300  mse    3.624  L0   1689.5  EV  0.992  dead     0
WARNING step 3400: L0=1629.4 > d_model=768 -- reconstruction can be near-perfect from spanning coverage alone here; EV=0.993 is not evidence of a sparse decomposition yet.
step   3400  mse    3.104  L0   1629.4  EV  0.993  dead     0
WARNING step 3500: L0=1539.4 > d_model=768 -- reconstruction can be near-perfect from spanning coverage alone here; EV=0.993 is not evidence of a sparse decomposition yet.
step   3500  mse    2.918  L0   1539.4  EV  0.993  dead     0
WARNING step 3600: L0=1477.4 > d_model=768 -- reconstruction can be near-perfect from spanning coverage alone here; EV=0.995 is not evidence of a sparse decomposition yet.
step   3600  mse    2.432  L0   1477.4  EV  0.995  dead     0
WARNING step 3700: L0=1384.7 > d_model=768 -- reconstruction can be near-perfect from spanning coverage alone here; EV=0.995 is not evidence of a sparse decomposition yet.
step   3700  mse    2.158  L0   1384.7  EV  0.995  dead     0
WARNING step 3800: L0=1389.0 > d_model=768 -- reconstruction can be near-perfect from spanning coverage alone here; EV=0.995 is not evidence of a sparse decomposition yet.
step   3800  mse    2.100  L0   1389.0  EV  0.995  dead     0
WARNING step 3900: L0=1364.4 > d_model=768 -- reconstruction can be near-perfect from spanning coverage alone here; EV=0.996 is not evidence of a sparse decomposition yet.
step   3900  mse    1.999  L0   1364.4  EV  0.996  dead     0
WARNING step 4000: L0=1326.3 > d_model=768 -- reconstruction can be near-perfect from spanning coverage alone here; EV=0.996 is not evidence of a sparse decomposition yet.
step   4000  mse    1.922  L0   1326.3  EV  0.996  dead     0
WARNING step 4100: L0=1302.4 > d_model=768 -- reconstruction can be near-perfect from spanning coverage alone here; EV=0.996 is not evidence of a sparse decomposition yet.
step   4100  mse    1.789  L0   1302.4  EV  0.996  dead     0
WARNING step 4200: L0=1308.6 > d_model=768 -- reconstruction can be near-perfect from spanning coverage alone here; EV=0.996 is not evidence of a sparse decomposition yet.
step   4200  mse    1.749  L0   1308.6  EV  0.996  dead     0
WARNING step 4300: L0=1288.1 > d_model=768 -- reconstruction can be near-perfect from spanning coverage alone here; EV=0.996 is not evidence of a sparse decomposition yet.
step   4300  mse    1.591  L0   1288.1  EV  0.996  dead     0
WARNING step 4400: L0=1297.2 > d_model=768 -- reconstruction can be near-perfect from spanning coverage alone here; EV=0.997 is not evidence of a sparse decomposition yet.
step   4400  mse    1.565  L0   1297.2  EV  0.997  dead     0
WARNING step 4500: L0=1273.5 > d_model=768 -- reconstruction can be near-perfect from spanning coverage alone here; EV=0.997 is not evidence of a sparse decomposition yet.
step   4500  mse    1.471  L0   1273.5  EV  0.997  dead     0
WARNING step 4600: L0=1281.4 > d_model=768 -- reconstruction can be near-perfect from spanning coverage alone here; EV=0.997 is not evidence of a sparse decomposition yet.
step   4600  mse    1.549  L0   1281.4  EV  0.997  dead     0
WARNING step 4700: L0=1263.7 > d_model=768 -- reconstruction can be near-perfect from spanning coverage alone here; EV=0.997 is not evidence of a sparse decomposition yet.
step   4700  mse    1.514  L0   1263.7  EV  0.997  dead     0
WARNING step 4800: L0=1264.7 > d_model=768 -- reconstruction can be near-perfect from spanning coverage alone here; EV=0.997 is not evidence of a sparse decomposition yet.
step   4800  mse    1.359  L0   1264.7  EV  0.997  dead     0
WARNING step 4900: L0=1256.8 > d_model=768 -- reconstruction can be near-perfect from spanning coverage alone here; EV=0.997 is not evidence of a sparse decomposition yet.
step   4900  mse    1.373  L0   1256.8  EV  0.997  dead     0
WARNING step 5000: L0=1250.6 > d_model=768 -- reconstruction can be near-perfect from spanning coverage alone here; EV=0.997 is not evidence of a sparse decomposition yet.
step   5000  mse    1.304  L0   1250.6  EV  0.997  dead     0
WARNING step 5100: L0=1239.0 > d_model=768 -- reconstruction can be near-perfect from spanning coverage alone here; EV=0.997 is not evidence of a sparse decomposition yet.
step   5100  mse    1.386  L0   1239.0  EV  0.997  dead     0
WARNING step 5200: L0=1244.2 > d_model=768 -- reconstruction can be near-perfect from spanning coverage alone here; EV=0.997 is not evidence of a sparse decomposition yet.
step   5200  mse    1.339  L0   1244.2  EV  0.997  dead     0
WARNING step 5300: L0=1237.5 > d_model=768 -- reconstruction can be near-perfect from spanning coverage alone here; EV=0.997 is not evidence of a sparse decomposition yet.
step   5300  mse    1.215  L0   1237.5  EV  0.997  dead     0
WARNING step 5400: L0=1231.5 > d_model=768 -- reconstruction can be near-perfect from spanning coverage alone here; EV=0.997 is not evidence of a sparse decomposition yet.
step   5400  mse    1.244  L0   1231.5  EV  0.997  dead     0
WARNING step 5500: L0=1236.2 > d_model=768 -- reconstruction can be near-perfect from spanning coverage alone here; EV=0.997 is not evidence of a sparse decomposition yet.
step   5500  mse    1.187  L0   1236.2  EV  0.997  dead     0
WARNING step 5600: L0=1225.3 > d_model=768 -- reconstruction can be near-perfect from spanning coverage alone here; EV=0.997 is not evidence of a sparse decomposition yet.
step   5600  mse    1.230  L0   1225.3  EV  0.997  dead     0
WARNING step 5700: L0=1229.0 > d_model=768 -- reconstruction can be near-perfect from spanning coverage alone here; EV=0.997 is not evidence of a sparse decomposition yet.
step   5700  mse    1.197  L0   1229.0  EV  0.997  dead     0
WARNING step 5800: L0=1219.9 > d_model=768 -- reconstruction can be near-perfect from spanning coverage alone here; EV=0.997 is not evidence of a sparse decomposition yet.
step   5800  mse    1.185  L0   1219.9  EV  0.997  dead     0
WARNING step 5900: L0=1230.1 > d_model=768 -- reconstruction can be near-perfect from spanning coverage alone here; EV=0.997 is not evidence of a sparse decomposition yet.
step   5900  mse    1.207  L0   1230.1  EV  0.997  dead     0
WARNING step 6000: L0=1210.6 > d_model=768 -- reconstruction can be near-perfect from spanning coverage alone here; EV=0.997 is not evidence of a sparse decomposition yet.
step   6000  mse    1.125  L0   1210.6  EV  0.997  dead     0
WARNING step 6100: L0=1215.0 > d_model=768 -- reconstruction can be near-perfect from spanning coverage alone here; EV=0.997 is not evidence of a sparse decomposition yet.
step   6100  mse    1.143  L0   1215.0  EV  0.997  dead     0
WARNING step 6200: L0=1216.7 > d_model=768 -- reconstruction can be near-perfect from spanning coverage alone here; EV=0.998 is not evidence of a sparse decomposition yet.
step   6200  mse    1.074  L0   1216.7  EV  0.998  dead     0
WARNING step 6300: L0=1202.5 > d_model=768 -- reconstruction can be near-perfect from spanning coverage alone here; EV=0.998 is not evidence of a sparse decomposition yet.
step   6300  mse    1.059  L0   1202.5  EV  0.998  dead     0
WARNING step 6400: L0=1199.4 > d_model=768 -- reconstruction can be near-perfect from spanning coverage alone here; EV=0.998 is not evidence of a sparse decomposition yet.
step   6400  mse    1.047  L0   1199.4  EV  0.998  dead     0
WARNING step 6500: L0=1198.8 > d_model=768 -- reconstruction can be near-perfect from spanning coverage alone here; EV=0.998 is not evidence of a sparse decomposition yet.
step   6500  mse    1.057  L0   1198.8  EV  0.998  dead     0
WARNING step 6600: L0=1210.5 > d_model=768 -- reconstruction can be near-perfect from spanning coverage alone here; EV=0.998 is not evidence of a sparse decomposition yet.
step   6600  mse    0.988  L0   1210.5  EV  0.998  dead     0
WARNING step 6700: L0=1193.1 > d_model=768 -- reconstruction can be near-perfect from spanning coverage alone here; EV=0.998 is not evidence of a sparse decomposition yet.
step   6700  mse    1.013  L0   1193.1  EV  0.998  dead     0
WARNING step 6800: L0=1201.5 > d_model=768 -- reconstruction can be near-perfect from spanning coverage alone here; EV=0.998 is not evidence of a sparse decomposition yet.
step   6800  mse    1.007  L0   1201.5  EV  0.998  dead     0
WARNING step 6900: L0=1193.7 > d_model=768 -- reconstruction can be near-perfect from spanning coverage alone here; EV=0.998 is not evidence of a sparse decomposition yet.
step   6900  mse    0.951  L0   1193.7  EV  0.998  dead     0
WARNING step 7000: L0=1190.9 > d_model=768 -- reconstruction can be near-perfect from spanning coverage alone here; EV=0.998 is not evidence of a sparse decomposition yet.
step   7000  mse    0.957  L0   1190.9  EV  0.998  dead     0
WARNING step 7100: L0=1192.7 > d_model=768 -- reconstruction can be near-perfect from spanning coverage alone here; EV=0.998 is not evidence of a sparse decomposition yet.
step   7100  mse    1.072  L0   1192.7  EV  0.998  dead     0
WARNING step 7200: L0=1194.4 > d_model=768 -- reconstruction can be near-perfect from spanning coverage alone here; EV=0.998 is not evidence of a sparse decomposition yet.
step   7200  mse    0.922  L0   1194.4  EV  0.998  dead     0
WARNING step 7300: L0=1191.0 > d_model=768 -- reconstruction can be near-perfect from spanning coverage alone here; EV=0.998 is not evidence of a sparse decomposition yet.
step   7300  mse    0.950  L0   1191.0  EV  0.998  dead     0
WARNING step 7400: L0=1176.0 > d_model=768 -- reconstruction can be near-perfect from spanning coverage alone here; EV=0.998 is not evidence of a sparse decomposition yet.
step   7400  mse    1.011  L0   1176.0  EV  0.998  dead     0
WARNING step 7500: L0=1187.7 > d_model=768 -- reconstruction can be near-perfect from spanning coverage alone here; EV=0.998 is not evidence of a sparse decomposition yet.
step   7500  mse    0.921  L0   1187.7  EV  0.998  dead     0
WARNING step 7600: L0=1179.7 > d_model=768 -- reconstruction can be near-perfect from spanning coverage alone here; EV=0.998 is not evidence of a sparse decomposition yet.
step   7600  mse    0.972  L0   1179.7  EV  0.998  dead     0
WARNING step 7700: L0=1184.2 > d_model=768 -- reconstruction can be near-perfect from spanning coverage alone here; EV=0.998 is not evidence of a sparse decomposition yet.
step   7700  mse    0.899  L0   1184.2  EV  0.998  dead     0
WARNING step 7800: L0=1183.0 > d_model=768 -- reconstruction can be near-perfect from spanning coverage alone here; EV=0.998 is not evidence of a sparse decomposition yet.
step   7800  mse    0.894  L0   1183.0  EV  0.998  dead     0
WARNING step 7900: L0=1164.5 > d_model=768 -- reconstruction can be near-perfect from spanning coverage alone here; EV=0.998 is not evidence of a sparse decomposition yet.
step   7900  mse    0.892  L0   1164.5  EV  0.998  dead     0
WARNING step 8000: L0=1179.4 > d_model=768 -- reconstruction can be near-perfect from spanning coverage alone here; EV=0.998 is not evidence of a sparse decomposition yet.
step   8000  mse    0.902  L0   1179.4  EV  0.998  dead     0
WARNING step 8100: L0=1176.4 > d_model=768 -- reconstruction can be near-perfect from spanning coverage alone here; EV=0.998 is not evidence of a sparse decomposition yet.
step   8100  mse    0.868  L0   1176.4  EV  0.998  dead     0
WARNING step 8200: L0=1172.8 > d_model=768 -- reconstruction can be near-perfect from spanning coverage alone here; EV=0.998 is not evidence of a sparse decomposition yet.
step   8200  mse    0.880  L0   1172.8  EV  0.998  dead     0
WARNING step 8300: L0=1173.0 > d_model=768 -- reconstruction can be near-perfect from spanning coverage alone here; EV=0.998 is not evidence of a sparse decomposition yet.
step   8300  mse    0.861  L0   1173.0  EV  0.998  dead     0
WARNING step 8400: L0=1162.1 > d_model=768 -- reconstruction can be near-perfect from spanning coverage alone here; EV=0.998 is not evidence of a sparse decomposition yet.
step   8400  mse    0.864  L0   1162.1  EV  0.998  dead     0
WARNING step 8500: L0=1165.9 > d_model=768 -- reconstruction can be near-perfect from spanning coverage alone here; EV=0.998 is not evidence of a sparse decomposition yet.
step   8500  mse    0.872  L0   1165.9  EV  0.998  dead     0
WARNING step 8600: L0=1168.1 > d_model=768 -- reconstruction can be near-perfect from spanning coverage alone here; EV=0.998 is not evidence of a sparse decomposition yet.
step   8600  mse    0.867  L0   1168.1  EV  0.998  dead     0
WARNING step 8700: L0=1163.7 > d_model=768 -- reconstruction can be near-perfect from spanning coverage alone here; EV=0.998 is not evidence of a sparse decomposition yet.
step   8700  mse    0.861  L0   1163.7  EV  0.998  dead     0
WARNING step 8800: L0=1158.8 > d_model=768 -- reconstruction can be near-perfect from spanning coverage alone here; EV=0.998 is not evidence of a sparse decomposition yet.
step   8800  mse    0.838  L0   1158.8  EV  0.998  dead     0
WARNING step 8900: L0=1165.9 > d_model=768 -- reconstruction can be near-perfect from spanning coverage alone here; EV=0.998 is not evidence of a sparse decomposition yet.
step   8900  mse    0.827  L0   1165.9  EV  0.998  dead     0
WARNING step 9000: L0=1159.3 > d_model=768 -- reconstruction can be near-perfect from spanning coverage alone here; EV=0.998 is not evidence of a sparse decomposition yet.
step   9000  mse    0.889  L0   1159.3  EV  0.998  dead     0
WARNING step 9100: L0=1159.6 > d_model=768 -- reconstruction can be near-perfect from spanning coverage alone here; EV=0.998 is not evidence of a sparse decomposition yet.
step   9100  mse    0.783  L0   1159.6  EV  0.998  dead     0
WARNING step 9200: L0=1161.1 > d_model=768 -- reconstruction can be near-perfect from spanning coverage alone here; EV=0.998 is not evidence of a sparse decomposition yet.
step   9200  mse    0.856  L0   1161.1  EV  0.998  dead     0
WARNING step 9300: L0=1158.8 > d_model=768 -- reconstruction can be near-perfect from spanning coverage alone here; EV=0.998 is not evidence of a sparse decomposition yet.
step   9300  mse    0.799  L0   1158.8  EV  0.998  dead     0
WARNING step 9400: L0=1157.1 > d_model=768 -- reconstruction can be near-perfect from spanning coverage alone here; EV=0.998 is not evidence of a sparse decomposition yet.
step   9400  mse    0.881  L0   1157.1  EV  0.998  dead     0
WARNING step 9500: L0=1157.6 > d_model=768 -- reconstruction can be near-perfect from spanning coverage alone here; EV=0.998 is not evidence of a sparse decomposition yet.
step   9500  mse    0.837  L0   1157.6  EV  0.998  dead     0
WARNING step 9600: L0=1155.7 > d_model=768 -- reconstruction can be near-perfect from spanning coverage alone here; EV=0.998 is not evidence of a sparse decomposition yet.
step   9600  mse    0.832  L0   1155.7  EV  0.998  dead     0
WARNING step 9700: L0=1153.8 > d_model=768 -- reconstruction can be near-perfect from spanning coverage alone here; EV=0.998 is not evidence of a sparse decomposition yet.
step   9700  mse    0.810  L0   1153.8  EV  0.998  dead     0
WARNING step 9800: L0=1150.2 > d_model=768 -- reconstruction can be near-perfect from spanning coverage alone here; EV=0.998 is not evidence of a sparse decomposition yet.
step   9800  mse    0.782  L0   1150.2  EV  0.998  dead     0
WARNING step 9900: L0=1153.1 > d_model=768 -- reconstruction can be near-perfect from spanning coverage alone here; EV=0.998 is not evidence of a sparse decomposition yet.
step   9900  mse    0.810  L0   1153.1  EV  0.998  dead     0
WARNING step 10000: L0=1144.5 > d_model=768 -- reconstruction can be near-perfect from spanning coverage alone here; EV=0.998 is not evidence of a sparse decomposition yet.
step  10000  mse    0.822  L0   1144.5  EV  0.998  dead     0
WARNING step 10100: L0=1155.0 > d_model=768 -- reconstruction can be near-perfect from spanning coverage alone here; EV=0.998 is not evidence of a sparse decomposition yet.
step  10100  mse    0.816  L0   1155.0  EV  0.998  dead     0
WARNING step 10200: L0=1142.9 > d_model=768 -- reconstruction can be near-perfect from spanning coverage alone here; EV=0.998 is not evidence of a sparse decomposition yet.
step  10200  mse    0.812  L0   1142.9  EV  0.998  dead     0
WARNING step 10300: L0=1147.0 > d_model=768 -- reconstruction can be near-perfect from spanning coverage alone here; EV=0.998 is not evidence of a sparse decomposition yet.
step  10300  mse    0.824  L0   1147.0  EV  0.998  dead     0
WARNING step 10400: L0=1149.2 > d_model=768 -- reconstruction can be near-perfect from spanning coverage alone here; EV=0.998 is not evidence of a sparse decomposition yet.
step  10400  mse    0.830  L0   1149.2  EV  0.998  dead     0
WARNING step 10500: L0=1149.9 > d_model=768 -- reconstruction can be near-perfect from spanning coverage alone here; EV=0.998 is not evidence of a sparse decomposition yet.
step  10500  mse    0.788  L0   1149.9  EV  0.998  dead     0
WARNING step 10600: L0=1143.9 > d_model=768 -- reconstruction can be near-perfect from spanning coverage alone here; EV=0.998 is not evidence of a sparse decomposition yet.
step  10600  mse    0.826  L0   1143.9  EV  0.998  dead     0
WARNING step 10700: L0=1140.6 > d_model=768 -- reconstruction can be near-perfect from spanning coverage alone here; EV=0.998 is not evidence of a sparse decomposition yet.
step  10700  mse    0.784  L0   1140.6  EV  0.998  dead     1
WARNING step 10800: L0=1137.3 > d_model=768 -- reconstruction can be near-perfect from spanning coverage alone here; EV=0.998 is not evidence of a sparse decomposition yet.
step  10800  mse    0.759  L0   1137.3  EV  0.998  dead     1
WARNING step 10900: L0=1137.5 > d_model=768 -- reconstruction can be near-perfect from spanning coverage alone here; EV=0.998 is not evidence of a sparse decomposition yet.
step  10900  mse    0.804  L0   1137.5  EV  0.998  dead     1
WARNING step 11000: L0=1135.7 > d_model=768 -- reconstruction can be near-perfect from spanning coverage alone here; EV=0.998 is not evidence of a sparse decomposition yet.
step  11000  mse    0.763  L0   1135.7  EV  0.998  dead     1
WARNING step 11100: L0=1136.8 > d_model=768 -- reconstruction can be near-perfect from spanning coverage alone here; EV=0.998 is not evidence of a sparse decomposition yet.
step  11100  mse    0.766  L0   1136.8  EV  0.998  dead     6
WARNING step 11200: L0=1138.5 > d_model=768 -- reconstruction can be near-perfect from spanning coverage alone here; EV=0.998 is not evidence of a sparse decomposition yet.
step  11200  mse    0.782  L0   1138.5  EV  0.998  dead    10
WARNING step 11300: L0=1140.7 > d_model=768 -- reconstruction can be near-perfect from spanning coverage alone here; EV=0.998 is not evidence of a sparse decomposition yet.
step  11300  mse    0.756  L0   1140.7  EV  0.998  dead    15
WARNING step 11400: L0=1136.9 > d_model=768 -- reconstruction can be near-perfect from spanning coverage alone here; EV=0.998 is not evidence of a sparse decomposition yet.
step  11400  mse    0.764  L0   1136.9  EV  0.998  dead    25
WARNING step 11500: L0=1136.6 > d_model=768 -- reconstruction can be near-perfect from spanning coverage alone here; EV=0.998 is not evidence of a sparse decomposition yet.
step  11500  mse    0.808  L0   1136.6  EV  0.998  dead    39
WARNING step 11600: L0=1136.5 > d_model=768 -- reconstruction can be near-perfect from spanning coverage alone here; EV=0.998 is not evidence of a sparse decomposition yet.
step  11600  mse    0.800  L0   1136.5  EV  0.998  dead    71
WARNING step 11700: L0=1137.0 > d_model=768 -- reconstruction can be near-perfect from spanning coverage alone here; EV=0.998 is not evidence of a sparse decomposition yet.
step  11700  mse    0.772  L0   1137.0  EV  0.998  dead   104
WARNING step 11800: L0=1130.3 > d_model=768 -- reconstruction can be near-perfect from spanning coverage alone here; EV=0.998 is not evidence of a sparse decomposition yet.
step  11800  mse    0.777  L0   1130.3  EV  0.998  dead   135
WARNING step 11900: L0=1135.0 > d_model=768 -- reconstruction can be near-perfect from spanning coverage alone here; EV=0.998 is not evidence of a sparse decomposition yet.
step  11900  mse    0.762  L0   1135.0  EV  0.998  dead   184
WARNING step 12000: L0=1134.1 > d_model=768 -- reconstruction can be near-perfect from spanning coverage alone here; EV=0.998 is not evidence of a sparse decomposition yet.
step  12000  mse    0.835  L0   1134.1  EV  0.998  dead   271
WARNING step 12100: L0=1132.0 > d_model=768 -- reconstruction can be near-perfect from spanning coverage alone here; EV=0.998 is not evidence of a sparse decomposition yet.
step  12100  mse    0.750  L0   1132.0  EV  0.998  dead   348
WARNING step 12200: L0=1134.6 > d_model=768 -- reconstruction can be near-perfect from spanning coverage alone here; EV=0.998 is not evidence of a sparse decomposition yet.
step  12200  mse    0.756  L0   1134.6  EV  0.998  dead   449
WARNING step 12300: L0=1131.3 > d_model=768 -- reconstruction can be near-perfect from spanning coverage alone here; EV=0.998 is not evidence of a sparse decomposition yet.
step  12300  mse    0.779  L0   1131.3  EV  0.998  dead   585
WARNING step 12400: L0=1127.9 > d_model=768 -- reconstruction can be near-perfect from spanning coverage alone here; EV=0.998 is not evidence of a sparse decomposition yet.
step  12400  mse    0.750  L0   1127.9  EV  0.998  dead   757
WARNING step 12500: L0=1128.9 > d_model=768 -- reconstruction can be near-perfect from spanning coverage alone here; EV=0.998 is not evidence of a sparse decomposition yet.
step  12500  mse    0.766  L0   1128.9  EV  0.998  dead   961
WARNING step 12600: L0=1129.9 > d_model=768 -- reconstruction can be near-perfect from spanning coverage alone here; EV=0.998 is not evidence of a sparse decomposition yet.
step  12600  mse    0.765  L0   1129.9  EV  0.998  dead  1141
WARNING step 12700: L0=1125.6 > d_model=768 -- reconstruction can be near-perfect from spanning coverage alone here; EV=0.998 is not evidence of a sparse decomposition yet.
step  12700  mse    0.745  L0   1125.6  EV  0.998  dead  1343
WARNING step 12800: L0=1126.9 > d_model=768 -- reconstruction can be near-perfect from spanning coverage alone here; EV=0.998 is not evidence of a sparse decomposition yet.
step  12800  mse    0.753  L0   1126.9  EV  0.998  dead  1588
WARNING step 12900: L0=1123.9 > d_model=768 -- reconstruction can be near-perfect from spanning coverage alone here; EV=0.998 is not evidence of a sparse decomposition yet.
step  12900  mse    0.746  L0   1123.9  EV  0.998  dead  1894
WARNING step 13000: L0=1122.0 > d_model=768 -- reconstruction can be near-perfect from spanning coverage alone here; EV=0.998 is not evidence of a sparse decomposition yet.
step  13000  mse    0.735  L0   1122.0  EV  0.998  dead  2169
WARNING step 13100: L0=1123.0 > d_model=768 -- reconstruction can be near-perfect from spanning coverage alone here; EV=0.998 is not evidence of a sparse decomposition yet.
step  13100  mse    0.724  L0   1123.0  EV  0.998  dead  2464
WARNING step 13200: L0=1117.4 > d_model=768 -- reconstruction can be near-perfect from spanning coverage alone here; EV=0.998 is not evidence of a sparse decomposition yet.
step  13200  mse    0.748  L0   1117.4  EV  0.998  dead  2731
WARNING step 13300: L0=1120.0 > d_model=768 -- reconstruction can be near-perfect from spanning coverage alone here; EV=0.998 is not evidence of a sparse decomposition yet.
step  13300  mse    0.738  L0   1120.0  EV  0.998  dead  3035
WARNING step 13400: L0=1121.1 > d_model=768 -- reconstruction can be near-perfect from spanning coverage alone here; EV=0.998 is not evidence of a sparse decomposition yet.
step  13400  mse    0.728  L0   1121.1  EV  0.998  dead  3318
WARNING step 13500: L0=1123.0 > d_model=768 -- reconstruction can be near-perfect from spanning coverage alone here; EV=0.998 is not evidence of a sparse decomposition yet.
step  13500  mse    0.722  L0   1123.0  EV  0.998  dead  3600
WARNING step 13600: L0=1121.6 > d_model=768 -- reconstruction can be near-perfect from spanning coverage alone here; EV=0.998 is not evidence of a sparse decomposition yet.
step  13600  mse    0.793  L0   1121.6  EV  0.998  dead  3830
WARNING step 13700: L0=1122.6 > d_model=768 -- reconstruction can be near-perfect from spanning coverage alone here; EV=0.998 is not evidence of a sparse decomposition yet.
step  13700  mse    0.739  L0   1122.6  EV  0.998  dead  4117
WARNING step 13800: L0=1120.0 > d_model=768 -- reconstruction can be near-perfect from spanning coverage alone here; EV=0.998 is not evidence of a sparse decomposition yet.
step  13800  mse    0.707  L0   1120.0  EV  0.998  dead  4375
WARNING step 13900: L0=1117.8 > d_model=768 -- reconstruction can be near-perfect from spanning coverage alone here; EV=0.998 is not evidence of a sparse decomposition yet.
step  13900  mse    0.706  L0   1117.8  EV  0.998  dead  4617
WARNING step 14000: L0=1114.6 > d_model=768 -- reconstruction can be near-perfect from spanning coverage alone here; EV=0.998 is not evidence of a sparse decomposition yet.
step  14000  mse    0.734  L0   1114.6  EV  0.998  dead  4820
WARNING step 14100: L0=1115.2 > d_model=768 -- reconstruction can be near-perfect from spanning coverage alone here; EV=0.998 is not evidence of a sparse decomposition yet.
step  14100  mse    0.720  L0   1115.2  EV  0.998  dead  5006
WARNING step 14200: L0=1116.5 > d_model=768 -- reconstruction can be near-perfect from spanning coverage alone here; EV=0.998 is not evidence of a sparse decomposition yet.
step  14200  mse    0.730  L0   1116.5  EV  0.998  dead  5182
WARNING step 14300: L0=1115.0 > d_model=768 -- reconstruction can be near-perfect from spanning coverage alone here; EV=0.998 is not evidence of a sparse decomposition yet.
step  14300  mse    0.704  L0   1115.0  EV  0.998  dead  5370
WARNING step 14400: L0=1114.3 > d_model=768 -- reconstruction can be near-perfect from spanning coverage alone here; EV=0.998 is not evidence of a sparse decomposition yet.
step  14400  mse    0.729  L0   1114.3  EV  0.998  dead  5524
WARNING step 14500: L0=1112.9 > d_model=768 -- reconstruction can be near-perfect from spanning coverage alone here; EV=0.998 is not evidence of a sparse decomposition yet.
step  14500  mse    0.771  L0   1112.9  EV  0.998  dead  5638
WARNING step 14600: L0=1116.0 > d_model=768 -- reconstruction can be near-perfect from spanning coverage alone here; EV=0.998 is not evidence of a sparse decomposition yet.
step  14600  mse    0.734  L0   1116.0  EV  0.998  dead  5779
WARNING step 14700: L0=1110.8 > d_model=768 -- reconstruction can be near-perfect from spanning coverage alone here; EV=0.998 is not evidence of a sparse decomposition yet.
step  14700  mse    0.702  L0   1110.8  EV  0.998  dead  5883
WARNING step 14800: L0=1115.5 > d_model=768 -- reconstruction can be near-perfect from spanning coverage alone here; EV=0.998 is not evidence of a sparse decomposition yet.
step  14800  mse    0.704  L0   1115.5  EV  0.998  dead  5990
WARNING step 14900: L0=1109.0 > d_model=768 -- reconstruction can be near-perfect from spanning coverage alone here; EV=0.998 is not evidence of a sparse decomposition yet.
step  14900  mse    0.726  L0   1109.0  EV  0.998  dead  6076
WARNING step 14999: L0=1113.8 > d_model=768 -- reconstruction can be near-perfect from spanning coverage alone here; EV=0.998 is not evidence of a sparse decomposition yet.
step  14999  mse    0.707  L0   1113.8  EV  0.998  dead  6134

saved -> C:\Projects\sae-feature-reproducibility\checkpoints\full\sweep_l1_0.005024  (1082s)
--> L0=1113.9  EV=0.9984  dead=6134  (18.1 min)

=== sweep 3/6  l1_coeff=0.01262  run=sweep_l1_0.01262 ===
run=sweep_l1_0.01262  device=cuda
seed=0  data_seed=0  (pinned)
rows=12,700,000  d_sae=12288  steps=15,000  epochs=4.8
l1_coeff=0.0126191  norm_scale=0.268445 (from manifest)
decoder grad projection: ON
WARNING step 0: L0=6142.2 > d_model=768 -- reconstruction can be near-perfect from spanning coverage alone here; EV=-56.059 is not evidence of a sparse decomposition yet.
step      0  mse 25519.936  L0   6142.2  EV -56.059  dead     0
throughput (first 100 steps): 102,930 samples/s -> ~9.9 min projected
WARNING step 100: L0=2986.6 > d_model=768 -- reconstruction can be near-perfect from spanning coverage alone here; EV=-1.735 is not evidence of a sparse decomposition yet.
step    100  mse 1226.537  L0   2986.6  EV -1.735  dead     0
WARNING step 200: L0=2325.5 > d_model=768 -- reconstruction can be near-perfect from spanning coverage alone here; EV=-0.181 is not evidence of a sparse decomposition yet.
step    200  mse  526.838  L0   2325.5  EV -0.181  dead     0
WARNING step 300: L0=2195.7 > d_model=768 -- reconstruction can be near-perfect from spanning coverage alone here; EV=0.141 is not evidence of a sparse decomposition yet.
step    300  mse  385.682  L0   2195.7  EV  0.141  dead     0
WARNING step 400: L0=2048.5 > d_model=768 -- reconstruction can be near-perfect from spanning coverage alone here; EV=0.391 is not evidence of a sparse decomposition yet.
step    400  mse  273.582  L0   2048.5  EV  0.391  dead     0
WARNING step 500: L0=2188.3 > d_model=768 -- reconstruction can be near-perfect from spanning coverage alone here; EV=0.442 is not evidence of a sparse decomposition yet.
step    500  mse  248.654  L0   2188.3  EV  0.442  dead     0
WARNING step 600: L0=2165.2 > d_model=768 -- reconstruction can be near-perfect from spanning coverage alone here; EV=0.558 is not evidence of a sparse decomposition yet.
step    600  mse  198.450  L0   2165.2  EV  0.558  dead     0
WARNING step 700: L0=2190.3 > d_model=768 -- reconstruction can be near-perfect from spanning coverage alone here; EV=0.615 is not evidence of a sparse decomposition yet.
step    700  mse  172.734  L0   2190.3  EV  0.615  dead     0
WARNING step 800: L0=2167.1 > d_model=768 -- reconstruction can be near-perfect from spanning coverage alone here; EV=0.701 is not evidence of a sparse decomposition yet.
step    800  mse  133.703  L0   2167.1  EV  0.701  dead     0
WARNING step 900: L0=2194.3 > d_model=768 -- reconstruction can be near-perfect from spanning coverage alone here; EV=0.742 is not evidence of a sparse decomposition yet.
step    900  mse  114.982  L0   2194.3  EV  0.742  dead     0
WARNING step 1000: L0=2045.8 > d_model=768 -- reconstruction can be near-perfect from spanning coverage alone here; EV=0.789 is not evidence of a sparse decomposition yet.
step   1000  mse   94.141  L0   2045.8  EV  0.789  dead     0
WARNING step 1100: L0=2330.2 > d_model=768 -- reconstruction can be near-perfect from spanning coverage alone here; EV=0.809 is not evidence of a sparse decomposition yet.
step   1100  mse   85.628  L0   2330.2  EV  0.809  dead     0
WARNING step 1200: L0=2204.7 > d_model=768 -- reconstruction can be near-perfect from spanning coverage alone here; EV=0.841 is not evidence of a sparse decomposition yet.
step   1200  mse   71.080  L0   2204.7  EV  0.841  dead     0
WARNING step 1300: L0=2239.4 > d_model=768 -- reconstruction can be near-perfect from spanning coverage alone here; EV=0.858 is not evidence of a sparse decomposition yet.
step   1300  mse   63.789  L0   2239.4  EV  0.858  dead     0
WARNING step 1400: L0=2307.0 > d_model=768 -- reconstruction can be near-perfect from spanning coverage alone here; EV=0.866 is not evidence of a sparse decomposition yet.
step   1400  mse   59.969  L0   2307.0  EV  0.866  dead     0
WARNING step 1500: L0=2280.1 > d_model=768 -- reconstruction can be near-perfect from spanning coverage alone here; EV=0.890 is not evidence of a sparse decomposition yet.
step   1500  mse   49.415  L0   2280.1  EV  0.890  dead     0
WARNING step 1600: L0=2214.4 > d_model=768 -- reconstruction can be near-perfect from spanning coverage alone here; EV=0.914 is not evidence of a sparse decomposition yet.
step   1600  mse   38.377  L0   2214.4  EV  0.914  dead     0
WARNING step 1700: L0=2243.3 > d_model=768 -- reconstruction can be near-perfect from spanning coverage alone here; EV=0.925 is not evidence of a sparse decomposition yet.
step   1700  mse   33.402  L0   2243.3  EV  0.925  dead     0
WARNING step 1800: L0=2161.5 > d_model=768 -- reconstruction can be near-perfect from spanning coverage alone here; EV=0.941 is not evidence of a sparse decomposition yet.
step   1800  mse   26.714  L0   2161.5  EV  0.941  dead     0
WARNING step 1900: L0=2136.0 > d_model=768 -- reconstruction can be near-perfect from spanning coverage alone here; EV=0.953 is not evidence of a sparse decomposition yet.
step   1900  mse   20.841  L0   2136.0  EV  0.953  dead     0
WARNING step 2000: L0=2057.1 > d_model=768 -- reconstruction can be near-perfect from spanning coverage alone here; EV=0.965 is not evidence of a sparse decomposition yet.
step   2000  mse   15.874  L0   2057.1  EV  0.965  dead     0
WARNING step 2100: L0=2011.0 > d_model=768 -- reconstruction can be near-perfect from spanning coverage alone here; EV=0.971 is not evidence of a sparse decomposition yet.
step   2100  mse   12.882  L0   2011.0  EV  0.971  dead     0
WARNING step 2200: L0=1774.9 > d_model=768 -- reconstruction can be near-perfect from spanning coverage alone here; EV=0.979 is not evidence of a sparse decomposition yet.
step   2200  mse    9.433  L0   1774.9  EV  0.979  dead     0
WARNING step 2300: L0=1621.2 > d_model=768 -- reconstruction can be near-perfect from spanning coverage alone here; EV=0.985 is not evidence of a sparse decomposition yet.
step   2300  mse    6.921  L0   1621.2  EV  0.985  dead     0
WARNING step 2400: L0=1482.2 > d_model=768 -- reconstruction can be near-perfect from spanning coverage alone here; EV=0.987 is not evidence of a sparse decomposition yet.
step   2400  mse    5.704  L0   1482.2  EV  0.987  dead     0
WARNING step 2500: L0=1388.6 > d_model=768 -- reconstruction can be near-perfect from spanning coverage alone here; EV=0.989 is not evidence of a sparse decomposition yet.
step   2500  mse    4.880  L0   1388.6  EV  0.989  dead     0
WARNING step 2600: L0=1318.2 > d_model=768 -- reconstruction can be near-perfect from spanning coverage alone here; EV=0.990 is not evidence of a sparse decomposition yet.
step   2600  mse    4.295  L0   1318.2  EV  0.990  dead     0
WARNING step 2700: L0=1304.8 > d_model=768 -- reconstruction can be near-perfect from spanning coverage alone here; EV=0.991 is not evidence of a sparse decomposition yet.
step   2700  mse    4.167  L0   1304.8  EV  0.991  dead     0
WARNING step 2800: L0=1282.7 > d_model=768 -- reconstruction can be near-perfect from spanning coverage alone here; EV=0.991 is not evidence of a sparse decomposition yet.
step   2800  mse    3.852  L0   1282.7  EV  0.991  dead     0
WARNING step 2900: L0=1257.7 > d_model=768 -- reconstruction can be near-perfect from spanning coverage alone here; EV=0.992 is not evidence of a sparse decomposition yet.
step   2900  mse    3.521  L0   1257.7  EV  0.992  dead     0
WARNING step 3000: L0=1236.4 > d_model=768 -- reconstruction can be near-perfect from spanning coverage alone here; EV=0.992 is not evidence of a sparse decomposition yet.
step   3000  mse    3.471  L0   1236.4  EV  0.992  dead     0
WARNING step 3100: L0=1222.6 > d_model=768 -- reconstruction can be near-perfect from spanning coverage alone here; EV=0.993 is not evidence of a sparse decomposition yet.
step   3100  mse    3.305  L0   1222.6  EV  0.993  dead     0
WARNING step 3200: L0=1216.7 > d_model=768 -- reconstruction can be near-perfect from spanning coverage alone here; EV=0.993 is not evidence of a sparse decomposition yet.
step   3200  mse    3.140  L0   1216.7  EV  0.993  dead     0
WARNING step 3300: L0=1213.8 > d_model=768 -- reconstruction can be near-perfect from spanning coverage alone here; EV=0.993 is not evidence of a sparse decomposition yet.
step   3300  mse    2.995  L0   1213.8  EV  0.993  dead     0
WARNING step 3400: L0=1206.7 > d_model=768 -- reconstruction can be near-perfect from spanning coverage alone here; EV=0.993 is not evidence of a sparse decomposition yet.
step   3400  mse    2.918  L0   1206.7  EV  0.993  dead     0
WARNING step 3500: L0=1198.8 > d_model=768 -- reconstruction can be near-perfect from spanning coverage alone here; EV=0.994 is not evidence of a sparse decomposition yet.
step   3500  mse    2.881  L0   1198.8  EV  0.994  dead     0
WARNING step 3600: L0=1193.7 > d_model=768 -- reconstruction can be near-perfect from spanning coverage alone here; EV=0.994 is not evidence of a sparse decomposition yet.
step   3600  mse    2.634  L0   1193.7  EV  0.994  dead     0
WARNING step 3700: L0=1175.7 > d_model=768 -- reconstruction can be near-perfect from spanning coverage alone here; EV=0.994 is not evidence of a sparse decomposition yet.
step   3700  mse    2.678  L0   1175.7  EV  0.994  dead     0
WARNING step 3800: L0=1181.7 > d_model=768 -- reconstruction can be near-perfect from spanning coverage alone here; EV=0.994 is not evidence of a sparse decomposition yet.
step   3800  mse    2.553  L0   1181.7  EV  0.994  dead     0
WARNING step 3900: L0=1175.2 > d_model=768 -- reconstruction can be near-perfect from spanning coverage alone here; EV=0.994 is not evidence of a sparse decomposition yet.
step   3900  mse    2.552  L0   1175.2  EV  0.994  dead     0
WARNING step 4000: L0=1164.2 > d_model=768 -- reconstruction can be near-perfect from spanning coverage alone here; EV=0.995 is not evidence of a sparse decomposition yet.
step   4000  mse    2.433  L0   1164.2  EV  0.995  dead     0
WARNING step 4100: L0=1156.0 > d_model=768 -- reconstruction can be near-perfect from spanning coverage alone here; EV=0.995 is not evidence of a sparse decomposition yet.
step   4100  mse    2.352  L0   1156.0  EV  0.995  dead     0
WARNING step 4200: L0=1154.6 > d_model=768 -- reconstruction can be near-perfect from spanning coverage alone here; EV=0.995 is not evidence of a sparse decomposition yet.
step   4200  mse    2.317  L0   1154.6  EV  0.995  dead     0
WARNING step 4300: L0=1149.0 > d_model=768 -- reconstruction can be near-perfect from spanning coverage alone here; EV=0.995 is not evidence of a sparse decomposition yet.
step   4300  mse    2.237  L0   1149.0  EV  0.995  dead     0
WARNING step 4400: L0=1144.1 > d_model=768 -- reconstruction can be near-perfect from spanning coverage alone here; EV=0.995 is not evidence of a sparse decomposition yet.
step   4400  mse    2.163  L0   1144.1  EV  0.995  dead     0
WARNING step 4500: L0=1136.3 > d_model=768 -- reconstruction can be near-perfect from spanning coverage alone here; EV=0.995 is not evidence of a sparse decomposition yet.
step   4500  mse    2.115  L0   1136.3  EV  0.995  dead     0
WARNING step 4600: L0=1132.3 > d_model=768 -- reconstruction can be near-perfect from spanning coverage alone here; EV=0.995 is not evidence of a sparse decomposition yet.
step   4600  mse    2.109  L0   1132.3  EV  0.995  dead     0
WARNING step 4700: L0=1126.3 > d_model=768 -- reconstruction can be near-perfect from spanning coverage alone here; EV=0.995 is not evidence of a sparse decomposition yet.
step   4700  mse    2.080  L0   1126.3  EV  0.995  dead     0
WARNING step 4800: L0=1123.0 > d_model=768 -- reconstruction can be near-perfect from spanning coverage alone here; EV=0.995 is not evidence of a sparse decomposition yet.
step   4800  mse    2.026  L0   1123.0  EV  0.995  dead     0
WARNING step 4900: L0=1118.4 > d_model=768 -- reconstruction can be near-perfect from spanning coverage alone here; EV=0.996 is not evidence of a sparse decomposition yet.
step   4900  mse    2.009  L0   1118.4  EV  0.996  dead     0
WARNING step 5000: L0=1118.7 > d_model=768 -- reconstruction can be near-perfect from spanning coverage alone here; EV=0.996 is not evidence of a sparse decomposition yet.
step   5000  mse    1.989  L0   1118.7  EV  0.996  dead     0
WARNING step 5100: L0=1115.8 > d_model=768 -- reconstruction can be near-perfect from spanning coverage alone here; EV=0.995 is not evidence of a sparse decomposition yet.
step   5100  mse    2.015  L0   1115.8  EV  0.995  dead     0
WARNING step 5200: L0=1113.8 > d_model=768 -- reconstruction can be near-perfect from spanning coverage alone here; EV=0.996 is not evidence of a sparse decomposition yet.
step   5200  mse    1.968  L0   1113.8  EV  0.996  dead     0
WARNING step 5300: L0=1115.0 > d_model=768 -- reconstruction can be near-perfect from spanning coverage alone here; EV=0.996 is not evidence of a sparse decomposition yet.
step   5300  mse    1.897  L0   1115.0  EV  0.996  dead     0
WARNING step 5400: L0=1114.8 > d_model=768 -- reconstruction can be near-perfect from spanning coverage alone here; EV=0.996 is not evidence of a sparse decomposition yet.
step   5400  mse    1.914  L0   1114.8  EV  0.996  dead     0
WARNING step 5500: L0=1113.3 > d_model=768 -- reconstruction can be near-perfect from spanning coverage alone here; EV=0.996 is not evidence of a sparse decomposition yet.
step   5500  mse    1.893  L0   1113.3  EV  0.996  dead     0
WARNING step 5600: L0=1111.7 > d_model=768 -- reconstruction can be near-perfect from spanning coverage alone here; EV=0.996 is not evidence of a sparse decomposition yet.
step   5600  mse    1.973  L0   1111.7  EV  0.996  dead     0
WARNING step 5700: L0=1111.0 > d_model=768 -- reconstruction can be near-perfect from spanning coverage alone here; EV=0.996 is not evidence of a sparse decomposition yet.
step   5700  mse    1.922  L0   1111.0  EV  0.996  dead     0
WARNING step 5800: L0=1111.7 > d_model=768 -- reconstruction can be near-perfect from spanning coverage alone here; EV=0.996 is not evidence of a sparse decomposition yet.
step   5800  mse    1.900  L0   1111.7  EV  0.996  dead     0
WARNING step 5900: L0=1110.4 > d_model=768 -- reconstruction can be near-perfect from spanning coverage alone here; EV=0.996 is not evidence of a sparse decomposition yet.
step   5900  mse    1.897  L0   1110.4  EV  0.996  dead     0
WARNING step 6000: L0=1110.0 > d_model=768 -- reconstruction can be near-perfect from spanning coverage alone here; EV=0.996 is not evidence of a sparse decomposition yet.
step   6000  mse    1.933  L0   1110.0  EV  0.996  dead     0
WARNING step 6100: L0=1109.1 > d_model=768 -- reconstruction can be near-perfect from spanning coverage alone here; EV=0.996 is not evidence of a sparse decomposition yet.
step   6100  mse    1.910  L0   1109.1  EV  0.996  dead     0
WARNING step 6200: L0=1109.1 > d_model=768 -- reconstruction can be near-perfect from spanning coverage alone here; EV=0.996 is not evidence of a sparse decomposition yet.
step   6200  mse    1.845  L0   1109.1  EV  0.996  dead     0
WARNING step 6300: L0=1109.2 > d_model=768 -- reconstruction can be near-perfect from spanning coverage alone here; EV=0.996 is not evidence of a sparse decomposition yet.
step   6300  mse    1.849  L0   1109.2  EV  0.996  dead     0
WARNING step 6400: L0=1109.0 > d_model=768 -- reconstruction can be near-perfect from spanning coverage alone here; EV=0.996 is not evidence of a sparse decomposition yet.
step   6400  mse    1.842  L0   1109.0  EV  0.996  dead     0
WARNING step 6500: L0=1108.8 > d_model=768 -- reconstruction can be near-perfect from spanning coverage alone here; EV=0.996 is not evidence of a sparse decomposition yet.
step   6500  mse    1.866  L0   1108.8  EV  0.996  dead     0
WARNING step 6600: L0=1108.1 > d_model=768 -- reconstruction can be near-perfect from spanning coverage alone here; EV=0.996 is not evidence of a sparse decomposition yet.
step   6600  mse    1.842  L0   1108.1  EV  0.996  dead     0
WARNING step 6700: L0=1107.4 > d_model=768 -- reconstruction can be near-perfect from spanning coverage alone here; EV=0.996 is not evidence of a sparse decomposition yet.
step   6700  mse    1.877  L0   1107.4  EV  0.996  dead     0
WARNING step 6800: L0=1108.3 > d_model=768 -- reconstruction can be near-perfect from spanning coverage alone here; EV=0.996 is not evidence of a sparse decomposition yet.
step   6800  mse    1.807  L0   1108.3  EV  0.996  dead     0
WARNING step 6900: L0=1108.1 > d_model=768 -- reconstruction can be near-perfect from spanning coverage alone here; EV=0.996 is not evidence of a sparse decomposition yet.
step   6900  mse    1.817  L0   1108.1  EV  0.996  dead     0
WARNING step 7000: L0=1106.6 > d_model=768 -- reconstruction can be near-perfect from spanning coverage alone here; EV=0.996 is not evidence of a sparse decomposition yet.
step   7000  mse    1.857  L0   1106.6  EV  0.996  dead     0
WARNING step 7100: L0=1106.4 > d_model=768 -- reconstruction can be near-perfect from spanning coverage alone here; EV=0.996 is not evidence of a sparse decomposition yet.
step   7100  mse    1.853  L0   1106.4  EV  0.996  dead     0
WARNING step 7200: L0=1106.6 > d_model=768 -- reconstruction can be near-perfect from spanning coverage alone here; EV=0.996 is not evidence of a sparse decomposition yet.
step   7200  mse    1.795  L0   1106.6  EV  0.996  dead     0
WARNING step 7300: L0=1105.9 > d_model=768 -- reconstruction can be near-perfect from spanning coverage alone here; EV=0.996 is not evidence of a sparse decomposition yet.
step   7300  mse    1.774  L0   1105.9  EV  0.996  dead     0
WARNING step 7400: L0=1107.2 > d_model=768 -- reconstruction can be near-perfect from spanning coverage alone here; EV=0.996 is not evidence of a sparse decomposition yet.
step   7400  mse    1.826  L0   1107.2  EV  0.996  dead     0
WARNING step 7500: L0=1105.4 > d_model=768 -- reconstruction can be near-perfect from spanning coverage alone here; EV=0.996 is not evidence of a sparse decomposition yet.
step   7500  mse    1.781  L0   1105.4  EV  0.996  dead     0
WARNING step 7600: L0=1106.9 > d_model=768 -- reconstruction can be near-perfect from spanning coverage alone here; EV=0.996 is not evidence of a sparse decomposition yet.
step   7600  mse    1.790  L0   1106.9  EV  0.996  dead     0
WARNING step 7700: L0=1105.4 > d_model=768 -- reconstruction can be near-perfect from spanning coverage alone here; EV=0.996 is not evidence of a sparse decomposition yet.
step   7700  mse    1.750  L0   1105.4  EV  0.996  dead     0
WARNING step 7800: L0=1106.4 > d_model=768 -- reconstruction can be near-perfect from spanning coverage alone here; EV=0.996 is not evidence of a sparse decomposition yet.
step   7800  mse    1.789  L0   1106.4  EV  0.996  dead     0
WARNING step 7900: L0=1105.3 > d_model=768 -- reconstruction can be near-perfect from spanning coverage alone here; EV=0.996 is not evidence of a sparse decomposition yet.
step   7900  mse    1.828  L0   1105.3  EV  0.996  dead     0
WARNING step 8000: L0=1106.5 > d_model=768 -- reconstruction can be near-perfect from spanning coverage alone here; EV=0.996 is not evidence of a sparse decomposition yet.
step   8000  mse    1.751  L0   1106.5  EV  0.996  dead     0
WARNING step 8100: L0=1104.8 > d_model=768 -- reconstruction can be near-perfect from spanning coverage alone here; EV=0.996 is not evidence of a sparse decomposition yet.
step   8100  mse    1.748  L0   1104.8  EV  0.996  dead     0
WARNING step 8200: L0=1106.2 > d_model=768 -- reconstruction can be near-perfect from spanning coverage alone here; EV=0.996 is not evidence of a sparse decomposition yet.
step   8200  mse    1.726  L0   1106.2  EV  0.996  dead     0
WARNING step 8300: L0=1105.3 > d_model=768 -- reconstruction can be near-perfect from spanning coverage alone here; EV=0.996 is not evidence of a sparse decomposition yet.
step   8300  mse    1.734  L0   1105.3  EV  0.996  dead     0
WARNING step 8400: L0=1105.2 > d_model=768 -- reconstruction can be near-perfect from spanning coverage alone here; EV=0.996 is not evidence of a sparse decomposition yet.
step   8400  mse    1.750  L0   1105.2  EV  0.996  dead     0
WARNING step 8500: L0=1103.5 > d_model=768 -- reconstruction can be near-perfect from spanning coverage alone here; EV=0.996 is not evidence of a sparse decomposition yet.
step   8500  mse    1.779  L0   1103.5  EV  0.996  dead     0
WARNING step 8600: L0=1104.6 > d_model=768 -- reconstruction can be near-perfect from spanning coverage alone here; EV=0.996 is not evidence of a sparse decomposition yet.
step   8600  mse    1.714  L0   1104.6  EV  0.996  dead     0
WARNING step 8700: L0=1104.8 > d_model=768 -- reconstruction can be near-perfect from spanning coverage alone here; EV=0.996 is not evidence of a sparse decomposition yet.
step   8700  mse    1.714  L0   1104.8  EV  0.996  dead     0
WARNING step 8800: L0=1104.6 > d_model=768 -- reconstruction can be near-perfect from spanning coverage alone here; EV=0.996 is not evidence of a sparse decomposition yet.
step   8800  mse    1.752  L0   1104.6  EV  0.996  dead     0
WARNING step 8900: L0=1103.2 > d_model=768 -- reconstruction can be near-perfect from spanning coverage alone here; EV=0.996 is not evidence of a sparse decomposition yet.
step   8900  mse    1.734  L0   1103.2  EV  0.996  dead     0
WARNING step 9000: L0=1103.5 > d_model=768 -- reconstruction can be near-perfect from spanning coverage alone here; EV=0.996 is not evidence of a sparse decomposition yet.
step   9000  mse    1.706  L0   1103.5  EV  0.996  dead     0
WARNING step 9100: L0=1105.0 > d_model=768 -- reconstruction can be near-perfect from spanning coverage alone here; EV=0.996 is not evidence of a sparse decomposition yet.
step   9100  mse    1.679  L0   1105.0  EV  0.996  dead     0
WARNING step 9200: L0=1102.3 > d_model=768 -- reconstruction can be near-perfect from spanning coverage alone here; EV=0.996 is not evidence of a sparse decomposition yet.
step   9200  mse    1.695  L0   1102.3  EV  0.996  dead     0
WARNING step 9300: L0=1104.1 > d_model=768 -- reconstruction can be near-perfect from spanning coverage alone here; EV=0.996 is not evidence of a sparse decomposition yet.
step   9300  mse    1.682  L0   1104.1  EV  0.996  dead     0
WARNING step 9400: L0=1103.0 > d_model=768 -- reconstruction can be near-perfect from spanning coverage alone here; EV=0.996 is not evidence of a sparse decomposition yet.
step   9400  mse    1.712  L0   1103.0  EV  0.996  dead     0
WARNING step 9500: L0=1102.2 > d_model=768 -- reconstruction can be near-perfect from spanning coverage alone here; EV=0.996 is not evidence of a sparse decomposition yet.
step   9500  mse    1.702  L0   1102.2  EV  0.996  dead     0
WARNING step 9600: L0=1104.3 > d_model=768 -- reconstruction can be near-perfect from spanning coverage alone here; EV=0.996 is not evidence of a sparse decomposition yet.
step   9600  mse    1.686  L0   1104.3  EV  0.996  dead     0
WARNING step 9700: L0=1102.4 > d_model=768 -- reconstruction can be near-perfect from spanning coverage alone here; EV=0.996 is not evidence of a sparse decomposition yet.
step   9700  mse    1.686  L0   1102.4  EV  0.996  dead     0
WARNING step 9800: L0=1102.4 > d_model=768 -- reconstruction can be near-perfect from spanning coverage alone here; EV=0.996 is not evidence of a sparse decomposition yet.
step   9800  mse    1.663  L0   1102.4  EV  0.996  dead     0
WARNING step 9900: L0=1103.6 > d_model=768 -- reconstruction can be near-perfect from spanning coverage alone here; EV=0.996 is not evidence of a sparse decomposition yet.
step   9900  mse    1.676  L0   1103.6  EV  0.996  dead     0
WARNING step 10000: L0=1102.5 > d_model=768 -- reconstruction can be near-perfect from spanning coverage alone here; EV=0.996 is not evidence of a sparse decomposition yet.
step  10000  mse    1.708  L0   1102.5  EV  0.996  dead     0
WARNING step 10100: L0=1102.6 > d_model=768 -- reconstruction can be near-perfect from spanning coverage alone here; EV=0.996 is not evidence of a sparse decomposition yet.
step  10100  mse    1.654  L0   1102.6  EV  0.996  dead     0
WARNING step 10200: L0=1102.8 > d_model=768 -- reconstruction can be near-perfect from spanning coverage alone here; EV=0.996 is not evidence of a sparse decomposition yet.
step  10200  mse    1.660  L0   1102.8  EV  0.996  dead     0
WARNING step 10300: L0=1102.4 > d_model=768 -- reconstruction can be near-perfect from spanning coverage alone here; EV=0.996 is not evidence of a sparse decomposition yet.
step  10300  mse    1.654  L0   1102.4  EV  0.996  dead     0
WARNING step 10400: L0=1101.6 > d_model=768 -- reconstruction can be near-perfect from spanning coverage alone here; EV=0.996 is not evidence of a sparse decomposition yet.
step  10400  mse    1.675  L0   1101.6  EV  0.996  dead     0
WARNING step 10500: L0=1101.3 > d_model=768 -- reconstruction can be near-perfect from spanning coverage alone here; EV=0.996 is not evidence of a sparse decomposition yet.
step  10500  mse    1.633  L0   1101.3  EV  0.996  dead     0
WARNING step 10600: L0=1099.3 > d_model=768 -- reconstruction can be near-perfect from spanning coverage alone here; EV=0.996 is not evidence of a sparse decomposition yet.
step  10600  mse    1.666  L0   1099.3  EV  0.996  dead     0
WARNING step 10700: L0=1102.6 > d_model=768 -- reconstruction can be near-perfect from spanning coverage alone here; EV=0.996 is not evidence of a sparse decomposition yet.
step  10700  mse    1.640  L0   1102.6  EV  0.996  dead     0
WARNING step 10800: L0=1102.9 > d_model=768 -- reconstruction can be near-perfect from spanning coverage alone here; EV=0.996 is not evidence of a sparse decomposition yet.
step  10800  mse    1.640  L0   1102.9  EV  0.996  dead     0
WARNING step 10900: L0=1101.0 > d_model=768 -- reconstruction can be near-perfect from spanning coverage alone here; EV=0.996 is not evidence of a sparse decomposition yet.
step  10900  mse    1.670  L0   1101.0  EV  0.996  dead     1
WARNING step 11000: L0=1101.2 > d_model=768 -- reconstruction can be near-perfect from spanning coverage alone here; EV=0.996 is not evidence of a sparse decomposition yet.
step  11000  mse    1.628  L0   1101.2  EV  0.996  dead     2
WARNING step 11100: L0=1100.5 > d_model=768 -- reconstruction can be near-perfect from spanning coverage alone here; EV=0.996 is not evidence of a sparse decomposition yet.
step  11100  mse    1.616  L0   1100.5  EV  0.996  dead     2
WARNING step 11200: L0=1099.4 > d_model=768 -- reconstruction can be near-perfect from spanning coverage alone here; EV=0.996 is not evidence of a sparse decomposition yet.
step  11200  mse    1.626  L0   1099.4  EV  0.996  dead     2
WARNING step 11300: L0=1099.9 > d_model=768 -- reconstruction can be near-perfect from spanning coverage alone here; EV=0.996 is not evidence of a sparse decomposition yet.
step  11300  mse    1.620  L0   1099.9  EV  0.996  dead     3
WARNING step 11400: L0=1100.1 > d_model=768 -- reconstruction can be near-perfect from spanning coverage alone here; EV=0.996 is not evidence of a sparse decomposition yet.
step  11400  mse    1.613  L0   1100.1  EV  0.996  dead     6
WARNING step 11500: L0=1099.9 > d_model=768 -- reconstruction can be near-perfect from spanning coverage alone here; EV=0.996 is not evidence of a sparse decomposition yet.
step  11500  mse    1.612  L0   1099.9  EV  0.996  dead     7
WARNING step 11600: L0=1099.3 > d_model=768 -- reconstruction can be near-perfect from spanning coverage alone here; EV=0.996 is not evidence of a sparse decomposition yet.
step  11600  mse    1.605  L0   1099.3  EV  0.996  dead     7
WARNING step 11700: L0=1100.9 > d_model=768 -- reconstruction can be near-perfect from spanning coverage alone here; EV=0.996 is not evidence of a sparse decomposition yet.
step  11700  mse    1.611  L0   1100.9  EV  0.996  dead    10
WARNING step 11800: L0=1099.8 > d_model=768 -- reconstruction can be near-perfect from spanning coverage alone here; EV=0.996 is not evidence of a sparse decomposition yet.
step  11800  mse    1.601  L0   1099.8  EV  0.996  dead    15
WARNING step 11900: L0=1100.0 > d_model=768 -- reconstruction can be near-perfect from spanning coverage alone here; EV=0.996 is not evidence of a sparse decomposition yet.
step  11900  mse    1.626  L0   1100.0  EV  0.996  dead    21
WARNING step 12000: L0=1101.0 > d_model=768 -- reconstruction can be near-perfect from spanning coverage alone here; EV=0.996 is not evidence of a sparse decomposition yet.
step  12000  mse    1.618  L0   1101.0  EV  0.996  dead    25
WARNING step 12100: L0=1100.9 > d_model=768 -- reconstruction can be near-perfect from spanning coverage alone here; EV=0.996 is not evidence of a sparse decomposition yet.
step  12100  mse    1.628  L0   1100.9  EV  0.996  dead    33
WARNING step 12200: L0=1099.7 > d_model=768 -- reconstruction can be near-perfect from spanning coverage alone here; EV=0.996 is not evidence of a sparse decomposition yet.
step  12200  mse    1.611  L0   1099.7  EV  0.996  dead    51
WARNING step 12300: L0=1100.6 > d_model=768 -- reconstruction can be near-perfect from spanning coverage alone here; EV=0.996 is not evidence of a sparse decomposition yet.
step  12300  mse    1.624  L0   1100.6  EV  0.996  dead    68
WARNING step 12400: L0=1097.6 > d_model=768 -- reconstruction can be near-perfect from spanning coverage alone here; EV=0.996 is not evidence of a sparse decomposition yet.
step  12400  mse    1.609  L0   1097.6  EV  0.996  dead    80
WARNING step 12500: L0=1097.8 > d_model=768 -- reconstruction can be near-perfect from spanning coverage alone here; EV=0.996 is not evidence of a sparse decomposition yet.
step  12500  mse    1.613  L0   1097.8  EV  0.996  dead   101
WARNING step 12600: L0=1098.3 > d_model=768 -- reconstruction can be near-perfect from spanning coverage alone here; EV=0.996 is not evidence of a sparse decomposition yet.
step  12600  mse    1.610  L0   1098.3  EV  0.996  dead   120
WARNING step 12700: L0=1100.6 > d_model=768 -- reconstruction can be near-perfect from spanning coverage alone here; EV=0.996 is not evidence of a sparse decomposition yet.
step  12700  mse    1.599  L0   1100.6  EV  0.996  dead   156
WARNING step 12800: L0=1097.6 > d_model=768 -- reconstruction can be near-perfect from spanning coverage alone here; EV=0.997 is not evidence of a sparse decomposition yet.
step  12800  mse    1.570  L0   1097.6  EV  0.997  dead   200
WARNING step 12900: L0=1099.6 > d_model=768 -- reconstruction can be near-perfect from spanning coverage alone here; EV=0.996 is not evidence of a sparse decomposition yet.
step  12900  mse    1.609  L0   1099.6  EV  0.996  dead   243
WARNING step 13000: L0=1098.6 > d_model=768 -- reconstruction can be near-perfect from spanning coverage alone here; EV=0.996 is not evidence of a sparse decomposition yet.
step  13000  mse    1.580  L0   1098.6  EV  0.996  dead   288
WARNING step 13100: L0=1097.6 > d_model=768 -- reconstruction can be near-perfect from spanning coverage alone here; EV=0.996 is not evidence of a sparse decomposition yet.
step  13100  mse    1.586  L0   1097.6  EV  0.996  dead   328
WARNING step 13200: L0=1097.7 > d_model=768 -- reconstruction can be near-perfect from spanning coverage alone here; EV=0.996 is not evidence of a sparse decomposition yet.
step  13200  mse    1.585  L0   1097.7  EV  0.996  dead   376
WARNING step 13300: L0=1095.3 > d_model=768 -- reconstruction can be near-perfect from spanning coverage alone here; EV=0.996 is not evidence of a sparse decomposition yet.
step  13300  mse    1.571  L0   1095.3  EV  0.996  dead   431
WARNING step 13400: L0=1096.2 > d_model=768 -- reconstruction can be near-perfect from spanning coverage alone here; EV=0.996 is not evidence of a sparse decomposition yet.
step  13400  mse    1.589  L0   1096.2  EV  0.996  dead   495
WARNING step 13500: L0=1097.1 > d_model=768 -- reconstruction can be near-perfect from spanning coverage alone here; EV=0.997 is not evidence of a sparse decomposition yet.
step  13500  mse    1.556  L0   1097.1  EV  0.997  dead   543
WARNING step 13600: L0=1097.4 > d_model=768 -- reconstruction can be near-perfect from spanning coverage alone here; EV=0.996 is not evidence of a sparse decomposition yet.
step  13600  mse    1.624  L0   1097.4  EV  0.996  dead   584
WARNING step 13700: L0=1095.4 > d_model=768 -- reconstruction can be near-perfect from spanning coverage alone here; EV=0.996 is not evidence of a sparse decomposition yet.
step  13700  mse    1.595  L0   1095.4  EV  0.996  dead   635
WARNING step 13800: L0=1095.9 > d_model=768 -- reconstruction can be near-perfect from spanning coverage alone here; EV=0.996 is not evidence of a sparse decomposition yet.
step  13800  mse    1.567  L0   1095.9  EV  0.996  dead   683
WARNING step 13900: L0=1096.3 > d_model=768 -- reconstruction can be near-perfect from spanning coverage alone here; EV=0.997 is not evidence of a sparse decomposition yet.
step  13900  mse    1.525  L0   1096.3  EV  0.997  dead   743
WARNING step 14000: L0=1095.1 > d_model=768 -- reconstruction can be near-perfect from spanning coverage alone here; EV=0.996 is not evidence of a sparse decomposition yet.
step  14000  mse    1.568  L0   1095.1  EV  0.996  dead   799
WARNING step 14100: L0=1096.5 > d_model=768 -- reconstruction can be near-perfect from spanning coverage alone here; EV=0.997 is not evidence of a sparse decomposition yet.
step  14100  mse    1.560  L0   1096.5  EV  0.997  dead   850
WARNING step 14200: L0=1096.7 > d_model=768 -- reconstruction can be near-perfect from spanning coverage alone here; EV=0.996 is not evidence of a sparse decomposition yet.
step  14200  mse    1.573  L0   1096.7  EV  0.996  dead   882
WARNING step 14300: L0=1093.8 > d_model=768 -- reconstruction can be near-perfect from spanning coverage alone here; EV=0.997 is not evidence of a sparse decomposition yet.
step  14300  mse    1.545  L0   1093.8  EV  0.997  dead   932
WARNING step 14400: L0=1095.9 > d_model=768 -- reconstruction can be near-perfect from spanning coverage alone here; EV=0.997 is not evidence of a sparse decomposition yet.
step  14400  mse    1.560  L0   1095.9  EV  0.997  dead   964
WARNING step 14500: L0=1094.4 > d_model=768 -- reconstruction can be near-perfect from spanning coverage alone here; EV=0.996 is not evidence of a sparse decomposition yet.
step  14500  mse    1.598  L0   1094.4  EV  0.996  dead   996
WARNING step 14600: L0=1097.8 > d_model=768 -- reconstruction can be near-perfect from spanning coverage alone here; EV=0.996 is not evidence of a sparse decomposition yet.
step  14600  mse    1.595  L0   1097.8  EV  0.996  dead  1042
WARNING step 14700: L0=1094.4 > d_model=768 -- reconstruction can be near-perfect from spanning coverage alone here; EV=0.996 is not evidence of a sparse decomposition yet.
step  14700  mse    1.557  L0   1094.4  EV  0.996  dead  1079
WARNING step 14800: L0=1094.8 > d_model=768 -- reconstruction can be near-perfect from spanning coverage alone here; EV=0.996 is not evidence of a sparse decomposition yet.
step  14800  mse    1.614  L0   1094.8  EV  0.996  dead  1099
WARNING step 14900: L0=1095.1 > d_model=768 -- reconstruction can be near-perfect from spanning coverage alone here; EV=0.996 is not evidence of a sparse decomposition yet.
step  14900  mse    1.579  L0   1095.1  EV  0.996  dead  1113
WARNING step 14999: L0=1092.9 > d_model=768 -- reconstruction can be near-perfect from spanning coverage alone here; EV=0.997 is not evidence of a sparse decomposition yet.
step  14999  mse    1.522  L0   1092.9  EV  0.997  dead  1106

saved -> C:\Projects\sae-feature-reproducibility\checkpoints\full\sweep_l1_0.01262  (1095s)
--> L0=1095.2  EV=0.9965  dead=1106  (18.3 min)

=== sweep 4/6  l1_coeff=0.0317  run=sweep_l1_0.0317 ===
run=sweep_l1_0.0317  device=cuda
seed=0  data_seed=0  (pinned)
rows=12,700,000  d_sae=12288  steps=15,000  epochs=4.8
l1_coeff=0.0316979  norm_scale=0.268445 (from manifest)
decoder grad projection: ON
WARNING step 0: L0=6142.2 > d_model=768 -- reconstruction can be near-perfect from spanning coverage alone here; EV=-56.059 is not evidence of a sparse decomposition yet.
step      0  mse 25519.936  L0   6142.2  EV -56.059  dead     0
throughput (first 100 steps): 100,173 samples/s -> ~10.2 min projected
WARNING step 100: L0=2997.4 > d_model=768 -- reconstruction can be near-perfect from spanning coverage alone here; EV=-1.734 is not evidence of a sparse decomposition yet.
step    100  mse 1226.135  L0   2997.4  EV -1.734  dead     0
WARNING step 200: L0=2343.5 > d_model=768 -- reconstruction can be near-perfect from spanning coverage alone here; EV=-0.172 is not evidence of a sparse decomposition yet.
step    200  mse  523.050  L0   2343.5  EV -0.172  dead     0
WARNING step 300: L0=2219.9 > d_model=768 -- reconstruction can be near-perfect from spanning coverage alone here; EV=0.151 is not evidence of a sparse decomposition yet.
step    300  mse  380.968  L0   2219.9  EV  0.151  dead     0
WARNING step 400: L0=2076.8 > d_model=768 -- reconstruction can be near-perfect from spanning coverage alone here; EV=0.399 is not evidence of a sparse decomposition yet.
step    400  mse  270.204  L0   2076.8  EV  0.399  dead     0
WARNING step 500: L0=2221.6 > d_model=768 -- reconstruction can be near-perfect from spanning coverage alone here; EV=0.459 is not evidence of a sparse decomposition yet.
step    500  mse  241.057  L0   2221.6  EV  0.459  dead     0
WARNING step 600: L0=2201.2 > d_model=768 -- reconstruction can be near-perfect from spanning coverage alone here; EV=0.570 is not evidence of a sparse decomposition yet.
step    600  mse  193.160  L0   2201.2  EV  0.570  dead     0
WARNING step 700: L0=2232.5 > d_model=768 -- reconstruction can be near-perfect from spanning coverage alone here; EV=0.631 is not evidence of a sparse decomposition yet.
step    700  mse  165.382  L0   2232.5  EV  0.631  dead     0
WARNING step 800: L0=2210.7 > d_model=768 -- reconstruction can be near-perfect from spanning coverage alone here; EV=0.712 is not evidence of a sparse decomposition yet.
step    800  mse  128.916  L0   2210.7  EV  0.712  dead     0
WARNING step 900: L0=2240.4 > d_model=768 -- reconstruction can be near-perfect from spanning coverage alone here; EV=0.753 is not evidence of a sparse decomposition yet.
step    900  mse  109.693  L0   2240.4  EV  0.753  dead     0
WARNING step 1000: L0=2082.1 > d_model=768 -- reconstruction can be near-perfect from spanning coverage alone here; EV=0.800 is not evidence of a sparse decomposition yet.
step   1000  mse   89.280  L0   2082.1  EV  0.800  dead     0
WARNING step 1100: L0=2325.4 > d_model=768 -- reconstruction can be near-perfect from spanning coverage alone here; EV=0.827 is not evidence of a sparse decomposition yet.
step   1100  mse   77.604  L0   2325.4  EV  0.827  dead     0
WARNING step 1200: L0=2139.9 > d_model=768 -- reconstruction can be near-perfect from spanning coverage alone here; EV=0.867 is not evidence of a sparse decomposition yet.
step   1200  mse   59.450  L0   2139.9  EV  0.867  dead     0
WARNING step 1300: L0=2038.3 > d_model=768 -- reconstruction can be near-perfect from spanning coverage alone here; EV=0.901 is not evidence of a sparse decomposition yet.
step   1300  mse   44.529  L0   2038.3  EV  0.901  dead     0
WARNING step 1400: L0=1836.6 > d_model=768 -- reconstruction can be near-perfect from spanning coverage alone here; EV=0.921 is not evidence of a sparse decomposition yet.
step   1400  mse   35.123  L0   1836.6  EV  0.921  dead     0
WARNING step 1500: L0=1571.4 > d_model=768 -- reconstruction can be near-perfect from spanning coverage alone here; EV=0.943 is not evidence of a sparse decomposition yet.
step   1500  mse   25.389  L0   1571.4  EV  0.943  dead     0
WARNING step 1600: L0=1414.4 > d_model=768 -- reconstruction can be near-perfect from spanning coverage alone here; EV=0.956 is not evidence of a sparse decomposition yet.
step   1600  mse   19.823  L0   1414.4  EV  0.956  dead     0
WARNING step 1700: L0=1350.7 > d_model=768 -- reconstruction can be near-perfect from spanning coverage alone here; EV=0.963 is not evidence of a sparse decomposition yet.
step   1700  mse   16.392  L0   1350.7  EV  0.963  dead     0
WARNING step 1800: L0=1309.5 > d_model=768 -- reconstruction can be near-perfect from spanning coverage alone here; EV=0.969 is not evidence of a sparse decomposition yet.
step   1800  mse   13.735  L0   1309.5  EV  0.969  dead     0
WARNING step 1900: L0=1290.1 > d_model=768 -- reconstruction can be near-perfect from spanning coverage alone here; EV=0.974 is not evidence of a sparse decomposition yet.
step   1900  mse   11.521  L0   1290.1  EV  0.974  dead     0
WARNING step 2000: L0=1265.7 > d_model=768 -- reconstruction can be near-perfect from spanning coverage alone here; EV=0.978 is not evidence of a sparse decomposition yet.
step   2000  mse   10.047  L0   1265.7  EV  0.978  dead     0
WARNING step 2100: L0=1252.5 > d_model=768 -- reconstruction can be near-perfect from spanning coverage alone here; EV=0.980 is not evidence of a sparse decomposition yet.
step   2100  mse    9.142  L0   1252.5  EV  0.980  dead     0
WARNING step 2200: L0=1234.6 > d_model=768 -- reconstruction can be near-perfect from spanning coverage alone here; EV=0.981 is not evidence of a sparse decomposition yet.
step   2200  mse    8.378  L0   1234.6  EV  0.981  dead     0
WARNING step 2300: L0=1219.2 > d_model=768 -- reconstruction can be near-perfect from spanning coverage alone here; EV=0.983 is not evidence of a sparse decomposition yet.
step   2300  mse    7.529  L0   1219.2  EV  0.983  dead     0
WARNING step 2400: L0=1208.4 > d_model=768 -- reconstruction can be near-perfect from spanning coverage alone here; EV=0.984 is not evidence of a sparse decomposition yet.
step   2400  mse    7.141  L0   1208.4  EV  0.984  dead     0
WARNING step 2500: L0=1196.6 > d_model=768 -- reconstruction can be near-perfect from spanning coverage alone here; EV=0.985 is not evidence of a sparse decomposition yet.
step   2500  mse    6.680  L0   1196.6  EV  0.985  dead     0
WARNING step 2600: L0=1190.4 > d_model=768 -- reconstruction can be near-perfect from spanning coverage alone here; EV=0.986 is not evidence of a sparse decomposition yet.
step   2600  mse    6.438  L0   1190.4  EV  0.986  dead     0
WARNING step 2700: L0=1186.8 > d_model=768 -- reconstruction can be near-perfect from spanning coverage alone here; EV=0.986 is not evidence of a sparse decomposition yet.
step   2700  mse    6.321  L0   1186.8  EV  0.986  dead     0
WARNING step 2800: L0=1180.5 > d_model=768 -- reconstruction can be near-perfect from spanning coverage alone here; EV=0.986 is not evidence of a sparse decomposition yet.
step   2800  mse    6.156  L0   1180.5  EV  0.986  dead     0
WARNING step 2900: L0=1178.5 > d_model=768 -- reconstruction can be near-perfect from spanning coverage alone here; EV=0.987 is not evidence of a sparse decomposition yet.
step   2900  mse    5.929  L0   1178.5  EV  0.987  dead     0
WARNING step 3000: L0=1174.2 > d_model=768 -- reconstruction can be near-perfect from spanning coverage alone here; EV=0.987 is not evidence of a sparse decomposition yet.
step   3000  mse    5.859  L0   1174.2  EV  0.987  dead     0
WARNING step 3100: L0=1170.9 > d_model=768 -- reconstruction can be near-perfect from spanning coverage alone here; EV=0.987 is not evidence of a sparse decomposition yet.
step   3100  mse    5.874  L0   1170.9  EV  0.987  dead     0
WARNING step 3200: L0=1168.3 > d_model=768 -- reconstruction can be near-perfect from spanning coverage alone here; EV=0.987 is not evidence of a sparse decomposition yet.
step   3200  mse    5.647  L0   1168.3  EV  0.987  dead     0
WARNING step 3300: L0=1165.4 > d_model=768 -- reconstruction can be near-perfect from spanning coverage alone here; EV=0.988 is not evidence of a sparse decomposition yet.
step   3300  mse    5.546  L0   1165.4  EV  0.988  dead     0
WARNING step 3400: L0=1162.1 > d_model=768 -- reconstruction can be near-perfect from spanning coverage alone here; EV=0.988 is not evidence of a sparse decomposition yet.
step   3400  mse    5.485  L0   1162.1  EV  0.988  dead     0
WARNING step 3500: L0=1161.6 > d_model=768 -- reconstruction can be near-perfect from spanning coverage alone here; EV=0.988 is not evidence of a sparse decomposition yet.
step   3500  mse    5.427  L0   1161.6  EV  0.988  dead     0
WARNING step 3600: L0=1159.6 > d_model=768 -- reconstruction can be near-perfect from spanning coverage alone here; EV=0.988 is not evidence of a sparse decomposition yet.
step   3600  mse    5.249  L0   1159.6  EV  0.988  dead     0
WARNING step 3700: L0=1158.0 > d_model=768 -- reconstruction can be near-perfect from spanning coverage alone here; EV=0.988 is not evidence of a sparse decomposition yet.
step   3700  mse    5.450  L0   1158.0  EV  0.988  dead     0
WARNING step 3800: L0=1158.4 > d_model=768 -- reconstruction can be near-perfect from spanning coverage alone here; EV=0.988 is not evidence of a sparse decomposition yet.
step   3800  mse    5.231  L0   1158.4  EV  0.988  dead     0
WARNING step 3900: L0=1153.9 > d_model=768 -- reconstruction can be near-perfect from spanning coverage alone here; EV=0.988 is not evidence of a sparse decomposition yet.
step   3900  mse    5.274  L0   1153.9  EV  0.988  dead     0
WARNING step 4000: L0=1153.8 > d_model=768 -- reconstruction can be near-perfect from spanning coverage alone here; EV=0.988 is not evidence of a sparse decomposition yet.
step   4000  mse    5.215  L0   1153.8  EV  0.988  dead     0
WARNING step 4100: L0=1153.4 > d_model=768 -- reconstruction can be near-perfect from spanning coverage alone here; EV=0.988 is not evidence of a sparse decomposition yet.
step   4100  mse    5.169  L0   1153.4  EV  0.988  dead     0
WARNING step 4200: L0=1149.8 > d_model=768 -- reconstruction can be near-perfect from spanning coverage alone here; EV=0.989 is not evidence of a sparse decomposition yet.
step   4200  mse    5.106  L0   1149.8  EV  0.989  dead     0
WARNING step 4300: L0=1152.2 > d_model=768 -- reconstruction can be near-perfect from spanning coverage alone here; EV=0.989 is not evidence of a sparse decomposition yet.
step   4300  mse    5.025  L0   1152.2  EV  0.989  dead     0
WARNING step 4400: L0=1146.4 > d_model=768 -- reconstruction can be near-perfect from spanning coverage alone here; EV=0.989 is not evidence of a sparse decomposition yet.
step   4400  mse    4.977  L0   1146.4  EV  0.989  dead     0
WARNING step 4500: L0=1151.2 > d_model=768 -- reconstruction can be near-perfect from spanning coverage alone here; EV=0.989 is not evidence of a sparse decomposition yet.
step   4500  mse    4.949  L0   1151.2  EV  0.989  dead     0
WARNING step 4600: L0=1148.6 > d_model=768 -- reconstruction can be near-perfect from spanning coverage alone here; EV=0.989 is not evidence of a sparse decomposition yet.
step   4600  mse    4.957  L0   1148.6  EV  0.989  dead     0
WARNING step 4700: L0=1148.5 > d_model=768 -- reconstruction can be near-perfect from spanning coverage alone here; EV=0.989 is not evidence of a sparse decomposition yet.
step   4700  mse    4.979  L0   1148.5  EV  0.989  dead     0
WARNING step 4800: L0=1145.1 > d_model=768 -- reconstruction can be near-perfect from spanning coverage alone here; EV=0.989 is not evidence of a sparse decomposition yet.
step   4800  mse    4.882  L0   1145.1  EV  0.989  dead     0
WARNING step 4900: L0=1142.2 > d_model=768 -- reconstruction can be near-perfect from spanning coverage alone here; EV=0.989 is not evidence of a sparse decomposition yet.
step   4900  mse    4.902  L0   1142.2  EV  0.989  dead     0
WARNING step 5000: L0=1145.2 > d_model=768 -- reconstruction can be near-perfect from spanning coverage alone here; EV=0.989 is not evidence of a sparse decomposition yet.
step   5000  mse    4.877  L0   1145.2  EV  0.989  dead     0
WARNING step 5100: L0=1144.3 > d_model=768 -- reconstruction can be near-perfect from spanning coverage alone here; EV=0.989 is not evidence of a sparse decomposition yet.
step   5100  mse    4.898  L0   1144.3  EV  0.989  dead     0
WARNING step 5200: L0=1142.4 > d_model=768 -- reconstruction can be near-perfect from spanning coverage alone here; EV=0.989 is not evidence of a sparse decomposition yet.
step   5200  mse    4.849  L0   1142.4  EV  0.989  dead     0
WARNING step 5300: L0=1144.6 > d_model=768 -- reconstruction can be near-perfect from spanning coverage alone here; EV=0.989 is not evidence of a sparse decomposition yet.
step   5300  mse    4.741  L0   1144.6  EV  0.989  dead     0
WARNING step 5400: L0=1144.1 > d_model=768 -- reconstruction can be near-perfect from spanning coverage alone here; EV=0.989 is not evidence of a sparse decomposition yet.
step   5400  mse    4.798  L0   1144.1  EV  0.989  dead     0
WARNING step 5500: L0=1139.9 > d_model=768 -- reconstruction can be near-perfect from spanning coverage alone here; EV=0.989 is not evidence of a sparse decomposition yet.
step   5500  mse    4.705  L0   1139.9  EV  0.989  dead     0
WARNING step 5600: L0=1140.6 > d_model=768 -- reconstruction can be near-perfect from spanning coverage alone here; EV=0.989 is not evidence of a sparse decomposition yet.
step   5600  mse    4.843  L0   1140.6  EV  0.989  dead     0
WARNING step 5700: L0=1139.4 > d_model=768 -- reconstruction can be near-perfect from spanning coverage alone here; EV=0.989 is not evidence of a sparse decomposition yet.
step   5700  mse    4.765  L0   1139.4  EV  0.989  dead     0
WARNING step 5800: L0=1141.5 > d_model=768 -- reconstruction can be near-perfect from spanning coverage alone here; EV=0.989 is not evidence of a sparse decomposition yet.
step   5800  mse    4.722  L0   1141.5  EV  0.989  dead     0
WARNING step 5900: L0=1138.8 > d_model=768 -- reconstruction can be near-perfect from spanning coverage alone here; EV=0.989 is not evidence of a sparse decomposition yet.
step   5900  mse    4.702  L0   1138.8  EV  0.989  dead     0
WARNING step 6000: L0=1139.9 > d_model=768 -- reconstruction can be near-perfect from spanning coverage alone here; EV=0.989 is not evidence of a sparse decomposition yet.
step   6000  mse    4.742  L0   1139.9  EV  0.989  dead     0
WARNING step 6100: L0=1139.4 > d_model=768 -- reconstruction can be near-perfect from spanning coverage alone here; EV=0.990 is not evidence of a sparse decomposition yet.
step   6100  mse    4.709  L0   1139.4  EV  0.990  dead     0
WARNING step 6200: L0=1136.6 > d_model=768 -- reconstruction can be near-perfect from spanning coverage alone here; EV=0.990 is not evidence of a sparse decomposition yet.
step   6200  mse    4.586  L0   1136.6  EV  0.990  dead     0
WARNING step 6300: L0=1137.4 > d_model=768 -- reconstruction can be near-perfect from spanning coverage alone here; EV=0.990 is not evidence of a sparse decomposition yet.
step   6300  mse    4.596  L0   1137.4  EV  0.990  dead     0
WARNING step 6400: L0=1139.3 > d_model=768 -- reconstruction can be near-perfect from spanning coverage alone here; EV=0.990 is not evidence of a sparse decomposition yet.
step   6400  mse    4.578  L0   1139.3  EV  0.990  dead     0
WARNING step 6500: L0=1139.8 > d_model=768 -- reconstruction can be near-perfect from spanning coverage alone here; EV=0.990 is not evidence of a sparse decomposition yet.
step   6500  mse    4.641  L0   1139.8  EV  0.990  dead     0
WARNING step 6600: L0=1135.5 > d_model=768 -- reconstruction can be near-perfect from spanning coverage alone here; EV=0.990 is not evidence of a sparse decomposition yet.
step   6600  mse    4.557  L0   1135.5  EV  0.990  dead     0
WARNING step 6700: L0=1139.9 > d_model=768 -- reconstruction can be near-perfect from spanning coverage alone here; EV=0.990 is not evidence of a sparse decomposition yet.
step   6700  mse    4.631  L0   1139.9  EV  0.990  dead     0
WARNING step 6800: L0=1137.2 > d_model=768 -- reconstruction can be near-perfect from spanning coverage alone here; EV=0.990 is not evidence of a sparse decomposition yet.
step   6800  mse    4.496  L0   1137.2  EV  0.990  dead     0
WARNING step 6900: L0=1137.9 > d_model=768 -- reconstruction can be near-perfect from spanning coverage alone here; EV=0.990 is not evidence of a sparse decomposition yet.
step   6900  mse    4.488  L0   1137.9  EV  0.990  dead     0
WARNING step 7000: L0=1136.5 > d_model=768 -- reconstruction can be near-perfect from spanning coverage alone here; EV=0.990 is not evidence of a sparse decomposition yet.
step   7000  mse    4.553  L0   1136.5  EV  0.990  dead     0
WARNING step 7100: L0=1138.2 > d_model=768 -- reconstruction can be near-perfect from spanning coverage alone here; EV=0.990 is not evidence of a sparse decomposition yet.
step   7100  mse    4.559  L0   1138.2  EV  0.990  dead     0
WARNING step 7200: L0=1137.5 > d_model=768 -- reconstruction can be near-perfect from spanning coverage alone here; EV=0.990 is not evidence of a sparse decomposition yet.
step   7200  mse    4.451  L0   1137.5  EV  0.990  dead     0
WARNING step 7300: L0=1135.1 > d_model=768 -- reconstruction can be near-perfect from spanning coverage alone here; EV=0.990 is not evidence of a sparse decomposition yet.
step   7300  mse    4.418  L0   1135.1  EV  0.990  dead     0
WARNING step 7400: L0=1139.9 > d_model=768 -- reconstruction can be near-perfect from spanning coverage alone here; EV=0.990 is not evidence of a sparse decomposition yet.
step   7400  mse    4.523  L0   1139.9  EV  0.990  dead     0
WARNING step 7500: L0=1137.8 > d_model=768 -- reconstruction can be near-perfect from spanning coverage alone here; EV=0.990 is not evidence of a sparse decomposition yet.
step   7500  mse    4.429  L0   1137.8  EV  0.990  dead     0
WARNING step 7600: L0=1141.9 > d_model=768 -- reconstruction can be near-perfect from spanning coverage alone here; EV=0.990 is not evidence of a sparse decomposition yet.
step   7600  mse    4.460  L0   1141.9  EV  0.990  dead     0
WARNING step 7700: L0=1138.1 > d_model=768 -- reconstruction can be near-perfect from spanning coverage alone here; EV=0.990 is not evidence of a sparse decomposition yet.
step   7700  mse    4.358  L0   1138.1  EV  0.990  dead     0
WARNING step 7800: L0=1140.9 > d_model=768 -- reconstruction can be near-perfect from spanning coverage alone here; EV=0.990 is not evidence of a sparse decomposition yet.
step   7800  mse    4.388  L0   1140.9  EV  0.990  dead     0
WARNING step 7900: L0=1140.5 > d_model=768 -- reconstruction can be near-perfect from spanning coverage alone here; EV=0.990 is not evidence of a sparse decomposition yet.
step   7900  mse    4.453  L0   1140.5  EV  0.990  dead     0
WARNING step 8000: L0=1141.2 > d_model=768 -- reconstruction can be near-perfect from spanning coverage alone here; EV=0.990 is not evidence of a sparse decomposition yet.
step   8000  mse    4.364  L0   1141.2  EV  0.990  dead     0
WARNING step 8100: L0=1142.7 > d_model=768 -- reconstruction can be near-perfect from spanning coverage alone here; EV=0.990 is not evidence of a sparse decomposition yet.
step   8100  mse    4.339  L0   1142.7  EV  0.990  dead     0
WARNING step 8200: L0=1145.5 > d_model=768 -- reconstruction can be near-perfect from spanning coverage alone here; EV=0.990 is not evidence of a sparse decomposition yet.
step   8200  mse    4.314  L0   1145.5  EV  0.990  dead     0
WARNING step 8300: L0=1145.4 > d_model=768 -- reconstruction can be near-perfect from spanning coverage alone here; EV=0.990 is not evidence of a sparse decomposition yet.
step   8300  mse    4.319  L0   1145.4  EV  0.990  dead     0
WARNING step 8400: L0=1146.5 > d_model=768 -- reconstruction can be near-perfect from spanning coverage alone here; EV=0.990 is not evidence of a sparse decomposition yet.
step   8400  mse    4.315  L0   1146.5  EV  0.990  dead     0
WARNING step 8500: L0=1146.8 > d_model=768 -- reconstruction can be near-perfect from spanning coverage alone here; EV=0.990 is not evidence of a sparse decomposition yet.
step   8500  mse    4.379  L0   1146.8  EV  0.990  dead     0
WARNING step 8600: L0=1148.0 > d_model=768 -- reconstruction can be near-perfect from spanning coverage alone here; EV=0.990 is not evidence of a sparse decomposition yet.
step   8600  mse    4.283  L0   1148.0  EV  0.990  dead     0
WARNING step 8700: L0=1152.4 > d_model=768 -- reconstruction can be near-perfect from spanning coverage alone here; EV=0.990 is not evidence of a sparse decomposition yet.
step   8700  mse    4.280  L0   1152.4  EV  0.990  dead     0
WARNING step 8800: L0=1155.9 > d_model=768 -- reconstruction can be near-perfect from spanning coverage alone here; EV=0.990 is not evidence of a sparse decomposition yet.
step   8800  mse    4.343  L0   1155.9  EV  0.990  dead     0
WARNING step 8900: L0=1155.7 > d_model=768 -- reconstruction can be near-perfect from spanning coverage alone here; EV=0.991 is not evidence of a sparse decomposition yet.
step   8900  mse    4.264  L0   1155.7  EV  0.991  dead     0
WARNING step 9000: L0=1160.2 > d_model=768 -- reconstruction can be near-perfect from spanning coverage alone here; EV=0.991 is not evidence of a sparse decomposition yet.
step   9000  mse    4.253  L0   1160.2  EV  0.991  dead     0
WARNING step 9100: L0=1166.2 > d_model=768 -- reconstruction can be near-perfect from spanning coverage alone here; EV=0.990 is not evidence of a sparse decomposition yet.
step   9100  mse    4.245  L0   1166.2  EV  0.990  dead     0
WARNING step 9200: L0=1166.3 > d_model=768 -- reconstruction can be near-perfect from spanning coverage alone here; EV=0.991 is not evidence of a sparse decomposition yet.
step   9200  mse    4.235  L0   1166.3  EV  0.991  dead     0
WARNING step 9300: L0=1170.5 > d_model=768 -- reconstruction can be near-perfect from spanning coverage alone here; EV=0.991 is not evidence of a sparse decomposition yet.
step   9300  mse    4.201  L0   1170.5  EV  0.991  dead     0
WARNING step 9400: L0=1176.9 > d_model=768 -- reconstruction can be near-perfect from spanning coverage alone here; EV=0.990 is not evidence of a sparse decomposition yet.
step   9400  mse    4.273  L0   1176.9  EV  0.990  dead     0
WARNING step 9500: L0=1178.9 > d_model=768 -- reconstruction can be near-perfect from spanning coverage alone here; EV=0.991 is not evidence of a sparse decomposition yet.
step   9500  mse    4.253  L0   1178.9  EV  0.991  dead     0
WARNING step 9600: L0=1190.3 > d_model=768 -- reconstruction can be near-perfect from spanning coverage alone here; EV=0.991 is not evidence of a sparse decomposition yet.
step   9600  mse    4.230  L0   1190.3  EV  0.991  dead     0
WARNING step 9700: L0=1192.5 > d_model=768 -- reconstruction can be near-perfect from spanning coverage alone here; EV=0.991 is not evidence of a sparse decomposition yet.
step   9700  mse    4.240  L0   1192.5  EV  0.991  dead     0
WARNING step 9800: L0=1199.7 > d_model=768 -- reconstruction can be near-perfect from spanning coverage alone here; EV=0.991 is not evidence of a sparse decomposition yet.
step   9800  mse    4.190  L0   1199.7  EV  0.991  dead     0
WARNING step 9900: L0=1208.6 > d_model=768 -- reconstruction can be near-perfect from spanning coverage alone here; EV=0.991 is not evidence of a sparse decomposition yet.
step   9900  mse    4.221  L0   1208.6  EV  0.991  dead     0
WARNING step 10000: L0=1214.3 > d_model=768 -- reconstruction can be near-perfect from spanning coverage alone here; EV=0.990 is not evidence of a sparse decomposition yet.
step  10000  mse    4.290  L0   1214.3  EV  0.990  dead     0
WARNING step 10100: L0=1219.8 > d_model=768 -- reconstruction can be near-perfect from spanning coverage alone here; EV=0.991 is not evidence of a sparse decomposition yet.
step  10100  mse    4.185  L0   1219.8  EV  0.991  dead     0
WARNING step 10200: L0=1231.3 > d_model=768 -- reconstruction can be near-perfect from spanning coverage alone here; EV=0.991 is not evidence of a sparse decomposition yet.
step  10200  mse    4.231  L0   1231.3  EV  0.991  dead     0
WARNING step 10300: L0=1237.7 > d_model=768 -- reconstruction can be near-perfect from spanning coverage alone here; EV=0.991 is not evidence of a sparse decomposition yet.
step  10300  mse    4.188  L0   1237.7  EV  0.991  dead     0
WARNING step 10400: L0=1246.6 > d_model=768 -- reconstruction can be near-perfect from spanning coverage alone here; EV=0.991 is not evidence of a sparse decomposition yet.
step  10400  mse    4.210  L0   1246.6  EV  0.991  dead     0
WARNING step 10500: L0=1255.4 > d_model=768 -- reconstruction can be near-perfect from spanning coverage alone here; EV=0.991 is not evidence of a sparse decomposition yet.
step  10500  mse    4.171  L0   1255.4  EV  0.991  dead     0
WARNING step 10600: L0=1264.7 > d_model=768 -- reconstruction can be near-perfect from spanning coverage alone here; EV=0.991 is not evidence of a sparse decomposition yet.
step  10600  mse    4.197  L0   1264.7  EV  0.991  dead     0
WARNING step 10700: L0=1282.4 > d_model=768 -- reconstruction can be near-perfect from spanning coverage alone here; EV=0.991 is not evidence of a sparse decomposition yet.
step  10700  mse    4.202  L0   1282.4  EV  0.991  dead     0
WARNING step 10800: L0=1298.8 > d_model=768 -- reconstruction can be near-perfect from spanning coverage alone here; EV=0.991 is not evidence of a sparse decomposition yet.
step  10800  mse    4.184  L0   1298.8  EV  0.991  dead     0
WARNING step 10900: L0=1312.6 > d_model=768 -- reconstruction can be near-perfect from spanning coverage alone here; EV=0.991 is not evidence of a sparse decomposition yet.
step  10900  mse    4.211  L0   1312.6  EV  0.991  dead     0
WARNING step 11000: L0=1329.7 > d_model=768 -- reconstruction can be near-perfect from spanning coverage alone here; EV=0.991 is not evidence of a sparse decomposition yet.
step  11000  mse    4.195  L0   1329.7  EV  0.991  dead     0
WARNING step 11100: L0=1346.9 > d_model=768 -- reconstruction can be near-perfect from spanning coverage alone here; EV=0.991 is not evidence of a sparse decomposition yet.
step  11100  mse    4.176  L0   1346.9  EV  0.991  dead     0
WARNING step 11200: L0=1366.1 > d_model=768 -- reconstruction can be near-perfect from spanning coverage alone here; EV=0.991 is not evidence of a sparse decomposition yet.
step  11200  mse    4.136  L0   1366.1  EV  0.991  dead     0
WARNING step 11300: L0=1386.4 > d_model=768 -- reconstruction can be near-perfect from spanning coverage alone here; EV=0.991 is not evidence of a sparse decomposition yet.
step  11300  mse    4.160  L0   1386.4  EV  0.991  dead     0
WARNING step 11400: L0=1410.3 > d_model=768 -- reconstruction can be near-perfect from spanning coverage alone here; EV=0.991 is not evidence of a sparse decomposition yet.
step  11400  mse    4.187  L0   1410.3  EV  0.991  dead     0
WARNING step 11500: L0=1430.1 > d_model=768 -- reconstruction can be near-perfect from spanning coverage alone here; EV=0.991 is not evidence of a sparse decomposition yet.
step  11500  mse    4.154  L0   1430.1  EV  0.991  dead     0
WARNING step 11600: L0=1457.4 > d_model=768 -- reconstruction can be near-perfect from spanning coverage alone here; EV=0.991 is not evidence of a sparse decomposition yet.
step  11600  mse    4.145  L0   1457.4  EV  0.991  dead     0
WARNING step 11700: L0=1490.5 > d_model=768 -- reconstruction can be near-perfect from spanning coverage alone here; EV=0.991 is not evidence of a sparse decomposition yet.
step  11700  mse    4.150  L0   1490.5  EV  0.991  dead     0
WARNING step 11800: L0=1519.0 > d_model=768 -- reconstruction can be near-perfect from spanning coverage alone here; EV=0.991 is not evidence of a sparse decomposition yet.
step  11800  mse    4.176  L0   1519.0  EV  0.991  dead     0
WARNING step 11900: L0=1549.2 > d_model=768 -- reconstruction can be near-perfect from spanning coverage alone here; EV=0.991 is not evidence of a sparse decomposition yet.
step  11900  mse    4.222  L0   1549.2  EV  0.991  dead     0
WARNING step 12000: L0=1580.5 > d_model=768 -- reconstruction can be near-perfect from spanning coverage alone here; EV=0.991 is not evidence of a sparse decomposition yet.
step  12000  mse    4.238  L0   1580.5  EV  0.991  dead     0
WARNING step 12100: L0=1612.2 > d_model=768 -- reconstruction can be near-perfect from spanning coverage alone here; EV=0.991 is not evidence of a sparse decomposition yet.
step  12100  mse    4.238  L0   1612.2  EV  0.991  dead     0
WARNING step 12200: L0=1639.9 > d_model=768 -- reconstruction can be near-perfect from spanning coverage alone here; EV=0.991 is not evidence of a sparse decomposition yet.
step  12200  mse    4.160  L0   1639.9  EV  0.991  dead     0
WARNING step 12300: L0=1679.6 > d_model=768 -- reconstruction can be near-perfect from spanning coverage alone here; EV=0.991 is not evidence of a sparse decomposition yet.
step  12300  mse    4.273  L0   1679.6  EV  0.991  dead     0
WARNING step 12400: L0=1704.6 > d_model=768 -- reconstruction can be near-perfect from spanning coverage alone here; EV=0.991 is not evidence of a sparse decomposition yet.
step  12400  mse    4.195  L0   1704.6  EV  0.991  dead     0
WARNING step 12500: L0=1736.2 > d_model=768 -- reconstruction can be near-perfect from spanning coverage alone here; EV=0.991 is not evidence of a sparse decomposition yet.
step  12500  mse    4.185  L0   1736.2  EV  0.991  dead     0
WARNING step 12600: L0=1773.2 > d_model=768 -- reconstruction can be near-perfect from spanning coverage alone here; EV=0.991 is not evidence of a sparse decomposition yet.
step  12600  mse    4.190  L0   1773.2  EV  0.991  dead     0
WARNING step 12700: L0=1820.2 > d_model=768 -- reconstruction can be near-perfect from spanning coverage alone here; EV=0.991 is not evidence of a sparse decomposition yet.
step  12700  mse    4.227  L0   1820.2  EV  0.991  dead     0
WARNING step 12800: L0=1845.7 > d_model=768 -- reconstruction can be near-perfect from spanning coverage alone here; EV=0.991 is not evidence of a sparse decomposition yet.
step  12800  mse    4.206  L0   1845.7  EV  0.991  dead     0
WARNING step 12900: L0=1903.4 > d_model=768 -- reconstruction can be near-perfect from spanning coverage alone here; EV=0.990 is not evidence of a sparse decomposition yet.
step  12900  mse    4.268  L0   1903.4  EV  0.990  dead     0
WARNING step 13000: L0=1938.3 > d_model=768 -- reconstruction can be near-perfect from spanning coverage alone here; EV=0.990 is not evidence of a sparse decomposition yet.
step  13000  mse    4.255  L0   1938.3  EV  0.990  dead     0
WARNING step 13100: L0=1978.6 > d_model=768 -- reconstruction can be near-perfect from spanning coverage alone here; EV=0.991 is not evidence of a sparse decomposition yet.
step  13100  mse    4.226  L0   1978.6  EV  0.991  dead     0
WARNING step 13200: L0=2015.7 > d_model=768 -- reconstruction can be near-perfect from spanning coverage alone here; EV=0.991 is not evidence of a sparse decomposition yet.
step  13200  mse    4.224  L0   2015.7  EV  0.991  dead     0
WARNING step 13300: L0=2042.5 > d_model=768 -- reconstruction can be near-perfect from spanning coverage alone here; EV=0.991 is not evidence of a sparse decomposition yet.
step  13300  mse    4.166  L0   2042.5  EV  0.991  dead     0
WARNING step 13400: L0=2082.3 > d_model=768 -- reconstruction can be near-perfect from spanning coverage alone here; EV=0.991 is not evidence of a sparse decomposition yet.
step  13400  mse    4.204  L0   2082.3  EV  0.991  dead     0
WARNING step 13500: L0=2123.4 > d_model=768 -- reconstruction can be near-perfect from spanning coverage alone here; EV=0.991 is not evidence of a sparse decomposition yet.
step  13500  mse    4.169  L0   2123.4  EV  0.991  dead     0
WARNING step 13600: L0=2162.6 > d_model=768 -- reconstruction can be near-perfect from spanning coverage alone here; EV=0.991 is not evidence of a sparse decomposition yet.
step  13600  mse    4.221  L0   2162.6  EV  0.991  dead     0
WARNING step 13700: L0=2190.3 > d_model=768 -- reconstruction can be near-perfect from spanning coverage alone here; EV=0.991 is not evidence of a sparse decomposition yet.
step  13700  mse    4.159  L0   2190.3  EV  0.991  dead     0
WARNING step 13800: L0=2233.8 > d_model=768 -- reconstruction can be near-perfect from spanning coverage alone here; EV=0.991 is not evidence of a sparse decomposition yet.
step  13800  mse    4.164  L0   2233.8  EV  0.991  dead     0
WARNING step 13900: L0=2265.7 > d_model=768 -- reconstruction can be near-perfect from spanning coverage alone here; EV=0.991 is not evidence of a sparse decomposition yet.
step  13900  mse    4.160  L0   2265.7  EV  0.991  dead     0
WARNING step 14000: L0=2308.3 > d_model=768 -- reconstruction can be near-perfect from spanning coverage alone here; EV=0.991 is not evidence of a sparse decomposition yet.
step  14000  mse    4.148  L0   2308.3  EV  0.991  dead     0
WARNING step 14100: L0=2344.1 > d_model=768 -- reconstruction can be near-perfect from spanning coverage alone here; EV=0.991 is not evidence of a sparse decomposition yet.
step  14100  mse    4.177  L0   2344.1  EV  0.991  dead     0
WARNING step 14200: L0=2386.8 > d_model=768 -- reconstruction can be near-perfect from spanning coverage alone here; EV=0.991 is not evidence of a sparse decomposition yet.
step  14200  mse    4.173  L0   2386.8  EV  0.991  dead     0
WARNING step 14300: L0=2397.4 > d_model=768 -- reconstruction can be near-perfect from spanning coverage alone here; EV=0.991 is not evidence of a sparse decomposition yet.
step  14300  mse    4.067  L0   2397.4  EV  0.991  dead     0
WARNING step 14400: L0=2438.6 > d_model=768 -- reconstruction can be near-perfect from spanning coverage alone here; EV=0.991 is not evidence of a sparse decomposition yet.
step  14400  mse    4.164  L0   2438.6  EV  0.991  dead     0
WARNING step 14500: L0=2467.6 > d_model=768 -- reconstruction can be near-perfect from spanning coverage alone here; EV=0.991 is not evidence of a sparse decomposition yet.
step  14500  mse    4.114  L0   2467.6  EV  0.991  dead     0
WARNING step 14600: L0=2514.7 > d_model=768 -- reconstruction can be near-perfect from spanning coverage alone here; EV=0.991 is not evidence of a sparse decomposition yet.
step  14600  mse    4.131  L0   2514.7  EV  0.991  dead     0
WARNING step 14700: L0=2532.4 > d_model=768 -- reconstruction can be near-perfect from spanning coverage alone here; EV=0.991 is not evidence of a sparse decomposition yet.
step  14700  mse    3.961  L0   2532.4  EV  0.991  dead     0
WARNING step 14800: L0=2554.1 > d_model=768 -- reconstruction can be near-perfect from spanning coverage alone here; EV=0.991 is not evidence of a sparse decomposition yet.
step  14800  mse    4.006  L0   2554.1  EV  0.991  dead     0
WARNING step 14900: L0=2588.0 > d_model=768 -- reconstruction can be near-perfect from spanning coverage alone here; EV=0.991 is not evidence of a sparse decomposition yet.
step  14900  mse    3.933  L0   2588.0  EV  0.991  dead     0
WARNING step 14999: L0=2591.6 > d_model=768 -- reconstruction can be near-perfect from spanning coverage alone here; EV=0.992 is not evidence of a sparse decomposition yet.
step  14999  mse    3.779  L0   2591.6  EV  0.992  dead     0

saved -> C:\Projects\sae-feature-reproducibility\checkpoints\full\sweep_l1_0.0317  (1068s)
--> L0=2481.6  EV=0.9910  dead=0  (17.8 min)

=== sweep 5/6  l1_coeff=0.07962  run=sweep_l1_0.07962 ===
run=sweep_l1_0.07962  device=cuda
seed=0  data_seed=0  (pinned)
rows=12,700,000  d_sae=12288  steps=15,000  epochs=4.8
l1_coeff=0.0796214  norm_scale=0.268445 (from manifest)
decoder grad projection: ON
WARNING step 0: L0=6142.2 > d_model=768 -- reconstruction can be near-perfect from spanning coverage alone here; EV=-56.059 is not evidence of a sparse decomposition yet.
step      0  mse 25519.936  L0   6142.2  EV -56.059  dead     0
throughput (first 100 steps): 103,030 samples/s -> ~9.9 min projected
WARNING step 100: L0=3025.0 > d_model=768 -- reconstruction can be near-perfect from spanning coverage alone here; EV=-1.735 is not evidence of a sparse decomposition yet.
step    100  mse 1226.821  L0   3025.0  EV -1.735  dead     0
WARNING step 200: L0=2391.8 > d_model=768 -- reconstruction can be near-perfect from spanning coverage alone here; EV=-0.150 is not evidence of a sparse decomposition yet.
step    200  mse  513.302  L0   2391.8  EV -0.150  dead     0
WARNING step 300: L0=2288.0 > d_model=768 -- reconstruction can be near-perfect from spanning coverage alone here; EV=0.171 is not evidence of a sparse decomposition yet.
step    300  mse  371.854  L0   2288.0  EV  0.171  dead     0
WARNING step 400: L0=2155.3 > d_model=768 -- reconstruction can be near-perfect from spanning coverage alone here; EV=0.420 is not evidence of a sparse decomposition yet.
step    400  mse  260.930  L0   2155.3  EV  0.420  dead     0
WARNING step 500: L0=2305.5 > d_model=768 -- reconstruction can be near-perfect from spanning coverage alone here; EV=0.484 is not evidence of a sparse decomposition yet.
step    500  mse  230.127  L0   2305.5  EV  0.484  dead     0
WARNING step 600: L0=2270.5 > d_model=768 -- reconstruction can be near-perfect from spanning coverage alone here; EV=0.596 is not evidence of a sparse decomposition yet.
step    600  mse  181.439  L0   2270.5  EV  0.596  dead     0
WARNING step 700: L0=2240.4 > d_model=768 -- reconstruction can be near-perfect from spanning coverage alone here; EV=0.684 is not evidence of a sparse decomposition yet.
step    700  mse  141.913  L0   2240.4  EV  0.684  dead     0
WARNING step 800: L0=2004.5 > d_model=768 -- reconstruction can be near-perfect from spanning coverage alone here; EV=0.768 is not evidence of a sparse decomposition yet.
step    800  mse  103.500  L0   2004.5  EV  0.768  dead     0
WARNING step 900: L0=1545.2 > d_model=768 -- reconstruction can be near-perfect from spanning coverage alone here; EV=0.832 is not evidence of a sparse decomposition yet.
step    900  mse   74.598  L0   1545.2  EV  0.832  dead     0
WARNING step 1000: L0=1280.4 > d_model=768 -- reconstruction can be near-perfect from spanning coverage alone here; EV=0.866 is not evidence of a sparse decomposition yet.
step   1000  mse   59.921  L0   1280.4  EV  0.866  dead     0
WARNING step 1100: L0=1233.7 > d_model=768 -- reconstruction can be near-perfect from spanning coverage alone here; EV=0.891 is not evidence of a sparse decomposition yet.
step   1100  mse   48.725  L0   1233.7  EV  0.891  dead     0
WARNING step 1200: L0=1204.3 > d_model=768 -- reconstruction can be near-perfect from spanning coverage alone here; EV=0.903 is not evidence of a sparse decomposition yet.
step   1200  mse   43.341  L0   1204.3  EV  0.903  dead     0
WARNING step 1300: L0=1196.0 > d_model=768 -- reconstruction can be near-perfect from spanning coverage alone here; EV=0.915 is not evidence of a sparse decomposition yet.
step   1300  mse   38.138  L0   1196.0  EV  0.915  dead     0
WARNING step 1400: L0=1199.2 > d_model=768 -- reconstruction can be near-perfect from spanning coverage alone here; EV=0.922 is not evidence of a sparse decomposition yet.
step   1400  mse   34.718  L0   1199.2  EV  0.922  dead     0
WARNING step 1500: L0=1202.6 > d_model=768 -- reconstruction can be near-perfect from spanning coverage alone here; EV=0.930 is not evidence of a sparse decomposition yet.
step   1500  mse   31.266  L0   1202.6  EV  0.930  dead     0
WARNING step 1600: L0=1204.2 > d_model=768 -- reconstruction can be near-perfect from spanning coverage alone here; EV=0.936 is not evidence of a sparse decomposition yet.
step   1600  mse   28.457  L0   1204.2  EV  0.936  dead     0
WARNING step 1700: L0=1208.7 > d_model=768 -- reconstruction can be near-perfect from spanning coverage alone here; EV=0.941 is not evidence of a sparse decomposition yet.
step   1700  mse   26.489  L0   1208.7  EV  0.941  dead     0
WARNING step 1800: L0=1216.5 > d_model=768 -- reconstruction can be near-perfect from spanning coverage alone here; EV=0.945 is not evidence of a sparse decomposition yet.
step   1800  mse   24.566  L0   1216.5  EV  0.945  dead     0
WARNING step 1900: L0=1224.6 > d_model=768 -- reconstruction can be near-perfect from spanning coverage alone here; EV=0.949 is not evidence of a sparse decomposition yet.
step   1900  mse   22.585  L0   1224.6  EV  0.949  dead     0
WARNING step 2000: L0=1233.5 > d_model=768 -- reconstruction can be near-perfect from spanning coverage alone here; EV=0.953 is not evidence of a sparse decomposition yet.
step   2000  mse   21.039  L0   1233.5  EV  0.953  dead     0
WARNING step 2100: L0=1236.7 > d_model=768 -- reconstruction can be near-perfect from spanning coverage alone here; EV=0.956 is not evidence of a sparse decomposition yet.
step   2100  mse   19.937  L0   1236.7  EV  0.956  dead     0
WARNING step 2200: L0=1254.4 > d_model=768 -- reconstruction can be near-perfect from spanning coverage alone here; EV=0.957 is not evidence of a sparse decomposition yet.
step   2200  mse   19.131  L0   1254.4  EV  0.957  dead     0
WARNING step 2300: L0=1254.5 > d_model=768 -- reconstruction can be near-perfect from spanning coverage alone here; EV=0.960 is not evidence of a sparse decomposition yet.
step   2300  mse   18.050  L0   1254.5  EV  0.960  dead     0
WARNING step 2400: L0=1266.3 > d_model=768 -- reconstruction can be near-perfect from spanning coverage alone here; EV=0.961 is not evidence of a sparse decomposition yet.
step   2400  mse   17.379  L0   1266.3  EV  0.961  dead     0
WARNING step 2500: L0=1272.5 > d_model=768 -- reconstruction can be near-perfect from spanning coverage alone here; EV=0.963 is not evidence of a sparse decomposition yet.
step   2500  mse   16.706  L0   1272.5  EV  0.963  dead     0
WARNING step 2600: L0=1284.2 > d_model=768 -- reconstruction can be near-perfect from spanning coverage alone here; EV=0.963 is not evidence of a sparse decomposition yet.
step   2600  mse   16.462  L0   1284.2  EV  0.963  dead     0
WARNING step 2700: L0=1292.9 > d_model=768 -- reconstruction can be near-perfect from spanning coverage alone here; EV=0.964 is not evidence of a sparse decomposition yet.
step   2700  mse   15.935  L0   1292.9  EV  0.964  dead     0
WARNING step 2800: L0=1298.9 > d_model=768 -- reconstruction can be near-perfect from spanning coverage alone here; EV=0.965 is not evidence of a sparse decomposition yet.
step   2800  mse   15.516  L0   1298.9  EV  0.965  dead     0
WARNING step 2900: L0=1311.8 > d_model=768 -- reconstruction can be near-perfect from spanning coverage alone here; EV=0.966 is not evidence of a sparse decomposition yet.
step   2900  mse   15.181  L0   1311.8  EV  0.966  dead     0
WARNING step 3000: L0=1320.2 > d_model=768 -- reconstruction can be near-perfect from spanning coverage alone here; EV=0.967 is not evidence of a sparse decomposition yet.
step   3000  mse   14.960  L0   1320.2  EV  0.967  dead     0
WARNING step 3100: L0=1331.9 > d_model=768 -- reconstruction can be near-perfect from spanning coverage alone here; EV=0.967 is not evidence of a sparse decomposition yet.
step   3100  mse   14.850  L0   1331.9  EV  0.967  dead     0
WARNING step 3200: L0=1340.3 > d_model=768 -- reconstruction can be near-perfect from spanning coverage alone here; EV=0.968 is not evidence of a sparse decomposition yet.
step   3200  mse   14.453  L0   1340.3  EV  0.968  dead     0
WARNING step 3300: L0=1343.4 > d_model=768 -- reconstruction can be near-perfect from spanning coverage alone here; EV=0.968 is not evidence of a sparse decomposition yet.
step   3300  mse   14.131  L0   1343.4  EV  0.968  dead     0
WARNING step 3400: L0=1352.6 > d_model=768 -- reconstruction can be near-perfect from spanning coverage alone here; EV=0.969 is not evidence of a sparse decomposition yet.
step   3400  mse   13.957  L0   1352.6  EV  0.969  dead     0
WARNING step 3500: L0=1361.7 > d_model=768 -- reconstruction can be near-perfect from spanning coverage alone here; EV=0.969 is not evidence of a sparse decomposition yet.
step   3500  mse   13.830  L0   1361.7  EV  0.969  dead     0
WARNING step 3600: L0=1371.4 > d_model=768 -- reconstruction can be near-perfect from spanning coverage alone here; EV=0.970 is not evidence of a sparse decomposition yet.
step   3600  mse   13.534  L0   1371.4  EV  0.970  dead     0
WARNING step 3700: L0=1385.7 > d_model=768 -- reconstruction can be near-perfect from spanning coverage alone here; EV=0.969 is not evidence of a sparse decomposition yet.
step   3700  mse   13.793  L0   1385.7  EV  0.969  dead     0
WARNING step 3800: L0=1390.8 > d_model=768 -- reconstruction can be near-perfect from spanning coverage alone here; EV=0.970 is not evidence of a sparse decomposition yet.
step   3800  mse   13.330  L0   1390.8  EV  0.970  dead     0
WARNING step 3900: L0=1396.3 > d_model=768 -- reconstruction can be near-perfect from spanning coverage alone here; EV=0.970 is not evidence of a sparse decomposition yet.
step   3900  mse   13.241  L0   1396.3  EV  0.970  dead     0
WARNING step 4000: L0=1408.6 > d_model=768 -- reconstruction can be near-perfect from spanning coverage alone here; EV=0.970 is not evidence of a sparse decomposition yet.
step   4000  mse   13.275  L0   1408.6  EV  0.970  dead     0
WARNING step 4100: L0=1418.9 > d_model=768 -- reconstruction can be near-perfect from spanning coverage alone here; EV=0.971 is not evidence of a sparse decomposition yet.
step   4100  mse   13.138  L0   1418.9  EV  0.971  dead     0
WARNING step 4200: L0=1423.2 > d_model=768 -- reconstruction can be near-perfect from spanning coverage alone here; EV=0.971 is not evidence of a sparse decomposition yet.
step   4200  mse   12.945  L0   1423.2  EV  0.971  dead     0
WARNING step 4300: L0=1438.6 > d_model=768 -- reconstruction can be near-perfect from spanning coverage alone here; EV=0.971 is not evidence of a sparse decomposition yet.
step   4300  mse   12.890  L0   1438.6  EV  0.971  dead     0
WARNING step 4400: L0=1437.4 > d_model=768 -- reconstruction can be near-perfect from spanning coverage alone here; EV=0.972 is not evidence of a sparse decomposition yet.
step   4400  mse   12.737  L0   1437.4  EV  0.972  dead     0
WARNING step 4500: L0=1459.0 > d_model=768 -- reconstruction can be near-perfect from spanning coverage alone here; EV=0.971 is not evidence of a sparse decomposition yet.
step   4500  mse   12.742  L0   1459.0  EV  0.971  dead     0
WARNING step 4600: L0=1467.5 > d_model=768 -- reconstruction can be near-perfect from spanning coverage alone here; EV=0.972 is not evidence of a sparse decomposition yet.
step   4600  mse   12.670  L0   1467.5  EV  0.972  dead     0
WARNING step 4700: L0=1480.9 > d_model=768 -- reconstruction can be near-perfect from spanning coverage alone here; EV=0.972 is not evidence of a sparse decomposition yet.
step   4700  mse   12.636  L0   1480.9  EV  0.972  dead     0
WARNING step 4800: L0=1488.5 > d_model=768 -- reconstruction can be near-perfect from spanning coverage alone here; EV=0.972 is not evidence of a sparse decomposition yet.
step   4800  mse   12.324  L0   1488.5  EV  0.972  dead     0
WARNING step 4900: L0=1495.8 > d_model=768 -- reconstruction can be near-perfect from spanning coverage alone here; EV=0.972 is not evidence of a sparse decomposition yet.
step   4900  mse   12.351  L0   1495.8  EV  0.972  dead     0
WARNING step 5000: L0=1513.2 > d_model=768 -- reconstruction can be near-perfect from spanning coverage alone here; EV=0.972 is not evidence of a sparse decomposition yet.
step   5000  mse   12.329  L0   1513.2  EV  0.972  dead     0
WARNING step 5100: L0=1532.3 > d_model=768 -- reconstruction can be near-perfect from spanning coverage alone here; EV=0.972 is not evidence of a sparse decomposition yet.
step   5100  mse   12.344  L0   1532.3  EV  0.972  dead     0
WARNING step 5200: L0=1541.1 > d_model=768 -- reconstruction can be near-perfect from spanning coverage alone here; EV=0.973 is not evidence of a sparse decomposition yet.
step   5200  mse   12.157  L0   1541.1  EV  0.973  dead     0
WARNING step 5300: L0=1558.7 > d_model=768 -- reconstruction can be near-perfect from spanning coverage alone here; EV=0.973 is not evidence of a sparse decomposition yet.
step   5300  mse   12.028  L0   1558.7  EV  0.973  dead     0
WARNING step 5400: L0=1577.3 > d_model=768 -- reconstruction can be near-perfect from spanning coverage alone here; EV=0.973 is not evidence of a sparse decomposition yet.
step   5400  mse   12.113  L0   1577.3  EV  0.973  dead     0
WARNING step 5500: L0=1580.9 > d_model=768 -- reconstruction can be near-perfect from spanning coverage alone here; EV=0.974 is not evidence of a sparse decomposition yet.
step   5500  mse   11.856  L0   1580.9  EV  0.974  dead     0
WARNING step 5600: L0=1602.7 > d_model=768 -- reconstruction can be near-perfect from spanning coverage alone here; EV=0.973 is not evidence of a sparse decomposition yet.
step   5600  mse   11.961  L0   1602.7  EV  0.973  dead     0
WARNING step 5700: L0=1618.0 > d_model=768 -- reconstruction can be near-perfect from spanning coverage alone here; EV=0.973 is not evidence of a sparse decomposition yet.
step   5700  mse   11.825  L0   1618.0  EV  0.973  dead     0
WARNING step 5800: L0=1639.2 > d_model=768 -- reconstruction can be near-perfect from spanning coverage alone here; EV=0.973 is not evidence of a sparse decomposition yet.
step   5800  mse   11.850  L0   1639.2  EV  0.973  dead     0
WARNING step 5900: L0=1649.3 > d_model=768 -- reconstruction can be near-perfect from spanning coverage alone here; EV=0.974 is not evidence of a sparse decomposition yet.
step   5900  mse   11.668  L0   1649.3  EV  0.974  dead     0
WARNING step 6000: L0=1674.4 > d_model=768 -- reconstruction can be near-perfect from spanning coverage alone here; EV=0.974 is not evidence of a sparse decomposition yet.
step   6000  mse   11.725  L0   1674.4  EV  0.974  dead     0
WARNING step 6100: L0=1695.2 > d_model=768 -- reconstruction can be near-perfect from spanning coverage alone here; EV=0.974 is not evidence of a sparse decomposition yet.
step   6100  mse   11.572  L0   1695.2  EV  0.974  dead     0
WARNING step 6200: L0=1705.7 > d_model=768 -- reconstruction can be near-perfect from spanning coverage alone here; EV=0.975 is not evidence of a sparse decomposition yet.
step   6200  mse   11.351  L0   1705.7  EV  0.975  dead     0
WARNING step 6300: L0=1732.9 > d_model=768 -- reconstruction can be near-perfect from spanning coverage alone here; EV=0.975 is not evidence of a sparse decomposition yet.
step   6300  mse   11.350  L0   1732.9  EV  0.975  dead     0
WARNING step 6400: L0=1755.5 > d_model=768 -- reconstruction can be near-perfect from spanning coverage alone here; EV=0.975 is not evidence of a sparse decomposition yet.
step   6400  mse   11.332  L0   1755.5  EV  0.975  dead     0
WARNING step 6500: L0=1780.1 > d_model=768 -- reconstruction can be near-perfect from spanning coverage alone here; EV=0.975 is not evidence of a sparse decomposition yet.
step   6500  mse   11.382  L0   1780.1  EV  0.975  dead     0
WARNING step 6600: L0=1784.7 > d_model=768 -- reconstruction can be near-perfect from spanning coverage alone here; EV=0.975 is not evidence of a sparse decomposition yet.
step   6600  mse   11.059  L0   1784.7  EV  0.975  dead     0
WARNING step 6700: L0=1828.2 > d_model=768 -- reconstruction can be near-perfect from spanning coverage alone here; EV=0.975 is not evidence of a sparse decomposition yet.
step   6700  mse   11.319  L0   1828.2  EV  0.975  dead     0
WARNING step 6800: L0=1841.3 > d_model=768 -- reconstruction can be near-perfect from spanning coverage alone here; EV=0.975 is not evidence of a sparse decomposition yet.
step   6800  mse   10.980  L0   1841.3  EV  0.975  dead     0
WARNING step 6900: L0=1870.4 > d_model=768 -- reconstruction can be near-perfect from spanning coverage alone here; EV=0.976 is not evidence of a sparse decomposition yet.
step   6900  mse   10.985  L0   1870.4  EV  0.976  dead     0
WARNING step 7000: L0=1890.2 > d_model=768 -- reconstruction can be near-perfect from spanning coverage alone here; EV=0.976 is not evidence of a sparse decomposition yet.
step   7000  mse   10.937  L0   1890.2  EV  0.976  dead     0
WARNING step 7100: L0=1920.7 > d_model=768 -- reconstruction can be near-perfect from spanning coverage alone here; EV=0.976 is not evidence of a sparse decomposition yet.
step   7100  mse   10.913  L0   1920.7  EV  0.976  dead     0
WARNING step 7200: L0=1942.9 > d_model=768 -- reconstruction can be near-perfect from spanning coverage alone here; EV=0.976 is not evidence of a sparse decomposition yet.
step   7200  mse   10.706  L0   1942.9  EV  0.976  dead     0
WARNING step 7300: L0=1960.4 > d_model=768 -- reconstruction can be near-perfect from spanning coverage alone here; EV=0.976 is not evidence of a sparse decomposition yet.
step   7300  mse   10.681  L0   1960.4  EV  0.976  dead     0
WARNING step 7400: L0=2006.1 > d_model=768 -- reconstruction can be near-perfect from spanning coverage alone here; EV=0.976 is not evidence of a sparse decomposition yet.
step   7400  mse   10.775  L0   2006.1  EV  0.976  dead     0
WARNING step 7500: L0=2022.0 > d_model=768 -- reconstruction can be near-perfect from spanning coverage alone here; EV=0.976 is not evidence of a sparse decomposition yet.
step   7500  mse   10.530  L0   2022.0  EV  0.976  dead     0
WARNING step 7600: L0=2060.0 > d_model=768 -- reconstruction can be near-perfect from spanning coverage alone here; EV=0.976 is not evidence of a sparse decomposition yet.
step   7600  mse   10.534  L0   2060.0  EV  0.976  dead     0
WARNING step 7700: L0=2070.0 > d_model=768 -- reconstruction can be near-perfect from spanning coverage alone here; EV=0.977 is not evidence of a sparse decomposition yet.
step   7700  mse   10.327  L0   2070.0  EV  0.977  dead     0
WARNING step 7800: L0=2104.5 > d_model=768 -- reconstruction can be near-perfect from spanning coverage alone here; EV=0.977 is not evidence of a sparse decomposition yet.
step   7800  mse   10.310  L0   2104.5  EV  0.977  dead     0
WARNING step 7900: L0=2136.3 > d_model=768 -- reconstruction can be near-perfect from spanning coverage alone here; EV=0.977 is not evidence of a sparse decomposition yet.
step   7900  mse   10.408  L0   2136.3  EV  0.977  dead     0
WARNING step 8000: L0=2154.5 > d_model=768 -- reconstruction can be near-perfect from spanning coverage alone here; EV=0.977 is not evidence of a sparse decomposition yet.
step   8000  mse   10.214  L0   2154.5  EV  0.977  dead     0
WARNING step 8100: L0=2184.7 > d_model=768 -- reconstruction can be near-perfect from spanning coverage alone here; EV=0.977 is not evidence of a sparse decomposition yet.
step   8100  mse   10.142  L0   2184.7  EV  0.977  dead     0
WARNING step 8200: L0=2214.4 > d_model=768 -- reconstruction can be near-perfect from spanning coverage alone here; EV=0.978 is not evidence of a sparse decomposition yet.
step   8200  mse   10.032  L0   2214.4  EV  0.978  dead     0
WARNING step 8300: L0=2240.5 > d_model=768 -- reconstruction can be near-perfect from spanning coverage alone here; EV=0.978 is not evidence of a sparse decomposition yet.
step   8300  mse   10.040  L0   2240.5  EV  0.978  dead     0
WARNING step 8400: L0=2266.2 > d_model=768 -- reconstruction can be near-perfect from spanning coverage alone here; EV=0.978 is not evidence of a sparse decomposition yet.
step   8400  mse    9.923  L0   2266.2  EV  0.978  dead     0
WARNING step 8500: L0=2286.7 > d_model=768 -- reconstruction can be near-perfect from spanning coverage alone here; EV=0.978 is not evidence of a sparse decomposition yet.
step   8500  mse    9.831  L0   2286.7  EV  0.978  dead     0
WARNING step 8600: L0=2309.7 > d_model=768 -- reconstruction can be near-perfect from spanning coverage alone here; EV=0.978 is not evidence of a sparse decomposition yet.
step   8600  mse    9.709  L0   2309.7  EV  0.978  dead     0
WARNING step 8700: L0=2344.6 > d_model=768 -- reconstruction can be near-perfect from spanning coverage alone here; EV=0.978 is not evidence of a sparse decomposition yet.
step   8700  mse    9.656  L0   2344.6  EV  0.978  dead     0
WARNING step 8800: L0=2376.9 > d_model=768 -- reconstruction can be near-perfect from spanning coverage alone here; EV=0.978 is not evidence of a sparse decomposition yet.
step   8800  mse    9.759  L0   2376.9  EV  0.978  dead     0
WARNING step 8900: L0=2385.3 > d_model=768 -- reconstruction can be near-perfect from spanning coverage alone here; EV=0.979 is not evidence of a sparse decomposition yet.
step   8900  mse    9.537  L0   2385.3  EV  0.979  dead     0
WARNING step 9000: L0=2415.0 > d_model=768 -- reconstruction can be near-perfect from spanning coverage alone here; EV=0.979 is not evidence of a sparse decomposition yet.
step   9000  mse    9.494  L0   2415.0  EV  0.979  dead     0
WARNING step 9100: L0=2443.7 > d_model=768 -- reconstruction can be near-perfect from spanning coverage alone here; EV=0.979 is not evidence of a sparse decomposition yet.
step   9100  mse    9.455  L0   2443.7  EV  0.979  dead     0
WARNING step 9200: L0=2452.8 > d_model=768 -- reconstruction can be near-perfect from spanning coverage alone here; EV=0.979 is not evidence of a sparse decomposition yet.
step   9200  mse    9.256  L0   2452.8  EV  0.979  dead     0
WARNING step 9300: L0=2475.0 > d_model=768 -- reconstruction can be near-perfect from spanning coverage alone here; EV=0.979 is not evidence of a sparse decomposition yet.
step   9300  mse    9.177  L0   2475.0  EV  0.979  dead     0
WARNING step 9400: L0=2509.5 > d_model=768 -- reconstruction can be near-perfect from spanning coverage alone here; EV=0.979 is not evidence of a sparse decomposition yet.
step   9400  mse    9.196  L0   2509.5  EV  0.979  dead     0
WARNING step 9500: L0=2512.8 > d_model=768 -- reconstruction can be near-perfect from spanning coverage alone here; EV=0.980 is not evidence of a sparse decomposition yet.
step   9500  mse    9.094  L0   2512.8  EV  0.980  dead     0
WARNING step 9600: L0=2538.2 > d_model=768 -- reconstruction can be near-perfect from spanning coverage alone here; EV=0.980 is not evidence of a sparse decomposition yet.
step   9600  mse    8.984  L0   2538.2  EV  0.980  dead     0
WARNING step 9700: L0=2547.6 > d_model=768 -- reconstruction can be near-perfect from spanning coverage alone here; EV=0.980 is not evidence of a sparse decomposition yet.
step   9700  mse    8.967  L0   2547.6  EV  0.980  dead     0
WARNING step 9800: L0=2562.1 > d_model=768 -- reconstruction can be near-perfect from spanning coverage alone here; EV=0.980 is not evidence of a sparse decomposition yet.
step   9800  mse    8.856  L0   2562.1  EV  0.980  dead     0
WARNING step 9900: L0=2586.2 > d_model=768 -- reconstruction can be near-perfect from spanning coverage alone here; EV=0.980 is not evidence of a sparse decomposition yet.
step   9900  mse    8.886  L0   2586.2  EV  0.980  dead     0
WARNING step 10000: L0=2607.5 > d_model=768 -- reconstruction can be near-perfect from spanning coverage alone here; EV=0.980 is not evidence of a sparse decomposition yet.
step  10000  mse    8.807  L0   2607.5  EV  0.980  dead     0
WARNING step 10100: L0=2596.9 > d_model=768 -- reconstruction can be near-perfect from spanning coverage alone here; EV=0.981 is not evidence of a sparse decomposition yet.
step  10100  mse    8.624  L0   2596.9  EV  0.981  dead     0
WARNING step 10200: L0=2633.6 > d_model=768 -- reconstruction can be near-perfect from spanning coverage alone here; EV=0.981 is not evidence of a sparse decomposition yet.
step  10200  mse    8.627  L0   2633.6  EV  0.981  dead     0
WARNING step 10300: L0=2627.3 > d_model=768 -- reconstruction can be near-perfect from spanning coverage alone here; EV=0.981 is not evidence of a sparse decomposition yet.
step  10300  mse    8.431  L0   2627.3  EV  0.981  dead     0
WARNING step 10400: L0=2639.4 > d_model=768 -- reconstruction can be near-perfect from spanning coverage alone here; EV=0.981 is not evidence of a sparse decomposition yet.
step  10400  mse    8.307  L0   2639.4  EV  0.981  dead     0
WARNING step 10500: L0=2640.5 > d_model=768 -- reconstruction can be near-perfect from spanning coverage alone here; EV=0.982 is not evidence of a sparse decomposition yet.
step  10500  mse    8.166  L0   2640.5  EV  0.982  dead     0
WARNING step 10600: L0=2645.1 > d_model=768 -- reconstruction can be near-perfect from spanning coverage alone here; EV=0.982 is not evidence of a sparse decomposition yet.
step  10600  mse    8.050  L0   2645.1  EV  0.982  dead     0
WARNING step 10700: L0=2666.3 > d_model=768 -- reconstruction can be near-perfect from spanning coverage alone here; EV=0.982 is not evidence of a sparse decomposition yet.
step  10700  mse    7.999  L0   2666.3  EV  0.982  dead     0
WARNING step 10800: L0=2679.0 > d_model=768 -- reconstruction can be near-perfect from spanning coverage alone here; EV=0.982 is not evidence of a sparse decomposition yet.
step  10800  mse    7.863  L0   2679.0  EV  0.982  dead     0
WARNING step 10900: L0=2679.2 > d_model=768 -- reconstruction can be near-perfect from spanning coverage alone here; EV=0.983 is not evidence of a sparse decomposition yet.
step  10900  mse    7.686  L0   2679.2  EV  0.983  dead     0
WARNING step 11000: L0=2675.8 > d_model=768 -- reconstruction can be near-perfect from spanning coverage alone here; EV=0.983 is not evidence of a sparse decomposition yet.
step  11000  mse    7.626  L0   2675.8  EV  0.983  dead     0
WARNING step 11100: L0=2679.5 > d_model=768 -- reconstruction can be near-perfect from spanning coverage alone here; EV=0.983 is not evidence of a sparse decomposition yet.
step  11100  mse    7.354  L0   2679.5  EV  0.983  dead     0
WARNING step 11200: L0=2666.7 > d_model=768 -- reconstruction can be near-perfect from spanning coverage alone here; EV=0.984 is not evidence of a sparse decomposition yet.
step  11200  mse    7.128  L0   2666.7  EV  0.984  dead     0
WARNING step 11300: L0=2658.4 > d_model=768 -- reconstruction can be near-perfect from spanning coverage alone here; EV=0.985 is not evidence of a sparse decomposition yet.
step  11300  mse    6.893  L0   2658.4  EV  0.985  dead     0
WARNING step 11400: L0=2659.4 > d_model=768 -- reconstruction can be near-perfect from spanning coverage alone here; EV=0.985 is not evidence of a sparse decomposition yet.
step  11400  mse    6.771  L0   2659.4  EV  0.985  dead     0
WARNING step 11500: L0=2642.0 > d_model=768 -- reconstruction can be near-perfect from spanning coverage alone here; EV=0.986 is not evidence of a sparse decomposition yet.
step  11500  mse    6.482  L0   2642.0  EV  0.986  dead     0
WARNING step 11600: L0=2635.3 > d_model=768 -- reconstruction can be near-perfect from spanning coverage alone here; EV=0.986 is not evidence of a sparse decomposition yet.
step  11600  mse    6.278  L0   2635.3  EV  0.986  dead     0
WARNING step 11700: L0=2630.3 > d_model=768 -- reconstruction can be near-perfect from spanning coverage alone here; EV=0.986 is not evidence of a sparse decomposition yet.
step  11700  mse    6.106  L0   2630.3  EV  0.986  dead     0
WARNING step 11800: L0=2629.6 > d_model=768 -- reconstruction can be near-perfect from spanning coverage alone here; EV=0.987 is not evidence of a sparse decomposition yet.
step  11800  mse    5.767  L0   2629.6  EV  0.987  dead     0
WARNING step 11900: L0=2611.7 > d_model=768 -- reconstruction can be near-perfect from spanning coverage alone here; EV=0.987 is not evidence of a sparse decomposition yet.
step  11900  mse    5.667  L0   2611.7  EV  0.987  dead     0
WARNING step 12000: L0=2610.3 > d_model=768 -- reconstruction can be near-perfect from spanning coverage alone here; EV=0.988 is not evidence of a sparse decomposition yet.
step  12000  mse    5.379  L0   2610.3  EV  0.988  dead     0
WARNING step 12100: L0=2578.6 > d_model=768 -- reconstruction can be near-perfect from spanning coverage alone here; EV=0.988 is not evidence of a sparse decomposition yet.
step  12100  mse    5.162  L0   2578.6  EV  0.988  dead     0
WARNING step 12200: L0=2548.8 > d_model=768 -- reconstruction can be near-perfect from spanning coverage alone here; EV=0.989 is not evidence of a sparse decomposition yet.
step  12200  mse    4.936  L0   2548.8  EV  0.989  dead     0
WARNING step 12300: L0=2539.5 > d_model=768 -- reconstruction can be near-perfect from spanning coverage alone here; EV=0.989 is not evidence of a sparse decomposition yet.
step  12300  mse    4.786  L0   2539.5  EV  0.989  dead     0
WARNING step 12400: L0=2496.4 > d_model=768 -- reconstruction can be near-perfect from spanning coverage alone here; EV=0.990 is not evidence of a sparse decomposition yet.
step  12400  mse    4.501  L0   2496.4  EV  0.990  dead     0
WARNING step 12500: L0=2471.6 > d_model=768 -- reconstruction can be near-perfect from spanning coverage alone here; EV=0.991 is not evidence of a sparse decomposition yet.
step  12500  mse    4.272  L0   2471.6  EV  0.991  dead     0
WARNING step 12600: L0=2443.4 > d_model=768 -- reconstruction can be near-perfect from spanning coverage alone here; EV=0.991 is not evidence of a sparse decomposition yet.
step  12600  mse    4.103  L0   2443.4  EV  0.991  dead     0
WARNING step 12700: L0=2435.6 > d_model=768 -- reconstruction can be near-perfect from spanning coverage alone here; EV=0.991 is not evidence of a sparse decomposition yet.
step  12700  mse    3.955  L0   2435.6  EV  0.991  dead     0
WARNING step 12800: L0=2387.7 > d_model=768 -- reconstruction can be near-perfect from spanning coverage alone here; EV=0.992 is not evidence of a sparse decomposition yet.
step  12800  mse    3.717  L0   2387.7  EV  0.992  dead     0
WARNING step 12900: L0=2387.9 > d_model=768 -- reconstruction can be near-perfect from spanning coverage alone here; EV=0.992 is not evidence of a sparse decomposition yet.
step  12900  mse    3.655  L0   2387.9  EV  0.992  dead     0
WARNING step 13000: L0=2348.1 > d_model=768 -- reconstruction can be near-perfect from spanning coverage alone here; EV=0.992 is not evidence of a sparse decomposition yet.
step  13000  mse    3.549  L0   2348.1  EV  0.992  dead     0
WARNING step 13100: L0=2319.5 > d_model=768 -- reconstruction can be near-perfect from spanning coverage alone here; EV=0.992 is not evidence of a sparse decomposition yet.
step  13100  mse    3.413  L0   2319.5  EV  0.992  dead     0
WARNING step 13200: L0=2293.7 > d_model=768 -- reconstruction can be near-perfect from spanning coverage alone here; EV=0.993 is not evidence of a sparse decomposition yet.
step  13200  mse    3.286  L0   2293.7  EV  0.993  dead     0
WARNING step 13300: L0=2257.5 > d_model=768 -- reconstruction can be near-perfect from spanning coverage alone here; EV=0.993 is not evidence of a sparse decomposition yet.
step  13300  mse    3.124  L0   2257.5  EV  0.993  dead     0
WARNING step 13400: L0=2238.0 > d_model=768 -- reconstruction can be near-perfect from spanning coverage alone here; EV=0.993 is not evidence of a sparse decomposition yet.
step  13400  mse    3.064  L0   2238.0  EV  0.993  dead     0
WARNING step 13500: L0=2216.1 > d_model=768 -- reconstruction can be near-perfect from spanning coverage alone here; EV=0.993 is not evidence of a sparse decomposition yet.
step  13500  mse    3.001  L0   2216.1  EV  0.993  dead     0
WARNING step 13600: L0=2201.7 > d_model=768 -- reconstruction can be near-perfect from spanning coverage alone here; EV=0.993 is not evidence of a sparse decomposition yet.
step  13600  mse    2.915  L0   2201.7  EV  0.993  dead     0
WARNING step 13700: L0=2164.8 > d_model=768 -- reconstruction can be near-perfect from spanning coverage alone here; EV=0.994 is not evidence of a sparse decomposition yet.
step  13700  mse    2.842  L0   2164.8  EV  0.994  dead     0
WARNING step 13800: L0=2150.1 > d_model=768 -- reconstruction can be near-perfect from spanning coverage alone here; EV=0.994 is not evidence of a sparse decomposition yet.
step  13800  mse    2.796  L0   2150.1  EV  0.994  dead     0
WARNING step 13900: L0=2125.2 > d_model=768 -- reconstruction can be near-perfect from spanning coverage alone here; EV=0.994 is not evidence of a sparse decomposition yet.
step  13900  mse    2.764  L0   2125.2  EV  0.994  dead     0
WARNING step 14000: L0=2122.2 > d_model=768 -- reconstruction can be near-perfect from spanning coverage alone here; EV=0.994 is not evidence of a sparse decomposition yet.
step  14000  mse    2.704  L0   2122.2  EV  0.994  dead     0
WARNING step 14100: L0=2099.5 > d_model=768 -- reconstruction can be near-perfect from spanning coverage alone here; EV=0.994 is not evidence of a sparse decomposition yet.
step  14100  mse    2.708  L0   2099.5  EV  0.994  dead     0
WARNING step 14200: L0=2098.2 > d_model=768 -- reconstruction can be near-perfect from spanning coverage alone here; EV=0.994 is not evidence of a sparse decomposition yet.
step  14200  mse    2.677  L0   2098.2  EV  0.994  dead     0
WARNING step 14300: L0=2057.2 > d_model=768 -- reconstruction can be near-perfect from spanning coverage alone here; EV=0.994 is not evidence of a sparse decomposition yet.
step  14300  mse    2.613  L0   2057.2  EV  0.994  dead     0
WARNING step 14400: L0=2062.6 > d_model=768 -- reconstruction can be near-perfect from spanning coverage alone here; EV=0.994 is not evidence of a sparse decomposition yet.
step  14400  mse    2.601  L0   2062.6  EV  0.994  dead     0
WARNING step 14500: L0=2044.2 > d_model=768 -- reconstruction can be near-perfect from spanning coverage alone here; EV=0.994 is not evidence of a sparse decomposition yet.
step  14500  mse    2.595  L0   2044.2  EV  0.994  dead     0
WARNING step 14600: L0=2053.7 > d_model=768 -- reconstruction can be near-perfect from spanning coverage alone here; EV=0.994 is not evidence of a sparse decomposition yet.
step  14600  mse    2.602  L0   2053.7  EV  0.994  dead     0
WARNING step 14700: L0=2026.6 > d_model=768 -- reconstruction can be near-perfect from spanning coverage alone here; EV=0.994 is not evidence of a sparse decomposition yet.
step  14700  mse    2.538  L0   2026.6  EV  0.994  dead     0
WARNING step 14800: L0=2018.2 > d_model=768 -- reconstruction can be near-perfect from spanning coverage alone here; EV=0.994 is not evidence of a sparse decomposition yet.
step  14800  mse    2.533  L0   2018.2  EV  0.994  dead     0
WARNING step 14900: L0=2012.2 > d_model=768 -- reconstruction can be near-perfect from spanning coverage alone here; EV=0.994 is not evidence of a sparse decomposition yet.
step  14900  mse    2.556  L0   2012.2  EV  0.994  dead     0
WARNING step 14999: L0=1988.2 > d_model=768 -- reconstruction can be near-perfect from spanning coverage alone here; EV=0.994 is not evidence of a sparse decomposition yet.
step  14999  mse    2.485  L0   1988.2  EV  0.994  dead     0

saved -> C:\Projects\sae-feature-reproducibility\checkpoints\full\sweep_l1_0.07962  (1075s)
--> L0=2046.1  EV=0.9942  dead=0  (18.0 min)

=== sweep 6/6  l1_coeff=0.2  run=sweep_l1_0.2 ===
run=sweep_l1_0.2  device=cuda
seed=0  data_seed=0  (pinned)
rows=12,700,000  d_sae=12288  steps=15,000  epochs=4.8
l1_coeff=0.2  norm_scale=0.268445 (from manifest)
decoder grad projection: ON
WARNING step 0: L0=6142.2 > d_model=768 -- reconstruction can be near-perfect from spanning coverage alone here; EV=-56.059 is not evidence of a sparse decomposition yet.
step      0  mse 25519.936  L0   6142.2  EV -56.059  dead     0
throughput (first 100 steps): 106,461 samples/s -> ~9.6 min projected
WARNING step 100: L0=3098.8 > d_model=768 -- reconstruction can be near-perfect from spanning coverage alone here; EV=-1.736 is not evidence of a sparse decomposition yet.
step    100  mse 1227.072  L0   3098.8  EV -1.736  dead     0
WARNING step 200: L0=2528.5 > d_model=768 -- reconstruction can be near-perfect from spanning coverage alone here; EV=-0.127 is not evidence of a sparse decomposition yet.
step    200  mse  502.644  L0   2528.5  EV -0.127  dead     0
WARNING step 300: L0=2474.5 > d_model=768 -- reconstruction can be near-perfect from spanning coverage alone here; EV=0.195 is not evidence of a sparse decomposition yet.
step    300  mse  361.458  L0   2474.5  EV  0.195  dead     0
WARNING step 400: L0=2312.8 > d_model=768 -- reconstruction can be near-perfect from spanning coverage alone here; EV=0.446 is not evidence of a sparse decomposition yet.
step    400  mse  248.992  L0   2312.8  EV  0.446  dead     0
WARNING step 500: L0=2037.0 > d_model=768 -- reconstruction can be near-perfect from spanning coverage alone here; EV=0.609 is not evidence of a sparse decomposition yet.
step    500  mse  174.207  L0   2037.0  EV  0.609  dead     0
WARNING step 600: L0=1199.1 > d_model=768 -- reconstruction can be near-perfect from spanning coverage alone here; EV=0.729 is not evidence of a sparse decomposition yet.
step    600  mse  121.720  L0   1199.1  EV  0.729  dead     0
WARNING step 700: L0=1095.4 > d_model=768 -- reconstruction can be near-perfect from spanning coverage alone here; EV=0.783 is not evidence of a sparse decomposition yet.
step    700  mse   97.365  L0   1095.4  EV  0.783  dead     0
WARNING step 800: L0=1063.4 > d_model=768 -- reconstruction can be near-perfect from spanning coverage alone here; EV=0.813 is not evidence of a sparse decomposition yet.
step    800  mse   83.517  L0   1063.4  EV  0.813  dead     0
WARNING step 900: L0=1050.2 > d_model=768 -- reconstruction can be near-perfect from spanning coverage alone here; EV=0.834 is not evidence of a sparse decomposition yet.
step    900  mse   73.710  L0   1050.2  EV  0.834  dead     0
WARNING step 1000: L0=1041.1 > d_model=768 -- reconstruction can be near-perfect from spanning coverage alone here; EV=0.849 is not evidence of a sparse decomposition yet.
step   1000  mse   67.487  L0   1041.1  EV  0.849  dead     0
WARNING step 1100: L0=1031.6 > d_model=768 -- reconstruction can be near-perfect from spanning coverage alone here; EV=0.866 is not evidence of a sparse decomposition yet.
step   1100  mse   59.932  L0   1031.6  EV  0.866  dead     0
WARNING step 1200: L0=1034.6 > d_model=768 -- reconstruction can be near-perfect from spanning coverage alone here; EV=0.874 is not evidence of a sparse decomposition yet.
step   1200  mse   56.534  L0   1034.6  EV  0.874  dead     0
WARNING step 1300: L0=1033.6 > d_model=768 -- reconstruction can be near-perfect from spanning coverage alone here; EV=0.883 is not evidence of a sparse decomposition yet.
step   1300  mse   52.713  L0   1033.6  EV  0.883  dead     0
WARNING step 1400: L0=1044.6 > d_model=768 -- reconstruction can be near-perfect from spanning coverage alone here; EV=0.888 is not evidence of a sparse decomposition yet.
step   1400  mse   50.147  L0   1044.6  EV  0.888  dead     0
WARNING step 1500: L0=1048.1 > d_model=768 -- reconstruction can be near-perfect from spanning coverage alone here; EV=0.894 is not evidence of a sparse decomposition yet.
step   1500  mse   47.357  L0   1048.1  EV  0.894  dead     0
WARNING step 1600: L0=1052.9 > d_model=768 -- reconstruction can be near-perfect from spanning coverage alone here; EV=0.899 is not evidence of a sparse decomposition yet.
step   1600  mse   45.040  L0   1052.9  EV  0.899  dead     0
WARNING step 1700: L0=1060.6 > d_model=768 -- reconstruction can be near-perfect from spanning coverage alone here; EV=0.903 is not evidence of a sparse decomposition yet.
step   1700  mse   43.433  L0   1060.6  EV  0.903  dead     0
WARNING step 1800: L0=1063.4 > d_model=768 -- reconstruction can be near-perfect from spanning coverage alone here; EV=0.906 is not evidence of a sparse decomposition yet.
step   1800  mse   42.192  L0   1063.4  EV  0.906  dead     0
WARNING step 1900: L0=1073.9 > d_model=768 -- reconstruction can be near-perfect from spanning coverage alone here; EV=0.910 is not evidence of a sparse decomposition yet.
step   1900  mse   40.044  L0   1073.9  EV  0.910  dead     0
WARNING step 2000: L0=1084.8 > d_model=768 -- reconstruction can be near-perfect from spanning coverage alone here; EV=0.914 is not evidence of a sparse decomposition yet.
step   2000  mse   38.541  L0   1084.8  EV  0.914  dead     0
WARNING step 2100: L0=1084.0 > d_model=768 -- reconstruction can be near-perfect from spanning coverage alone here; EV=0.916 is not evidence of a sparse decomposition yet.
step   2100  mse   37.605  L0   1084.0  EV  0.916  dead     0
WARNING step 2200: L0=1109.2 > d_model=768 -- reconstruction can be near-perfect from spanning coverage alone here; EV=0.918 is not evidence of a sparse decomposition yet.
step   2200  mse   36.762  L0   1109.2  EV  0.918  dead     0
WARNING step 2300: L0=1112.0 > d_model=768 -- reconstruction can be near-perfect from spanning coverage alone here; EV=0.921 is not evidence of a sparse decomposition yet.
step   2300  mse   35.441  L0   1112.0  EV  0.921  dead     0
WARNING step 2400: L0=1124.9 > d_model=768 -- reconstruction can be near-perfect from spanning coverage alone here; EV=0.923 is not evidence of a sparse decomposition yet.
step   2400  mse   34.661  L0   1124.9  EV  0.923  dead     0
WARNING step 2500: L0=1135.7 > d_model=768 -- reconstruction can be near-perfect from spanning coverage alone here; EV=0.924 is not evidence of a sparse decomposition yet.
step   2500  mse   33.882  L0   1135.7  EV  0.924  dead     0
WARNING step 2600: L0=1151.8 > d_model=768 -- reconstruction can be near-perfect from spanning coverage alone here; EV=0.925 is not evidence of a sparse decomposition yet.
step   2600  mse   33.657  L0   1151.8  EV  0.925  dead     0
WARNING step 2700: L0=1165.2 > d_model=768 -- reconstruction can be near-perfect from spanning coverage alone here; EV=0.927 is not evidence of a sparse decomposition yet.
step   2700  mse   32.528  L0   1165.2  EV  0.927  dead     0
WARNING step 2800: L0=1176.8 > d_model=768 -- reconstruction can be near-perfect from spanning coverage alone here; EV=0.929 is not evidence of a sparse decomposition yet.
step   2800  mse   31.818  L0   1176.8  EV  0.929  dead     0
WARNING step 2900: L0=1193.8 > d_model=768 -- reconstruction can be near-perfect from spanning coverage alone here; EV=0.931 is not evidence of a sparse decomposition yet.
step   2900  mse   31.192  L0   1193.8  EV  0.931  dead     0
WARNING step 3000: L0=1207.0 > d_model=768 -- reconstruction can be near-perfect from spanning coverage alone here; EV=0.931 is not evidence of a sparse decomposition yet.
step   3000  mse   30.707  L0   1207.0  EV  0.931  dead     0
WARNING step 3100: L0=1227.7 > d_model=768 -- reconstruction can be near-perfect from spanning coverage alone here; EV=0.932 is not evidence of a sparse decomposition yet.
step   3100  mse   30.231  L0   1227.7  EV  0.932  dead     0
WARNING step 3200: L0=1243.0 > d_model=768 -- reconstruction can be near-perfect from spanning coverage alone here; EV=0.933 is not evidence of a sparse decomposition yet.
step   3200  mse   29.642  L0   1243.0  EV  0.933  dead     0
WARNING step 3300: L0=1250.3 > d_model=768 -- reconstruction can be near-perfect from spanning coverage alone here; EV=0.936 is not evidence of a sparse decomposition yet.
step   3300  mse   28.788  L0   1250.3  EV  0.936  dead     0
WARNING step 3400: L0=1267.9 > d_model=768 -- reconstruction can be near-perfect from spanning coverage alone here; EV=0.937 is not evidence of a sparse decomposition yet.
step   3400  mse   28.183  L0   1267.9  EV  0.937  dead     0
WARNING step 3500: L0=1280.4 > d_model=768 -- reconstruction can be near-perfect from spanning coverage alone here; EV=0.938 is not evidence of a sparse decomposition yet.
step   3500  mse   27.795  L0   1280.4  EV  0.938  dead     0
WARNING step 3600: L0=1296.0 > d_model=768 -- reconstruction can be near-perfect from spanning coverage alone here; EV=0.939 is not evidence of a sparse decomposition yet.
step   3600  mse   27.301  L0   1296.0  EV  0.939  dead     0
WARNING step 3700: L0=1323.8 > d_model=768 -- reconstruction can be near-perfect from spanning coverage alone here; EV=0.939 is not evidence of a sparse decomposition yet.
step   3700  mse   27.376  L0   1323.8  EV  0.939  dead     0
WARNING step 3800: L0=1330.7 > d_model=768 -- reconstruction can be near-perfect from spanning coverage alone here; EV=0.941 is not evidence of a sparse decomposition yet.
step   3800  mse   26.356  L0   1330.7  EV  0.941  dead     0
WARNING step 3900: L0=1342.5 > d_model=768 -- reconstruction can be near-perfect from spanning coverage alone here; EV=0.942 is not evidence of a sparse decomposition yet.
step   3900  mse   25.961  L0   1342.5  EV  0.942  dead     0
WARNING step 4000: L0=1365.8 > d_model=768 -- reconstruction can be near-perfect from spanning coverage alone here; EV=0.942 is not evidence of a sparse decomposition yet.
step   4000  mse   25.918  L0   1365.8  EV  0.942  dead     0
WARNING step 4100: L0=1384.7 > d_model=768 -- reconstruction can be near-perfect from spanning coverage alone here; EV=0.943 is not evidence of a sparse decomposition yet.
step   4100  mse   25.297  L0   1384.7  EV  0.943  dead     0
WARNING step 4200: L0=1393.9 > d_model=768 -- reconstruction can be near-perfect from spanning coverage alone here; EV=0.945 is not evidence of a sparse decomposition yet.
step   4200  mse   24.766  L0   1393.9  EV  0.945  dead     0
WARNING step 4300: L0=1411.7 > d_model=768 -- reconstruction can be near-perfect from spanning coverage alone here; EV=0.945 is not evidence of a sparse decomposition yet.
step   4300  mse   24.745  L0   1411.7  EV  0.945  dead     0
WARNING step 4400: L0=1417.2 > d_model=768 -- reconstruction can be near-perfect from spanning coverage alone here; EV=0.946 is not evidence of a sparse decomposition yet.
step   4400  mse   24.163  L0   1417.2  EV  0.946  dead     0
WARNING step 4500: L0=1442.8 > d_model=768 -- reconstruction can be near-perfect from spanning coverage alone here; EV=0.946 is not evidence of a sparse decomposition yet.
step   4500  mse   24.158  L0   1442.8  EV  0.946  dead     0
WARNING step 4600: L0=1457.0 > d_model=768 -- reconstruction can be near-perfect from spanning coverage alone here; EV=0.948 is not evidence of a sparse decomposition yet.
step   4600  mse   23.718  L0   1457.0  EV  0.948  dead     0
WARNING step 4700: L0=1475.2 > d_model=768 -- reconstruction can be near-perfect from spanning coverage alone here; EV=0.948 is not evidence of a sparse decomposition yet.
step   4700  mse   23.404  L0   1475.2  EV  0.948  dead     0
WARNING step 4800: L0=1486.4 > d_model=768 -- reconstruction can be near-perfect from spanning coverage alone here; EV=0.949 is not evidence of a sparse decomposition yet.
step   4800  mse   22.634  L0   1486.4  EV  0.949  dead     0
WARNING step 4900: L0=1496.0 > d_model=768 -- reconstruction can be near-perfect from spanning coverage alone here; EV=0.950 is not evidence of a sparse decomposition yet.
step   4900  mse   22.599  L0   1496.0  EV  0.950  dead     0
WARNING step 5000: L0=1514.8 > d_model=768 -- reconstruction can be near-perfect from spanning coverage alone here; EV=0.950 is not evidence of a sparse decomposition yet.
step   5000  mse   22.256  L0   1514.8  EV  0.950  dead     0
WARNING step 5100: L0=1537.1 > d_model=768 -- reconstruction can be near-perfect from spanning coverage alone here; EV=0.950 is not evidence of a sparse decomposition yet.
step   5100  mse   22.308  L0   1537.1  EV  0.950  dead     0
WARNING step 5200: L0=1547.4 > d_model=768 -- reconstruction can be near-perfect from spanning coverage alone here; EV=0.951 is not evidence of a sparse decomposition yet.
step   5200  mse   21.704  L0   1547.4  EV  0.951  dead     0
WARNING step 5300: L0=1556.3 > d_model=768 -- reconstruction can be near-perfect from spanning coverage alone here; EV=0.952 is not evidence of a sparse decomposition yet.
step   5300  mse   21.611  L0   1556.3  EV  0.952  dead     0
WARNING step 5400: L0=1578.0 > d_model=768 -- reconstruction can be near-perfect from spanning coverage alone here; EV=0.952 is not evidence of a sparse decomposition yet.
step   5400  mse   21.649  L0   1578.0  EV  0.952  dead     0
WARNING step 5500: L0=1576.4 > d_model=768 -- reconstruction can be near-perfect from spanning coverage alone here; EV=0.953 is not evidence of a sparse decomposition yet.
step   5500  mse   21.018  L0   1576.4  EV  0.953  dead     0
WARNING step 5600: L0=1597.6 > d_model=768 -- reconstruction can be near-perfect from spanning coverage alone here; EV=0.953 is not evidence of a sparse decomposition yet.
step   5600  mse   20.983  L0   1597.6  EV  0.953  dead     0
WARNING step 5700: L0=1608.5 > d_model=768 -- reconstruction can be near-perfect from spanning coverage alone here; EV=0.954 is not evidence of a sparse decomposition yet.
step   5700  mse   20.665  L0   1608.5  EV  0.954  dead     0
WARNING step 5800: L0=1622.7 > d_model=768 -- reconstruction can be near-perfect from spanning coverage alone here; EV=0.953 is not evidence of a sparse decomposition yet.
step   5800  mse   20.773  L0   1622.7  EV  0.953  dead     0
WARNING step 5900: L0=1625.5 > d_model=768 -- reconstruction can be near-perfect from spanning coverage alone here; EV=0.955 is not evidence of a sparse decomposition yet.
step   5900  mse   20.254  L0   1625.5  EV  0.955  dead     0
WARNING step 6000: L0=1643.8 > d_model=768 -- reconstruction can be near-perfect from spanning coverage alone here; EV=0.955 is not evidence of a sparse decomposition yet.
step   6000  mse   20.324  L0   1643.8  EV  0.955  dead     0
WARNING step 6100: L0=1651.6 > d_model=768 -- reconstruction can be near-perfect from spanning coverage alone here; EV=0.956 is not evidence of a sparse decomposition yet.
step   6100  mse   20.109  L0   1651.6  EV  0.956  dead     0
WARNING step 6200: L0=1647.7 > d_model=768 -- reconstruction can be near-perfect from spanning coverage alone here; EV=0.956 is not evidence of a sparse decomposition yet.
step   6200  mse   19.675  L0   1647.7  EV  0.956  dead     0
WARNING step 6300: L0=1664.6 > d_model=768 -- reconstruction can be near-perfect from spanning coverage alone here; EV=0.956 is not evidence of a sparse decomposition yet.
step   6300  mse   19.699  L0   1664.6  EV  0.956  dead     0
WARNING step 6400: L0=1679.7 > d_model=768 -- reconstruction can be near-perfect from spanning coverage alone here; EV=0.957 is not evidence of a sparse decomposition yet.
step   6400  mse   19.423  L0   1679.7  EV  0.957  dead     0
WARNING step 6500: L0=1692.9 > d_model=768 -- reconstruction can be near-perfect from spanning coverage alone here; EV=0.957 is not evidence of a sparse decomposition yet.
step   6500  mse   19.540  L0   1692.9  EV  0.957  dead     0
WARNING step 6600: L0=1680.5 > d_model=768 -- reconstruction can be near-perfect from spanning coverage alone here; EV=0.958 is not evidence of a sparse decomposition yet.
step   6600  mse   18.891  L0   1680.5  EV  0.958  dead     0
WARNING step 6700: L0=1714.0 > d_model=768 -- reconstruction can be near-perfect from spanning coverage alone here; EV=0.957 is not evidence of a sparse decomposition yet.
step   6700  mse   19.262  L0   1714.0  EV  0.957  dead     0
WARNING step 6800: L0=1705.6 > d_model=768 -- reconstruction can be near-perfect from spanning coverage alone here; EV=0.958 is not evidence of a sparse decomposition yet.
step   6800  mse   18.755  L0   1705.6  EV  0.958  dead     0
WARNING step 6900: L0=1711.7 > d_model=768 -- reconstruction can be near-perfect from spanning coverage alone here; EV=0.958 is not evidence of a sparse decomposition yet.
step   6900  mse   18.763  L0   1711.7  EV  0.958  dead     0
WARNING step 7000: L0=1724.6 > d_model=768 -- reconstruction can be near-perfect from spanning coverage alone here; EV=0.959 is not evidence of a sparse decomposition yet.
step   7000  mse   18.470  L0   1724.6  EV  0.959  dead     0
WARNING step 7100: L0=1728.8 > d_model=768 -- reconstruction can be near-perfect from spanning coverage alone here; EV=0.958 is not evidence of a sparse decomposition yet.
step   7100  mse   18.598  L0   1728.8  EV  0.958  dead     0
WARNING step 7200: L0=1726.7 > d_model=768 -- reconstruction can be near-perfect from spanning coverage alone here; EV=0.959 is not evidence of a sparse decomposition yet.
step   7200  mse   18.176  L0   1726.7  EV  0.959  dead     0
WARNING step 7300: L0=1724.0 > d_model=768 -- reconstruction can be near-perfect from spanning coverage alone here; EV=0.960 is not evidence of a sparse decomposition yet.
step   7300  mse   18.168  L0   1724.0  EV  0.960  dead     0
WARNING step 7400: L0=1751.8 > d_model=768 -- reconstruction can be near-perfect from spanning coverage alone here; EV=0.959 is not evidence of a sparse decomposition yet.
step   7400  mse   18.259  L0   1751.8  EV  0.959  dead     0
WARNING step 7500: L0=1743.1 > d_model=768 -- reconstruction can be near-perfect from spanning coverage alone here; EV=0.960 is not evidence of a sparse decomposition yet.
step   7500  mse   17.794  L0   1743.1  EV  0.960  dead     0
WARNING step 7600: L0=1758.2 > d_model=768 -- reconstruction can be near-perfect from spanning coverage alone here; EV=0.960 is not evidence of a sparse decomposition yet.
step   7600  mse   17.892  L0   1758.2  EV  0.960  dead     0
WARNING step 7700: L0=1741.8 > d_model=768 -- reconstruction can be near-perfect from spanning coverage alone here; EV=0.961 is not evidence of a sparse decomposition yet.
step   7700  mse   17.537  L0   1741.8  EV  0.961  dead     0
WARNING step 7800: L0=1753.7 > d_model=768 -- reconstruction can be near-perfect from spanning coverage alone here; EV=0.961 is not evidence of a sparse decomposition yet.
step   7800  mse   17.502  L0   1753.7  EV  0.961  dead     0
WARNING step 7900: L0=1771.8 > d_model=768 -- reconstruction can be near-perfect from spanning coverage alone here; EV=0.961 is not evidence of a sparse decomposition yet.
step   7900  mse   17.562  L0   1771.8  EV  0.961  dead     0
WARNING step 8000: L0=1758.5 > d_model=768 -- reconstruction can be near-perfect from spanning coverage alone here; EV=0.961 is not evidence of a sparse decomposition yet.
step   8000  mse   17.339  L0   1758.5  EV  0.961  dead     0
WARNING step 8100: L0=1760.5 > d_model=768 -- reconstruction can be near-perfect from spanning coverage alone here; EV=0.961 is not evidence of a sparse decomposition yet.
step   8100  mse   17.304  L0   1760.5  EV  0.961  dead     0
WARNING step 8200: L0=1765.8 > d_model=768 -- reconstruction can be near-perfect from spanning coverage alone here; EV=0.962 is not evidence of a sparse decomposition yet.
step   8200  mse   17.109  L0   1765.8  EV  0.962  dead     0
WARNING step 8300: L0=1770.5 > d_model=768 -- reconstruction can be near-perfect from spanning coverage alone here; EV=0.962 is not evidence of a sparse decomposition yet.
step   8300  mse   17.078  L0   1770.5  EV  0.962  dead     0
WARNING step 8400: L0=1770.3 > d_model=768 -- reconstruction can be near-perfect from spanning coverage alone here; EV=0.962 is not evidence of a sparse decomposition yet.
step   8400  mse   16.876  L0   1770.3  EV  0.962  dead     0
WARNING step 8500: L0=1770.6 > d_model=768 -- reconstruction can be near-perfect from spanning coverage alone here; EV=0.963 is not evidence of a sparse decomposition yet.
step   8500  mse   16.622  L0   1770.6  EV  0.963  dead     0
WARNING step 8600: L0=1770.3 > d_model=768 -- reconstruction can be near-perfect from spanning coverage alone here; EV=0.963 is not evidence of a sparse decomposition yet.
step   8600  mse   16.515  L0   1770.3  EV  0.963  dead     0
WARNING step 8700: L0=1778.7 > d_model=768 -- reconstruction can be near-perfect from spanning coverage alone here; EV=0.963 is not evidence of a sparse decomposition yet.
step   8700  mse   16.416  L0   1778.7  EV  0.963  dead     0
WARNING step 8800: L0=1782.8 > d_model=768 -- reconstruction can be near-perfect from spanning coverage alone here; EV=0.963 is not evidence of a sparse decomposition yet.
step   8800  mse   16.589  L0   1782.8  EV  0.963  dead     0
WARNING step 8900: L0=1764.1 > d_model=768 -- reconstruction can be near-perfect from spanning coverage alone here; EV=0.964 is not evidence of a sparse decomposition yet.
step   8900  mse   16.302  L0   1764.1  EV  0.964  dead     0
WARNING step 9000: L0=1769.0 > d_model=768 -- reconstruction can be near-perfect from spanning coverage alone here; EV=0.964 is not evidence of a sparse decomposition yet.
step   9000  mse   16.380  L0   1769.0  EV  0.964  dead     0
WARNING step 9100: L0=1771.6 > d_model=768 -- reconstruction can be near-perfect from spanning coverage alone here; EV=0.963 is not evidence of a sparse decomposition yet.
step   9100  mse   16.327  L0   1771.6  EV  0.963  dead     0
WARNING step 9200: L0=1763.1 > d_model=768 -- reconstruction can be near-perfect from spanning coverage alone here; EV=0.964 is not evidence of a sparse decomposition yet.
step   9200  mse   15.897  L0   1763.1  EV  0.964  dead     0
WARNING step 9300: L0=1755.5 > d_model=768 -- reconstruction can be near-perfect from spanning coverage alone here; EV=0.964 is not evidence of a sparse decomposition yet.
step   9300  mse   15.956  L0   1755.5  EV  0.964  dead     0
WARNING step 9400: L0=1771.5 > d_model=768 -- reconstruction can be near-perfect from spanning coverage alone here; EV=0.964 is not evidence of a sparse decomposition yet.
step   9400  mse   15.910  L0   1771.5  EV  0.964  dead     0
WARNING step 9500: L0=1761.5 > d_model=768 -- reconstruction can be near-perfect from spanning coverage alone here; EV=0.965 is not evidence of a sparse decomposition yet.
step   9500  mse   15.628  L0   1761.5  EV  0.965  dead     0
WARNING step 9600: L0=1757.2 > d_model=768 -- reconstruction can be near-perfect from spanning coverage alone here; EV=0.965 is not evidence of a sparse decomposition yet.
step   9600  mse   15.616  L0   1757.2  EV  0.965  dead     0
WARNING step 9700: L0=1751.9 > d_model=768 -- reconstruction can be near-perfect from spanning coverage alone here; EV=0.965 is not evidence of a sparse decomposition yet.
step   9700  mse   15.663  L0   1751.9  EV  0.965  dead     0
WARNING step 9800: L0=1739.8 > d_model=768 -- reconstruction can be near-perfect from spanning coverage alone here; EV=0.965 is not evidence of a sparse decomposition yet.
step   9800  mse   15.603  L0   1739.8  EV  0.965  dead     0
WARNING step 9900: L0=1747.1 > d_model=768 -- reconstruction can be near-perfect from spanning coverage alone here; EV=0.965 is not evidence of a sparse decomposition yet.
step   9900  mse   15.670  L0   1747.1  EV  0.965  dead     0
WARNING step 10000: L0=1756.0 > d_model=768 -- reconstruction can be near-perfect from spanning coverage alone here; EV=0.965 is not evidence of a sparse decomposition yet.
step  10000  mse   15.419  L0   1756.0  EV  0.965  dead     0
WARNING step 10100: L0=1720.8 > d_model=768 -- reconstruction can be near-perfect from spanning coverage alone here; EV=0.966 is not evidence of a sparse decomposition yet.
step  10100  mse   15.337  L0   1720.8  EV  0.966  dead     0
WARNING step 10200: L0=1742.2 > d_model=768 -- reconstruction can be near-perfect from spanning coverage alone here; EV=0.966 is not evidence of a sparse decomposition yet.
step  10200  mse   15.356  L0   1742.2  EV  0.966  dead     0
WARNING step 10300: L0=1721.2 > d_model=768 -- reconstruction can be near-perfect from spanning coverage alone here; EV=0.966 is not evidence of a sparse decomposition yet.
step  10300  mse   15.158  L0   1721.2  EV  0.966  dead     0
WARNING step 10400: L0=1718.3 > d_model=768 -- reconstruction can be near-perfect from spanning coverage alone here; EV=0.967 is not evidence of a sparse decomposition yet.
step  10400  mse   14.989  L0   1718.3  EV  0.967  dead     0
WARNING step 10500: L0=1708.1 > d_model=768 -- reconstruction can be near-perfect from spanning coverage alone here; EV=0.967 is not evidence of a sparse decomposition yet.
step  10500  mse   14.800  L0   1708.1  EV  0.967  dead     0
WARNING step 10600: L0=1702.9 > d_model=768 -- reconstruction can be near-perfect from spanning coverage alone here; EV=0.967 is not evidence of a sparse decomposition yet.
step  10600  mse   14.711  L0   1702.9  EV  0.967  dead     0
WARNING step 10700: L0=1702.1 > d_model=768 -- reconstruction can be near-perfect from spanning coverage alone here; EV=0.967 is not evidence of a sparse decomposition yet.
step  10700  mse   14.916  L0   1702.1  EV  0.967  dead     0
WARNING step 10800: L0=1704.7 > d_model=768 -- reconstruction can be near-perfect from spanning coverage alone here; EV=0.967 is not evidence of a sparse decomposition yet.
step  10800  mse   14.798  L0   1704.7  EV  0.967  dead     0
WARNING step 10900: L0=1697.4 > d_model=768 -- reconstruction can be near-perfect from spanning coverage alone here; EV=0.967 is not evidence of a sparse decomposition yet.
step  10900  mse   14.713  L0   1697.4  EV  0.967  dead     0
WARNING step 11000: L0=1685.4 > d_model=768 -- reconstruction can be near-perfect from spanning coverage alone here; EV=0.967 is not evidence of a sparse decomposition yet.
step  11000  mse   14.918  L0   1685.4  EV  0.967  dead     0
WARNING step 11100: L0=1681.9 > d_model=768 -- reconstruction can be near-perfect from spanning coverage alone here; EV=0.967 is not evidence of a sparse decomposition yet.
step  11100  mse   14.612  L0   1681.9  EV  0.967  dead     0
WARNING step 11200: L0=1664.4 > d_model=768 -- reconstruction can be near-perfect from spanning coverage alone here; EV=0.967 is not evidence of a sparse decomposition yet.
step  11200  mse   14.530  L0   1664.4  EV  0.967  dead     0
WARNING step 11300: L0=1660.7 > d_model=768 -- reconstruction can be near-perfect from spanning coverage alone here; EV=0.968 is not evidence of a sparse decomposition yet.
step  11300  mse   14.350  L0   1660.7  EV  0.968  dead     0
WARNING step 11400: L0=1658.3 > d_model=768 -- reconstruction can be near-perfect from spanning coverage alone here; EV=0.967 is not evidence of a sparse decomposition yet.
step  11400  mse   14.528  L0   1658.3  EV  0.967  dead     0
WARNING step 11500: L0=1643.8 > d_model=768 -- reconstruction can be near-perfect from spanning coverage alone here; EV=0.968 is not evidence of a sparse decomposition yet.
step  11500  mse   14.347  L0   1643.8  EV  0.968  dead     0
WARNING step 11600: L0=1640.8 > d_model=768 -- reconstruction can be near-perfect from spanning coverage alone here; EV=0.968 is not evidence of a sparse decomposition yet.
step  11600  mse   14.304  L0   1640.8  EV  0.968  dead     0
WARNING step 11700: L0=1633.6 > d_model=768 -- reconstruction can be near-perfect from spanning coverage alone here; EV=0.967 is not evidence of a sparse decomposition yet.
step  11700  mse   14.588  L0   1633.6  EV  0.967  dead     0
WARNING step 11800: L0=1646.2 > d_model=768 -- reconstruction can be near-perfect from spanning coverage alone here; EV=0.968 is not evidence of a sparse decomposition yet.
step  11800  mse   14.097  L0   1646.2  EV  0.968  dead     0
WARNING step 11900: L0=1644.7 > d_model=768 -- reconstruction can be near-perfect from spanning coverage alone here; EV=0.968 is not evidence of a sparse decomposition yet.
step  11900  mse   14.255  L0   1644.7  EV  0.968  dead     0
WARNING step 12000: L0=1648.7 > d_model=768 -- reconstruction can be near-perfect from spanning coverage alone here; EV=0.968 is not evidence of a sparse decomposition yet.
step  12000  mse   14.162  L0   1648.7  EV  0.968  dead     0
WARNING step 12100: L0=1631.0 > d_model=768 -- reconstruction can be near-perfect from spanning coverage alone here; EV=0.968 is not evidence of a sparse decomposition yet.
step  12100  mse   14.125  L0   1631.0  EV  0.968  dead     0
WARNING step 12200: L0=1616.3 > d_model=768 -- reconstruction can be near-perfect from spanning coverage alone here; EV=0.968 is not evidence of a sparse decomposition yet.
step  12200  mse   14.149  L0   1616.3  EV  0.968  dead     0
WARNING step 12300: L0=1621.3 > d_model=768 -- reconstruction can be near-perfect from spanning coverage alone here; EV=0.968 is not evidence of a sparse decomposition yet.
step  12300  mse   14.375  L0   1621.3  EV  0.968  dead     0
WARNING step 12400: L0=1604.4 > d_model=768 -- reconstruction can be near-perfect from spanning coverage alone here; EV=0.969 is not evidence of a sparse decomposition yet.
step  12400  mse   13.985  L0   1604.4  EV  0.969  dead     0
WARNING step 12500: L0=1589.6 > d_model=768 -- reconstruction can be near-perfect from spanning coverage alone here; EV=0.969 is not evidence of a sparse decomposition yet.
step  12500  mse   13.983  L0   1589.6  EV  0.969  dead     0
WARNING step 12600: L0=1584.0 > d_model=768 -- reconstruction can be near-perfect from spanning coverage alone here; EV=0.968 is not evidence of a sparse decomposition yet.
step  12600  mse   14.078  L0   1584.0  EV  0.968  dead     0
WARNING step 12700: L0=1594.7 > d_model=768 -- reconstruction can be near-perfect from spanning coverage alone here; EV=0.968 is not evidence of a sparse decomposition yet.
step  12700  mse   14.115  L0   1594.7  EV  0.968  dead     0
WARNING step 12800: L0=1569.4 > d_model=768 -- reconstruction can be near-perfect from spanning coverage alone here; EV=0.970 is not evidence of a sparse decomposition yet.
step  12800  mse   13.685  L0   1569.4  EV  0.970  dead     0
WARNING step 12900: L0=1594.6 > d_model=768 -- reconstruction can be near-perfect from spanning coverage alone here; EV=0.969 is not evidence of a sparse decomposition yet.
step  12900  mse   14.032  L0   1594.6  EV  0.969  dead     0
WARNING step 13000: L0=1573.4 > d_model=768 -- reconstruction can be near-perfect from spanning coverage alone here; EV=0.968 is not evidence of a sparse decomposition yet.
step  13000  mse   14.144  L0   1573.4  EV  0.968  dead     0
WARNING step 13100: L0=1567.5 > d_model=768 -- reconstruction can be near-perfect from spanning coverage alone here; EV=0.969 is not evidence of a sparse decomposition yet.
step  13100  mse   14.010  L0   1567.5  EV  0.969  dead     0
WARNING step 13200: L0=1567.5 > d_model=768 -- reconstruction can be near-perfect from spanning coverage alone here; EV=0.969 is not evidence of a sparse decomposition yet.
step  13200  mse   13.999  L0   1567.5  EV  0.969  dead     0
WARNING step 13300: L0=1540.9 > d_model=768 -- reconstruction can be near-perfect from spanning coverage alone here; EV=0.969 is not evidence of a sparse decomposition yet.
step  13300  mse   13.767  L0   1540.9  EV  0.969  dead     0
WARNING step 13400: L0=1538.7 > d_model=768 -- reconstruction can be near-perfect from spanning coverage alone here; EV=0.969 is not evidence of a sparse decomposition yet.
step  13400  mse   14.080  L0   1538.7  EV  0.969  dead     0
WARNING step 13500: L0=1537.9 > d_model=768 -- reconstruction can be near-perfect from spanning coverage alone here; EV=0.969 is not evidence of a sparse decomposition yet.
step  13500  mse   13.769  L0   1537.9  EV  0.969  dead     0
WARNING step 13600: L0=1539.3 > d_model=768 -- reconstruction can be near-perfect from spanning coverage alone here; EV=0.969 is not evidence of a sparse decomposition yet.
step  13600  mse   13.779  L0   1539.3  EV  0.969  dead     0
WARNING step 13700: L0=1520.9 > d_model=768 -- reconstruction can be near-perfect from spanning coverage alone here; EV=0.969 is not evidence of a sparse decomposition yet.
step  13700  mse   13.715  L0   1520.9  EV  0.969  dead     0
WARNING step 13800: L0=1517.4 > d_model=768 -- reconstruction can be near-perfect from spanning coverage alone here; EV=0.969 is not evidence of a sparse decomposition yet.
step  13800  mse   13.863  L0   1517.4  EV  0.969  dead     0
WARNING step 13900: L0=1504.8 > d_model=768 -- reconstruction can be near-perfect from spanning coverage alone here; EV=0.969 is not evidence of a sparse decomposition yet.
step  13900  mse   13.841  L0   1504.8  EV  0.969  dead     0
WARNING step 14000: L0=1509.7 > d_model=768 -- reconstruction can be near-perfect from spanning coverage alone here; EV=0.969 is not evidence of a sparse decomposition yet.
step  14000  mse   13.826  L0   1509.7  EV  0.969  dead     0
WARNING step 14100: L0=1507.4 > d_model=768 -- reconstruction can be near-perfect from spanning coverage alone here; EV=0.969 is not evidence of a sparse decomposition yet.
step  14100  mse   13.948  L0   1507.4  EV  0.969  dead     0
WARNING step 14200: L0=1513.5 > d_model=768 -- reconstruction can be near-perfect from spanning coverage alone here; EV=0.969 is not evidence of a sparse decomposition yet.
step  14200  mse   13.916  L0   1513.5  EV  0.969  dead     0
WARNING step 14300: L0=1481.2 > d_model=768 -- reconstruction can be near-perfect from spanning coverage alone here; EV=0.969 is not evidence of a sparse decomposition yet.
step  14300  mse   13.705  L0   1481.2  EV  0.969  dead     0
WARNING step 14400: L0=1493.7 > d_model=768 -- reconstruction can be near-perfect from spanning coverage alone here; EV=0.969 is not evidence of a sparse decomposition yet.
step  14400  mse   13.879  L0   1493.7  EV  0.969  dead     0
WARNING step 14500: L0=1485.3 > d_model=768 -- reconstruction can be near-perfect from spanning coverage alone here; EV=0.969 is not evidence of a sparse decomposition yet.
step  14500  mse   13.903  L0   1485.3  EV  0.969  dead     0
WARNING step 14600: L0=1503.9 > d_model=768 -- reconstruction can be near-perfect from spanning coverage alone here; EV=0.969 is not evidence of a sparse decomposition yet.
step  14600  mse   14.153  L0   1503.9  EV  0.969  dead     0
WARNING step 14700: L0=1476.8 > d_model=768 -- reconstruction can be near-perfect from spanning coverage alone here; EV=0.969 is not evidence of a sparse decomposition yet.
step  14700  mse   13.788  L0   1476.8  EV  0.969  dead     0
WARNING step 14800: L0=1484.4 > d_model=768 -- reconstruction can be near-perfect from spanning coverage alone here; EV=0.969 is not evidence of a sparse decomposition yet.
step  14800  mse   13.745  L0   1484.4  EV  0.969  dead     0
WARNING step 14900: L0=1476.1 > d_model=768 -- reconstruction can be near-perfect from spanning coverage alone here; EV=0.969 is not evidence of a sparse decomposition yet.
step  14900  mse   13.894  L0   1476.1  EV  0.969  dead     0
WARNING step 14999: L0=1453.0 > d_model=768 -- reconstruction can be near-perfect from spanning coverage alone here; EV=0.970 is not evidence of a sparse decomposition yet.
step  14999  mse   13.514  L0   1453.0  EV  0.970  dead     0

saved -> C:\Projects\sae-feature-reproducibility\checkpoints\full\sweep_l1_0.2  (1071s)
--> L0=1487.5  EV=0.9691  dead=0  (17.9 min)

swept 6 values of l1_coeff in 114.0 min -> C:\Projects\sae-feature-reproducibility\results\full\l1_sweep.json
