l1_coeff sweep: ['0.013', '0.01537', '0.01816', '0.02147', '0.02538', '0.03']
n_steps=15000  seed=0  data_seed=0  preset=full
writing incrementally -> results\full\l1_sweep_narrow.json

=== sweep 1/6  l1_coeff=0.013  run=sweep_l1_0.013 ===
run=sweep_l1_0.013  device=cuda
seed=0  data_seed=0  (pinned)
rows=12,700,000  d_sae=12288  steps=15,000  epochs=4.8
l1_coeff=0.013  norm_scale=0.268445 (from manifest)
decoder grad projection: ON
WARNING step 0: L0=6142.2 > d_model=768 -- reconstruction can be near-perfect from spanning coverage alone here; EV=-56.059 is not evidence of a sparse decomposition yet.
step      0  mse 25519.936  L0   6142.2  EV -56.059  dead     0
throughput (first 100 steps): 87,513 samples/s -> ~11.7 min projected
WARNING step 100: L0=2986.8 > d_model=768 -- reconstruction can be near-perfect from spanning coverage alone here; EV=-1.735 is not evidence of a sparse decomposition yet.
step    100  mse 1226.478  L0   2986.8  EV -1.735  dead     0
WARNING step 200: L0=2325.9 > d_model=768 -- reconstruction can be near-perfect from spanning coverage alone here; EV=-0.181 is not evidence of a sparse decomposition yet.
step    200  mse  526.779  L0   2325.9  EV -0.181  dead     0
WARNING step 300: L0=2196.1 > d_model=768 -- reconstruction can be near-perfect from spanning coverage alone here; EV=0.141 is not evidence of a sparse decomposition yet.
step    300  mse  385.585  L0   2196.1  EV  0.141  dead     0
WARNING step 400: L0=2049.0 > d_model=768 -- reconstruction can be near-perfect from spanning coverage alone here; EV=0.392 is not evidence of a sparse decomposition yet.
step    400  mse  273.502  L0   2049.0  EV  0.392  dead     0
WARNING step 500: L0=2188.9 > d_model=768 -- reconstruction can be near-perfect from spanning coverage alone here; EV=0.442 is not evidence of a sparse decomposition yet.
step    500  mse  248.505  L0   2188.9  EV  0.442  dead     0
WARNING step 600: L0=2165.9 > d_model=768 -- reconstruction can be near-perfect from spanning coverage alone here; EV=0.558 is not evidence of a sparse decomposition yet.
step    600  mse  198.262  L0   2165.9  EV  0.558  dead     0
WARNING step 700: L0=2191.2 > d_model=768 -- reconstruction can be near-perfect from spanning coverage alone here; EV=0.615 is not evidence of a sparse decomposition yet.
step    700  mse  172.549  L0   2191.2  EV  0.615  dead     0
WARNING step 800: L0=2168.1 > d_model=768 -- reconstruction can be near-perfect from spanning coverage alone here; EV=0.701 is not evidence of a sparse decomposition yet.
step    800  mse  133.560  L0   2168.1  EV  0.701  dead     0
WARNING step 900: L0=2195.5 > d_model=768 -- reconstruction can be near-perfect from spanning coverage alone here; EV=0.742 is not evidence of a sparse decomposition yet.
step    900  mse  114.920  L0   2195.5  EV  0.742  dead     0
WARNING step 1000: L0=2047.1 > d_model=768 -- reconstruction can be near-perfect from spanning coverage alone here; EV=0.789 is not evidence of a sparse decomposition yet.
step   1000  mse   94.046  L0   2047.1  EV  0.789  dead     0
WARNING step 1100: L0=2331.4 > d_model=768 -- reconstruction can be near-perfect from spanning coverage alone here; EV=0.809 is not evidence of a sparse decomposition yet.
step   1100  mse   85.525  L0   2331.4  EV  0.809  dead     0
WARNING step 1200: L0=2205.8 > d_model=768 -- reconstruction can be near-perfect from spanning coverage alone here; EV=0.842 is not evidence of a sparse decomposition yet.
step   1200  mse   70.936  L0   2205.8  EV  0.842  dead     0
WARNING step 1300: L0=2240.3 > d_model=768 -- reconstruction can be near-perfect from spanning coverage alone here; EV=0.859 is not evidence of a sparse decomposition yet.
step   1300  mse   63.620  L0   2240.3  EV  0.859  dead     0
WARNING step 1400: L0=2307.4 > d_model=768 -- reconstruction can be near-perfect from spanning coverage alone here; EV=0.866 is not evidence of a sparse decomposition yet.
step   1400  mse   59.753  L0   2307.4  EV  0.866  dead     0
WARNING step 1500: L0=2279.8 > d_model=768 -- reconstruction can be near-perfect from spanning coverage alone here; EV=0.891 is not evidence of a sparse decomposition yet.
step   1500  mse   49.084  L0   2279.8  EV  0.891  dead     0
WARNING step 1600: L0=2212.9 > d_model=768 -- reconstruction can be near-perfect from spanning coverage alone here; EV=0.915 is not evidence of a sparse decomposition yet.
step   1600  mse   38.138  L0   2212.9  EV  0.915  dead     0
WARNING step 1700: L0=2239.6 > d_model=768 -- reconstruction can be near-perfect from spanning coverage alone here; EV=0.926 is not evidence of a sparse decomposition yet.
step   1700  mse   32.987  L0   2239.6  EV  0.926  dead     0
WARNING step 1800: L0=2153.0 > d_model=768 -- reconstruction can be near-perfect from spanning coverage alone here; EV=0.942 is not evidence of a sparse decomposition yet.
step   1800  mse   26.105  L0   2153.0  EV  0.942  dead     0
WARNING step 1900: L0=2121.2 > d_model=768 -- reconstruction can be near-perfect from spanning coverage alone here; EV=0.955 is not evidence of a sparse decomposition yet.
step   1900  mse   20.187  L0   2121.2  EV  0.955  dead     0
WARNING step 2000: L0=2031.4 > d_model=768 -- reconstruction can be near-perfect from spanning coverage alone here; EV=0.966 is not evidence of a sparse decomposition yet.
step   2000  mse   15.192  L0   2031.4  EV  0.966  dead     0
WARNING step 2100: L0=1969.7 > d_model=768 -- reconstruction can be near-perfect from spanning coverage alone here; EV=0.973 is not evidence of a sparse decomposition yet.
step   2100  mse   12.183  L0   1969.7  EV  0.973  dead     0
WARNING step 2200: L0=1726.0 > d_model=768 -- reconstruction can be near-perfect from spanning coverage alone here; EV=0.980 is not evidence of a sparse decomposition yet.
step   2200  mse    8.945  L0   1726.0  EV  0.980  dead     0
WARNING step 2300: L0=1574.2 > d_model=768 -- reconstruction can be near-perfect from spanning coverage alone here; EV=0.985 is not evidence of a sparse decomposition yet.
step   2300  mse    6.671  L0   1574.2  EV  0.985  dead     0
WARNING step 2400: L0=1448.9 > d_model=768 -- reconstruction can be near-perfect from spanning coverage alone here; EV=0.988 is not evidence of a sparse decomposition yet.
step   2400  mse    5.589  L0   1448.9  EV  0.988  dead     0
WARNING step 2500: L0=1368.2 > d_model=768 -- reconstruction can be near-perfect from spanning coverage alone here; EV=0.989 is not evidence of a sparse decomposition yet.
step   2500  mse    4.836  L0   1368.2  EV  0.989  dead     0
WARNING step 2600: L0=1305.9 > d_model=768 -- reconstruction can be near-perfect from spanning coverage alone here; EV=0.990 is not evidence of a sparse decomposition yet.
step   2600  mse    4.291  L0   1305.9  EV  0.990  dead     0
WARNING step 2700: L0=1295.2 > d_model=768 -- reconstruction can be near-perfect from spanning coverage alone here; EV=0.991 is not evidence of a sparse decomposition yet.
step   2700  mse    4.180  L0   1295.2  EV  0.991  dead     0
WARNING step 2800: L0=1275.3 > d_model=768 -- reconstruction can be near-perfect from spanning coverage alone here; EV=0.991 is not evidence of a sparse decomposition yet.
step   2800  mse    3.882  L0   1275.3  EV  0.991  dead     0
WARNING step 2900: L0=1252.6 > d_model=768 -- reconstruction can be near-perfect from spanning coverage alone here; EV=0.992 is not evidence of a sparse decomposition yet.
step   2900  mse    3.554  L0   1252.6  EV  0.992  dead     0
WARNING step 3000: L0=1232.8 > d_model=768 -- reconstruction can be near-perfect from spanning coverage alone here; EV=0.992 is not evidence of a sparse decomposition yet.
step   3000  mse    3.503  L0   1232.8  EV  0.992  dead     0
WARNING step 3100: L0=1220.2 > d_model=768 -- reconstruction can be near-perfect from spanning coverage alone here; EV=0.993 is not evidence of a sparse decomposition yet.
step   3100  mse    3.344  L0   1220.2  EV  0.993  dead     0
WARNING step 3200: L0=1214.2 > d_model=768 -- reconstruction can be near-perfect from spanning coverage alone here; EV=0.993 is not evidence of a sparse decomposition yet.
step   3200  mse    3.181  L0   1214.2  EV  0.993  dead     0
WARNING step 3300: L0=1211.4 > d_model=768 -- reconstruction can be near-perfect from spanning coverage alone here; EV=0.993 is not evidence of a sparse decomposition yet.
step   3300  mse    3.034  L0   1211.4  EV  0.993  dead     0
WARNING step 3400: L0=1203.9 > d_model=768 -- reconstruction can be near-perfect from spanning coverage alone here; EV=0.993 is not evidence of a sparse decomposition yet.
step   3400  mse    2.956  L0   1203.9  EV  0.993  dead     0
WARNING step 3500: L0=1195.9 > d_model=768 -- reconstruction can be near-perfect from spanning coverage alone here; EV=0.994 is not evidence of a sparse decomposition yet.
step   3500  mse    2.910  L0   1195.9  EV  0.994  dead     0
WARNING step 3600: L0=1190.6 > d_model=768 -- reconstruction can be near-perfect from spanning coverage alone here; EV=0.994 is not evidence of a sparse decomposition yet.
step   3600  mse    2.661  L0   1190.6  EV  0.994  dead     0
WARNING step 3700: L0=1173.1 > d_model=768 -- reconstruction can be near-perfect from spanning coverage alone here; EV=0.994 is not evidence of a sparse decomposition yet.
step   3700  mse    2.712  L0   1173.1  EV  0.994  dead     0
WARNING step 3800: L0=1178.6 > d_model=768 -- reconstruction can be near-perfect from spanning coverage alone here; EV=0.994 is not evidence of a sparse decomposition yet.
step   3800  mse    2.582  L0   1178.6  EV  0.994  dead     0
WARNING step 3900: L0=1172.2 > d_model=768 -- reconstruction can be near-perfect from spanning coverage alone here; EV=0.994 is not evidence of a sparse decomposition yet.
step   3900  mse    2.589  L0   1172.2  EV  0.994  dead     0
WARNING step 4000: L0=1161.6 > d_model=768 -- reconstruction can be near-perfect from spanning coverage alone here; EV=0.994 is not evidence of a sparse decomposition yet.
step   4000  mse    2.467  L0   1161.6  EV  0.994  dead     0
WARNING step 4100: L0=1153.4 > d_model=768 -- reconstruction can be near-perfect from spanning coverage alone here; EV=0.995 is not evidence of a sparse decomposition yet.
step   4100  mse    2.388  L0   1153.4  EV  0.995  dead     0
WARNING step 4200: L0=1151.1 > d_model=768 -- reconstruction can be near-perfect from spanning coverage alone here; EV=0.995 is not evidence of a sparse decomposition yet.
step   4200  mse    2.350  L0   1151.1  EV  0.995  dead     0
WARNING step 4300: L0=1145.7 > d_model=768 -- reconstruction can be near-perfect from spanning coverage alone here; EV=0.995 is not evidence of a sparse decomposition yet.
step   4300  mse    2.267  L0   1145.7  EV  0.995  dead     0
WARNING step 4400: L0=1140.1 > d_model=768 -- reconstruction can be near-perfect from spanning coverage alone here; EV=0.995 is not evidence of a sparse decomposition yet.
step   4400  mse    2.193  L0   1140.1  EV  0.995  dead     0
WARNING step 4500: L0=1133.6 > d_model=768 -- reconstruction can be near-perfect from spanning coverage alone here; EV=0.995 is not evidence of a sparse decomposition yet.
step   4500  mse    2.144  L0   1133.6  EV  0.995  dead     0
WARNING step 4600: L0=1130.0 > d_model=768 -- reconstruction can be near-perfect from spanning coverage alone here; EV=0.995 is not evidence of a sparse decomposition yet.
step   4600  mse    2.143  L0   1130.0  EV  0.995  dead     0
WARNING step 4700: L0=1125.6 > d_model=768 -- reconstruction can be near-perfect from spanning coverage alone here; EV=0.995 is not evidence of a sparse decomposition yet.
step   4700  mse    2.119  L0   1125.6  EV  0.995  dead     0
WARNING step 4800: L0=1122.8 > d_model=768 -- reconstruction can be near-perfect from spanning coverage alone here; EV=0.995 is not evidence of a sparse decomposition yet.
step   4800  mse    2.069  L0   1122.8  EV  0.995  dead     0
WARNING step 4900: L0=1118.9 > d_model=768 -- reconstruction can be near-perfect from spanning coverage alone here; EV=0.995 is not evidence of a sparse decomposition yet.
step   4900  mse    2.060  L0   1118.9  EV  0.995  dead     0
WARNING step 5000: L0=1119.4 > d_model=768 -- reconstruction can be near-perfect from spanning coverage alone here; EV=0.995 is not evidence of a sparse decomposition yet.
step   5000  mse    2.040  L0   1119.4  EV  0.995  dead     0
WARNING step 5100: L0=1117.0 > d_model=768 -- reconstruction can be near-perfect from spanning coverage alone here; EV=0.995 is not evidence of a sparse decomposition yet.
step   5100  mse    2.069  L0   1117.0  EV  0.995  dead     0
WARNING step 5200: L0=1115.2 > d_model=768 -- reconstruction can be near-perfect from spanning coverage alone here; EV=0.995 is not evidence of a sparse decomposition yet.
step   5200  mse    2.022  L0   1115.2  EV  0.995  dead     0
WARNING step 5300: L0=1116.4 > d_model=768 -- reconstruction can be near-perfect from spanning coverage alone here; EV=0.996 is not evidence of a sparse decomposition yet.
step   5300  mse    1.951  L0   1116.4  EV  0.996  dead     0
WARNING step 5400: L0=1116.3 > d_model=768 -- reconstruction can be near-perfect from spanning coverage alone here; EV=0.996 is not evidence of a sparse decomposition yet.
step   5400  mse    1.970  L0   1116.3  EV  0.996  dead     0
WARNING step 5500: L0=1114.7 > d_model=768 -- reconstruction can be near-perfect from spanning coverage alone here; EV=0.996 is not evidence of a sparse decomposition yet.
step   5500  mse    1.944  L0   1114.7  EV  0.996  dead     0
WARNING step 5600: L0=1113.3 > d_model=768 -- reconstruction can be near-perfect from spanning coverage alone here; EV=0.995 is not evidence of a sparse decomposition yet.
step   5600  mse    2.027  L0   1113.3  EV  0.995  dead     0
WARNING step 5700: L0=1112.7 > d_model=768 -- reconstruction can be near-perfect from spanning coverage alone here; EV=0.996 is not evidence of a sparse decomposition yet.
step   5700  mse    1.975  L0   1112.7  EV  0.996  dead     0
WARNING step 5800: L0=1113.4 > d_model=768 -- reconstruction can be near-perfect from spanning coverage alone here; EV=0.996 is not evidence of a sparse decomposition yet.
step   5800  mse    1.953  L0   1113.4  EV  0.996  dead     0
WARNING step 5900: L0=1112.0 > d_model=768 -- reconstruction can be near-perfect from spanning coverage alone here; EV=0.996 is not evidence of a sparse decomposition yet.
step   5900  mse    1.951  L0   1112.0  EV  0.996  dead     0
WARNING step 6000: L0=1111.7 > d_model=768 -- reconstruction can be near-perfect from spanning coverage alone here; EV=0.996 is not evidence of a sparse decomposition yet.
step   6000  mse    1.986  L0   1111.7  EV  0.996  dead     0
WARNING step 6100: L0=1110.8 > d_model=768 -- reconstruction can be near-perfect from spanning coverage alone here; EV=0.996 is not evidence of a sparse decomposition yet.
step   6100  mse    1.963  L0   1110.8  EV  0.996  dead     0
WARNING step 6200: L0=1110.8 > d_model=768 -- reconstruction can be near-perfect from spanning coverage alone here; EV=0.996 is not evidence of a sparse decomposition yet.
step   6200  mse    1.897  L0   1110.8  EV  0.996  dead     0
WARNING step 6300: L0=1110.9 > d_model=768 -- reconstruction can be near-perfect from spanning coverage alone here; EV=0.996 is not evidence of a sparse decomposition yet.
step   6300  mse    1.904  L0   1110.9  EV  0.996  dead     0
WARNING step 6400: L0=1110.8 > d_model=768 -- reconstruction can be near-perfect from spanning coverage alone here; EV=0.996 is not evidence of a sparse decomposition yet.
step   6400  mse    1.893  L0   1110.8  EV  0.996  dead     0
WARNING step 6500: L0=1110.6 > d_model=768 -- reconstruction can be near-perfect from spanning coverage alone here; EV=0.996 is not evidence of a sparse decomposition yet.
step   6500  mse    1.918  L0   1110.6  EV  0.996  dead     0
WARNING step 6600: L0=1109.9 > d_model=768 -- reconstruction can be near-perfect from spanning coverage alone here; EV=0.996 is not evidence of a sparse decomposition yet.
step   6600  mse    1.894  L0   1109.9  EV  0.996  dead     0
WARNING step 6700: L0=1109.3 > d_model=768 -- reconstruction can be near-perfect from spanning coverage alone here; EV=0.996 is not evidence of a sparse decomposition yet.
step   6700  mse    1.930  L0   1109.3  EV  0.996  dead     0
WARNING step 6800: L0=1110.0 > d_model=768 -- reconstruction can be near-perfect from spanning coverage alone here; EV=0.996 is not evidence of a sparse decomposition yet.
step   6800  mse    1.858  L0   1110.0  EV  0.996  dead     0
WARNING step 6900: L0=1109.9 > d_model=768 -- reconstruction can be near-perfect from spanning coverage alone here; EV=0.996 is not evidence of a sparse decomposition yet.
step   6900  mse    1.869  L0   1109.9  EV  0.996  dead     0
WARNING step 7000: L0=1108.4 > d_model=768 -- reconstruction can be near-perfect from spanning coverage alone here; EV=0.996 is not evidence of a sparse decomposition yet.
step   7000  mse    1.908  L0   1108.4  EV  0.996  dead     0
WARNING step 7100: L0=1108.2 > d_model=768 -- reconstruction can be near-perfect from spanning coverage alone here; EV=0.996 is not evidence of a sparse decomposition yet.
step   7100  mse    1.903  L0   1108.2  EV  0.996  dead     0
WARNING step 7200: L0=1108.4 > d_model=768 -- reconstruction can be near-perfect from spanning coverage alone here; EV=0.996 is not evidence of a sparse decomposition yet.
step   7200  mse    1.847  L0   1108.4  EV  0.996  dead     0
WARNING step 7300: L0=1107.7 > d_model=768 -- reconstruction can be near-perfect from spanning coverage alone here; EV=0.996 is not evidence of a sparse decomposition yet.
step   7300  mse    1.825  L0   1107.7  EV  0.996  dead     0
WARNING step 7400: L0=1108.9 > d_model=768 -- reconstruction can be near-perfect from spanning coverage alone here; EV=0.996 is not evidence of a sparse decomposition yet.
step   7400  mse    1.878  L0   1108.9  EV  0.996  dead     0
WARNING step 7500: L0=1107.2 > d_model=768 -- reconstruction can be near-perfect from spanning coverage alone here; EV=0.996 is not evidence of a sparse decomposition yet.
step   7500  mse    1.832  L0   1107.2  EV  0.996  dead     0
WARNING step 7600: L0=1108.8 > d_model=768 -- reconstruction can be near-perfect from spanning coverage alone here; EV=0.996 is not evidence of a sparse decomposition yet.
step   7600  mse    1.842  L0   1108.8  EV  0.996  dead     0
WARNING step 7700: L0=1107.1 > d_model=768 -- reconstruction can be near-perfect from spanning coverage alone here; EV=0.996 is not evidence of a sparse decomposition yet.
step   7700  mse    1.801  L0   1107.1  EV  0.996  dead     0
WARNING step 7800: L0=1108.1 > d_model=768 -- reconstruction can be near-perfect from spanning coverage alone here; EV=0.996 is not evidence of a sparse decomposition yet.
step   7800  mse    1.838  L0   1108.1  EV  0.996  dead     0
WARNING step 7900: L0=1107.0 > d_model=768 -- reconstruction can be near-perfect from spanning coverage alone here; EV=0.996 is not evidence of a sparse decomposition yet.
step   7900  mse    1.882  L0   1107.0  EV  0.996  dead     0
WARNING step 8000: L0=1108.2 > d_model=768 -- reconstruction can be near-perfect from spanning coverage alone here; EV=0.996 is not evidence of a sparse decomposition yet.
step   8000  mse    1.801  L0   1108.2  EV  0.996  dead     0
WARNING step 8100: L0=1106.5 > d_model=768 -- reconstruction can be near-perfect from spanning coverage alone here; EV=0.996 is not evidence of a sparse decomposition yet.
step   8100  mse    1.798  L0   1106.5  EV  0.996  dead     0
WARNING step 8200: L0=1108.1 > d_model=768 -- reconstruction can be near-perfect from spanning coverage alone here; EV=0.996 is not evidence of a sparse decomposition yet.
step   8200  mse    1.774  L0   1108.1  EV  0.996  dead     0
WARNING step 8300: L0=1107.1 > d_model=768 -- reconstruction can be near-perfect from spanning coverage alone here; EV=0.996 is not evidence of a sparse decomposition yet.
step   8300  mse    1.785  L0   1107.1  EV  0.996  dead     0
WARNING step 8400: L0=1107.1 > d_model=768 -- reconstruction can be near-perfect from spanning coverage alone here; EV=0.996 is not evidence of a sparse decomposition yet.
step   8400  mse    1.799  L0   1107.1  EV  0.996  dead     0
WARNING step 8500: L0=1105.2 > d_model=768 -- reconstruction can be near-perfect from spanning coverage alone here; EV=0.996 is not evidence of a sparse decomposition yet.
step   8500  mse    1.828  L0   1105.2  EV  0.996  dead     0
WARNING step 8600: L0=1106.2 > d_model=768 -- reconstruction can be near-perfect from spanning coverage alone here; EV=0.996 is not evidence of a sparse decomposition yet.
step   8600  mse    1.768  L0   1106.2  EV  0.996  dead     0
WARNING step 8700: L0=1106.5 > d_model=768 -- reconstruction can be near-perfect from spanning coverage alone here; EV=0.996 is not evidence of a sparse decomposition yet.
step   8700  mse    1.766  L0   1106.5  EV  0.996  dead     0
WARNING step 8800: L0=1106.4 > d_model=768 -- reconstruction can be near-perfect from spanning coverage alone here; EV=0.996 is not evidence of a sparse decomposition yet.
step   8800  mse    1.809  L0   1106.4  EV  0.996  dead     0
WARNING step 8900: L0=1105.0 > d_model=768 -- reconstruction can be near-perfect from spanning coverage alone here; EV=0.996 is not evidence of a sparse decomposition yet.
step   8900  mse    1.779  L0   1105.0  EV  0.996  dead     0
WARNING step 9000: L0=1105.1 > d_model=768 -- reconstruction can be near-perfect from spanning coverage alone here; EV=0.996 is not evidence of a sparse decomposition yet.
step   9000  mse    1.755  L0   1105.1  EV  0.996  dead     0
WARNING step 9100: L0=1106.8 > d_model=768 -- reconstruction can be near-perfect from spanning coverage alone here; EV=0.996 is not evidence of a sparse decomposition yet.
step   9100  mse    1.729  L0   1106.8  EV  0.996  dead     0
WARNING step 9200: L0=1104.1 > d_model=768 -- reconstruction can be near-perfect from spanning coverage alone here; EV=0.996 is not evidence of a sparse decomposition yet.
step   9200  mse    1.742  L0   1104.1  EV  0.996  dead     0
WARNING step 9300: L0=1106.0 > d_model=768 -- reconstruction can be near-perfect from spanning coverage alone here; EV=0.996 is not evidence of a sparse decomposition yet.
step   9300  mse    1.728  L0   1106.0  EV  0.996  dead     0
WARNING step 9400: L0=1104.9 > d_model=768 -- reconstruction can be near-perfect from spanning coverage alone here; EV=0.996 is not evidence of a sparse decomposition yet.
step   9400  mse    1.759  L0   1104.9  EV  0.996  dead     0
WARNING step 9500: L0=1104.0 > d_model=768 -- reconstruction can be near-perfect from spanning coverage alone here; EV=0.996 is not evidence of a sparse decomposition yet.
step   9500  mse    1.749  L0   1104.0  EV  0.996  dead     0
WARNING step 9600: L0=1106.2 > d_model=768 -- reconstruction can be near-perfect from spanning coverage alone here; EV=0.996 is not evidence of a sparse decomposition yet.
step   9600  mse    1.732  L0   1106.2  EV  0.996  dead     0
WARNING step 9700: L0=1104.2 > d_model=768 -- reconstruction can be near-perfect from spanning coverage alone here; EV=0.996 is not evidence of a sparse decomposition yet.
step   9700  mse    1.735  L0   1104.2  EV  0.996  dead     0
WARNING step 9800: L0=1104.2 > d_model=768 -- reconstruction can be near-perfect from spanning coverage alone here; EV=0.996 is not evidence of a sparse decomposition yet.
step   9800  mse    1.710  L0   1104.2  EV  0.996  dead     0
WARNING step 9900: L0=1105.5 > d_model=768 -- reconstruction can be near-perfect from spanning coverage alone here; EV=0.996 is not evidence of a sparse decomposition yet.
step   9900  mse    1.724  L0   1105.5  EV  0.996  dead     0
WARNING step 10000: L0=1104.2 > d_model=768 -- reconstruction can be near-perfect from spanning coverage alone here; EV=0.996 is not evidence of a sparse decomposition yet.
step  10000  mse    1.758  L0   1104.2  EV  0.996  dead     0
WARNING step 10100: L0=1104.3 > d_model=768 -- reconstruction can be near-perfect from spanning coverage alone here; EV=0.996 is not evidence of a sparse decomposition yet.
step  10100  mse    1.698  L0   1104.3  EV  0.996  dead     0
WARNING step 10200: L0=1104.6 > d_model=768 -- reconstruction can be near-perfect from spanning coverage alone here; EV=0.996 is not evidence of a sparse decomposition yet.
step  10200  mse    1.710  L0   1104.6  EV  0.996  dead     0
WARNING step 10300: L0=1104.3 > d_model=768 -- reconstruction can be near-perfect from spanning coverage alone here; EV=0.996 is not evidence of a sparse decomposition yet.
step  10300  mse    1.702  L0   1104.3  EV  0.996  dead     0
WARNING step 10400: L0=1103.3 > d_model=768 -- reconstruction can be near-perfect from spanning coverage alone here; EV=0.996 is not evidence of a sparse decomposition yet.
step  10400  mse    1.725  L0   1103.3  EV  0.996  dead     0
WARNING step 10500: L0=1103.1 > d_model=768 -- reconstruction can be near-perfect from spanning coverage alone here; EV=0.996 is not evidence of a sparse decomposition yet.
step  10500  mse    1.683  L0   1103.1  EV  0.996  dead     0
WARNING step 10600: L0=1100.8 > d_model=768 -- reconstruction can be near-perfect from spanning coverage alone here; EV=0.996 is not evidence of a sparse decomposition yet.
step  10600  mse    1.710  L0   1100.8  EV  0.996  dead     0
WARNING step 10700: L0=1104.2 > d_model=768 -- reconstruction can be near-perfect from spanning coverage alone here; EV=0.996 is not evidence of a sparse decomposition yet.
step  10700  mse    1.686  L0   1104.2  EV  0.996  dead     0
WARNING step 10800: L0=1104.8 > d_model=768 -- reconstruction can be near-perfect from spanning coverage alone here; EV=0.996 is not evidence of a sparse decomposition yet.
step  10800  mse    1.687  L0   1104.8  EV  0.996  dead     0
WARNING step 10900: L0=1102.7 > d_model=768 -- reconstruction can be near-perfect from spanning coverage alone here; EV=0.996 is not evidence of a sparse decomposition yet.
step  10900  mse    1.719  L0   1102.7  EV  0.996  dead     0
WARNING step 11000: L0=1103.3 > d_model=768 -- reconstruction can be near-perfect from spanning coverage alone here; EV=0.996 is not evidence of a sparse decomposition yet.
step  11000  mse    1.677  L0   1103.3  EV  0.996  dead     1
WARNING step 11100: L0=1102.3 > d_model=768 -- reconstruction can be near-perfect from spanning coverage alone here; EV=0.996 is not evidence of a sparse decomposition yet.
step  11100  mse    1.665  L0   1102.3  EV  0.996  dead     1
WARNING step 11200: L0=1101.5 > d_model=768 -- reconstruction can be near-perfect from spanning coverage alone here; EV=0.996 is not evidence of a sparse decomposition yet.
step  11200  mse    1.671  L0   1101.5  EV  0.996  dead     1
WARNING step 11300: L0=1101.7 > d_model=768 -- reconstruction can be near-perfect from spanning coverage alone here; EV=0.996 is not evidence of a sparse decomposition yet.
step  11300  mse    1.667  L0   1101.7  EV  0.996  dead     2
WARNING step 11400: L0=1101.9 > d_model=768 -- reconstruction can be near-perfect from spanning coverage alone here; EV=0.996 is not evidence of a sparse decomposition yet.
step  11400  mse    1.661  L0   1101.9  EV  0.996  dead     4
WARNING step 11500: L0=1101.5 > d_model=768 -- reconstruction can be near-perfect from spanning coverage alone here; EV=0.996 is not evidence of a sparse decomposition yet.
step  11500  mse    1.654  L0   1101.5  EV  0.996  dead     5
WARNING step 11600: L0=1100.8 > d_model=768 -- reconstruction can be near-perfect from spanning coverage alone here; EV=0.996 is not evidence of a sparse decomposition yet.
step  11600  mse    1.648  L0   1100.8  EV  0.996  dead     5
WARNING step 11700: L0=1102.9 > d_model=768 -- reconstruction can be near-perfect from spanning coverage alone here; EV=0.996 is not evidence of a sparse decomposition yet.
step  11700  mse    1.652  L0   1102.9  EV  0.996  dead     9
WARNING step 11800: L0=1101.8 > d_model=768 -- reconstruction can be near-perfect from spanning coverage alone here; EV=0.996 is not evidence of a sparse decomposition yet.
step  11800  mse    1.647  L0   1101.8  EV  0.996  dead    11
WARNING step 11900: L0=1102.0 > d_model=768 -- reconstruction can be near-perfect from spanning coverage alone here; EV=0.996 is not evidence of a sparse decomposition yet.
step  11900  mse    1.674  L0   1102.0  EV  0.996  dead    16
WARNING step 12000: L0=1102.8 > d_model=768 -- reconstruction can be near-perfect from spanning coverage alone here; EV=0.996 is not evidence of a sparse decomposition yet.
step  12000  mse    1.665  L0   1102.8  EV  0.996  dead    21
WARNING step 12100: L0=1102.9 > d_model=768 -- reconstruction can be near-perfect from spanning coverage alone here; EV=0.996 is not evidence of a sparse decomposition yet.
step  12100  mse    1.671  L0   1102.9  EV  0.996  dead    25
WARNING step 12200: L0=1101.5 > d_model=768 -- reconstruction can be near-perfect from spanning coverage alone here; EV=0.996 is not evidence of a sparse decomposition yet.
step  12200  mse    1.658  L0   1101.5  EV  0.996  dead    38
WARNING step 12300: L0=1102.5 > d_model=768 -- reconstruction can be near-perfect from spanning coverage alone here; EV=0.996 is not evidence of a sparse decomposition yet.
step  12300  mse    1.673  L0   1102.5  EV  0.996  dead    50
WARNING step 12400: L0=1099.4 > d_model=768 -- reconstruction can be near-perfect from spanning coverage alone here; EV=0.996 is not evidence of a sparse decomposition yet.
step  12400  mse    1.664  L0   1099.4  EV  0.996  dead    61
WARNING step 12500: L0=1099.6 > d_model=768 -- reconstruction can be near-perfect from spanning coverage alone here; EV=0.996 is not evidence of a sparse decomposition yet.
step  12500  mse    1.658  L0   1099.6  EV  0.996  dead    80
WARNING step 12600: L0=1100.2 > d_model=768 -- reconstruction can be near-perfect from spanning coverage alone here; EV=0.996 is not evidence of a sparse decomposition yet.
step  12600  mse    1.654  L0   1100.2  EV  0.996  dead    98
WARNING step 12700: L0=1102.5 > d_model=768 -- reconstruction can be near-perfect from spanning coverage alone here; EV=0.996 is not evidence of a sparse decomposition yet.
step  12700  mse    1.641  L0   1102.5  EV  0.996  dead   130
WARNING step 12800: L0=1099.2 > d_model=768 -- reconstruction can be near-perfect from spanning coverage alone here; EV=0.996 is not evidence of a sparse decomposition yet.
step  12800  mse    1.619  L0   1099.2  EV  0.996  dead   159
WARNING step 12900: L0=1101.3 > d_model=768 -- reconstruction can be near-perfect from spanning coverage alone here; EV=0.996 is not evidence of a sparse decomposition yet.
step  12900  mse    1.656  L0   1101.3  EV  0.996  dead   199
WARNING step 13000: L0=1100.4 > d_model=768 -- reconstruction can be near-perfect from spanning coverage alone here; EV=0.996 is not evidence of a sparse decomposition yet.
step  13000  mse    1.625  L0   1100.4  EV  0.996  dead   232
WARNING step 13100: L0=1099.5 > d_model=768 -- reconstruction can be near-perfect from spanning coverage alone here; EV=0.996 is not evidence of a sparse decomposition yet.
step  13100  mse    1.633  L0   1099.5  EV  0.996  dead   262
WARNING step 13200: L0=1099.6 > d_model=768 -- reconstruction can be near-perfect from spanning coverage alone here; EV=0.996 is not evidence of a sparse decomposition yet.
step  13200  mse    1.631  L0   1099.6  EV  0.996  dead   304
WARNING step 13300: L0=1097.0 > d_model=768 -- reconstruction can be near-perfect from spanning coverage alone here; EV=0.996 is not evidence of a sparse decomposition yet.
step  13300  mse    1.616  L0   1097.0  EV  0.996  dead   342
WARNING step 13400: L0=1097.6 > d_model=768 -- reconstruction can be near-perfect from spanning coverage alone here; EV=0.996 is not evidence of a sparse decomposition yet.
step  13400  mse    1.638  L0   1097.6  EV  0.996  dead   396
WARNING step 13500: L0=1098.9 > d_model=768 -- reconstruction can be near-perfect from spanning coverage alone here; EV=0.996 is not evidence of a sparse decomposition yet.
step  13500  mse    1.602  L0   1098.9  EV  0.996  dead   445
WARNING step 13600: L0=1098.9 > d_model=768 -- reconstruction can be near-perfect from spanning coverage alone here; EV=0.996 is not evidence of a sparse decomposition yet.
step  13600  mse    1.671  L0   1098.9  EV  0.996  dead   483
WARNING step 13700: L0=1097.1 > d_model=768 -- reconstruction can be near-perfect from spanning coverage alone here; EV=0.996 is not evidence of a sparse decomposition yet.
step  13700  mse    1.635  L0   1097.1  EV  0.996  dead   523
WARNING step 13800: L0=1097.5 > d_model=768 -- reconstruction can be near-perfect from spanning coverage alone here; EV=0.996 is not evidence of a sparse decomposition yet.
step  13800  mse    1.615  L0   1097.5  EV  0.996  dead   567
WARNING step 13900: L0=1097.8 > d_model=768 -- reconstruction can be near-perfect from spanning coverage alone here; EV=0.996 is not evidence of a sparse decomposition yet.
step  13900  mse    1.573  L0   1097.8  EV  0.996  dead   620
WARNING step 14000: L0=1096.9 > d_model=768 -- reconstruction can be near-perfect from spanning coverage alone here; EV=0.996 is not evidence of a sparse decomposition yet.
step  14000  mse    1.612  L0   1096.9  EV  0.996  dead   665
WARNING step 14100: L0=1098.3 > d_model=768 -- reconstruction can be near-perfect from spanning coverage alone here; EV=0.996 is not evidence of a sparse decomposition yet.
step  14100  mse    1.608  L0   1098.3  EV  0.996  dead   703
WARNING step 14200: L0=1098.3 > d_model=768 -- reconstruction can be near-perfect from spanning coverage alone here; EV=0.996 is not evidence of a sparse decomposition yet.
step  14200  mse    1.621  L0   1098.3  EV  0.996  dead   735
WARNING step 14300: L0=1095.5 > d_model=768 -- reconstruction can be near-perfect from spanning coverage alone here; EV=0.996 is not evidence of a sparse decomposition yet.
step  14300  mse    1.588  L0   1095.5  EV  0.996  dead   781
WARNING step 14400: L0=1097.7 > d_model=768 -- reconstruction can be near-perfect from spanning coverage alone here; EV=0.996 is not evidence of a sparse decomposition yet.
step  14400  mse    1.603  L0   1097.7  EV  0.996  dead   803
WARNING step 14500: L0=1096.0 > d_model=768 -- reconstruction can be near-perfect from spanning coverage alone here; EV=0.996 is not evidence of a sparse decomposition yet.
step  14500  mse    1.644  L0   1096.0  EV  0.996  dead   839
WARNING step 14600: L0=1099.6 > d_model=768 -- reconstruction can be near-perfect from spanning coverage alone here; EV=0.996 is not evidence of a sparse decomposition yet.
step  14600  mse    1.639  L0   1099.6  EV  0.996  dead   874
WARNING step 14700: L0=1096.0 > d_model=768 -- reconstruction can be near-perfect from spanning coverage alone here; EV=0.996 is not evidence of a sparse decomposition yet.
step  14700  mse    1.601  L0   1096.0  EV  0.996  dead   901
WARNING step 14800: L0=1096.4 > d_model=768 -- reconstruction can be near-perfect from spanning coverage alone here; EV=0.996 is not evidence of a sparse decomposition yet.
step  14800  mse    1.665  L0   1096.4  EV  0.996  dead   916
WARNING step 14900: L0=1096.9 > d_model=768 -- reconstruction can be near-perfect from spanning coverage alone here; EV=0.996 is not evidence of a sparse decomposition yet.
step  14900  mse    1.623  L0   1096.9  EV  0.996  dead   938
WARNING step 14999: L0=1094.4 > d_model=768 -- reconstruction can be near-perfect from spanning coverage alone here; EV=0.996 is not evidence of a sparse decomposition yet.
step  14999  mse    1.568  L0   1094.4  EV  0.996  dead   931

saved -> C:\Projects\sae-feature-reproducibility\checkpoints\full\sweep_l1_0.013  (1110s)
--> L0=1096.9  EV=0.9964  dead=931  (18.6 min)

=== sweep 2/6  l1_coeff=0.01537  run=sweep_l1_0.01537 ===
run=sweep_l1_0.01537  device=cuda
seed=0  data_seed=0  (pinned)
rows=12,700,000  d_sae=12288  steps=15,000  epochs=4.8
l1_coeff=0.0153666  norm_scale=0.268445 (from manifest)
decoder grad projection: ON
WARNING step 0: L0=6142.2 > d_model=768 -- reconstruction can be near-perfect from spanning coverage alone here; EV=-56.059 is not evidence of a sparse decomposition yet.
step      0  mse 25519.936  L0   6142.2  EV -56.059  dead     0
throughput (first 100 steps): 100,961 samples/s -> ~10.1 min projected
WARNING step 100: L0=2988.1 > d_model=768 -- reconstruction can be near-perfect from spanning coverage alone here; EV=-1.734 is not evidence of a sparse decomposition yet.
step    100  mse 1226.136  L0   2988.1  EV -1.734  dead     0
WARNING step 200: L0=2328.1 > d_model=768 -- reconstruction can be near-perfect from spanning coverage alone here; EV=-0.178 is not evidence of a sparse decomposition yet.
step    200  mse  525.752  L0   2328.1  EV -0.178  dead     0
WARNING step 300: L0=2199.0 > d_model=768 -- reconstruction can be near-perfect from spanning coverage alone here; EV=0.142 is not evidence of a sparse decomposition yet.
step    300  mse  384.898  L0   2199.0  EV  0.142  dead     0
WARNING step 400: L0=2052.4 > d_model=768 -- reconstruction can be near-perfect from spanning coverage alone here; EV=0.393 is not evidence of a sparse decomposition yet.
step    400  mse  273.025  L0   2052.4  EV  0.393  dead     0
WARNING step 500: L0=2192.9 > d_model=768 -- reconstruction can be near-perfect from spanning coverage alone here; EV=0.444 is not evidence of a sparse decomposition yet.
step    500  mse  247.611  L0   2192.9  EV  0.444  dead     0
WARNING step 600: L0=2170.5 > d_model=768 -- reconstruction can be near-perfect from spanning coverage alone here; EV=0.560 is not evidence of a sparse decomposition yet.
step    600  mse  197.343  L0   2170.5  EV  0.560  dead     0
WARNING step 700: L0=2196.7 > d_model=768 -- reconstruction can be near-perfect from spanning coverage alone here; EV=0.618 is not evidence of a sparse decomposition yet.
step    700  mse  171.391  L0   2196.7  EV  0.618  dead     0
WARNING step 800: L0=2174.1 > d_model=768 -- reconstruction can be near-perfect from spanning coverage alone here; EV=0.702 is not evidence of a sparse decomposition yet.
step    800  mse  132.977  L0   2174.1  EV  0.702  dead     0
WARNING step 900: L0=2202.5 > d_model=768 -- reconstruction can be near-perfect from spanning coverage alone here; EV=0.743 is not evidence of a sparse decomposition yet.
step    900  mse  114.393  L0   2202.5  EV  0.743  dead     0
WARNING step 1000: L0=2054.9 > d_model=768 -- reconstruction can be near-perfect from spanning coverage alone here; EV=0.790 is not evidence of a sparse decomposition yet.
step   1000  mse   93.517  L0   2054.9  EV  0.790  dead     0
WARNING step 1100: L0=2338.0 > d_model=768 -- reconstruction can be near-perfect from spanning coverage alone here; EV=0.811 is not evidence of a sparse decomposition yet.
step   1100  mse   84.819  L0   2338.0  EV  0.811  dead     0
WARNING step 1200: L0=2212.2 > d_model=768 -- reconstruction can be near-perfect from spanning coverage alone here; EV=0.844 is not evidence of a sparse decomposition yet.
step   1200  mse   69.955  L0   2212.2  EV  0.844  dead     0
WARNING step 1300: L0=2244.2 > d_model=768 -- reconstruction can be near-perfect from spanning coverage alone here; EV=0.861 is not evidence of a sparse decomposition yet.
step   1300  mse   62.404  L0   2244.2  EV  0.861  dead     0
WARNING step 1400: L0=2306.7 > d_model=768 -- reconstruction can be near-perfect from spanning coverage alone here; EV=0.870 is not evidence of a sparse decomposition yet.
step   1400  mse   58.248  L0   2306.7  EV  0.870  dead     0
WARNING step 1500: L0=2271.6 > d_model=768 -- reconstruction can be near-perfect from spanning coverage alone here; EV=0.895 is not evidence of a sparse decomposition yet.
step   1500  mse   46.933  L0   2271.6  EV  0.895  dead     0
WARNING step 1600: L0=2193.6 > d_model=768 -- reconstruction can be near-perfect from spanning coverage alone here; EV=0.920 is not evidence of a sparse decomposition yet.
step   1600  mse   35.851  L0   2193.6  EV  0.920  dead     0
WARNING step 1700: L0=2197.6 > d_model=768 -- reconstruction can be near-perfect from spanning coverage alone here; EV=0.933 is not evidence of a sparse decomposition yet.
step   1700  mse   29.924  L0   2197.6  EV  0.933  dead     0
WARNING step 1800: L0=2069.3 > d_model=768 -- reconstruction can be near-perfect from spanning coverage alone here; EV=0.951 is not evidence of a sparse decomposition yet.
step   1800  mse   21.975  L0   2069.3  EV  0.951  dead     0
WARNING step 1900: L0=1980.8 > d_model=768 -- reconstruction can be near-perfect from spanning coverage alone here; EV=0.964 is not evidence of a sparse decomposition yet.
step   1900  mse   16.113  L0   1980.8  EV  0.964  dead     0
WARNING step 2000: L0=1816.2 > d_model=768 -- reconstruction can be near-perfect from spanning coverage alone here; EV=0.974 is not evidence of a sparse decomposition yet.
step   2000  mse   11.563  L0   1816.2  EV  0.974  dead     0
WARNING step 2100: L0=1675.8 > d_model=768 -- reconstruction can be near-perfect from spanning coverage alone here; EV=0.980 is not evidence of a sparse decomposition yet.
step   2100  mse    9.160  L0   1675.8  EV  0.980  dead     0
WARNING step 2200: L0=1472.1 > d_model=768 -- reconstruction can be near-perfect from spanning coverage alone here; EV=0.984 is not evidence of a sparse decomposition yet.
step   2200  mse    7.334  L0   1472.1  EV  0.984  dead     0
WARNING step 2300: L0=1388.6 > d_model=768 -- reconstruction can be near-perfect from spanning coverage alone here; EV=0.987 is not evidence of a sparse decomposition yet.
step   2300  mse    5.979  L0   1388.6  EV  0.987  dead     0
WARNING step 2400: L0=1331.7 > d_model=768 -- reconstruction can be near-perfect from spanning coverage alone here; EV=0.988 is not evidence of a sparse decomposition yet.
step   2400  mse    5.346  L0   1331.7  EV  0.988  dead     0
WARNING step 2500: L0=1291.9 > d_model=768 -- reconstruction can be near-perfect from spanning coverage alone here; EV=0.989 is not evidence of a sparse decomposition yet.
step   2500  mse    4.817  L0   1291.9  EV  0.989  dead     0
WARNING step 2600: L0=1256.8 > d_model=768 -- reconstruction can be near-perfect from spanning coverage alone here; EV=0.990 is not evidence of a sparse decomposition yet.
step   2600  mse    4.403  L0   1256.8  EV  0.990  dead     0
WARNING step 2700: L0=1252.1 > d_model=768 -- reconstruction can be near-perfect from spanning coverage alone here; EV=0.990 is not evidence of a sparse decomposition yet.
step   2700  mse    4.338  L0   1252.1  EV  0.990  dead     0
WARNING step 2800: L0=1239.3 > d_model=768 -- reconstruction can be near-perfect from spanning coverage alone here; EV=0.991 is not evidence of a sparse decomposition yet.
step   2800  mse    4.106  L0   1239.3  EV  0.991  dead     0
WARNING step 2900: L0=1223.4 > d_model=768 -- reconstruction can be near-perfect from spanning coverage alone here; EV=0.992 is not evidence of a sparse decomposition yet.
step   2900  mse    3.785  L0   1223.4  EV  0.992  dead     0
WARNING step 3000: L0=1207.6 > d_model=768 -- reconstruction can be near-perfect from spanning coverage alone here; EV=0.992 is not evidence of a sparse decomposition yet.
step   3000  mse    3.719  L0   1207.6  EV  0.992  dead     0
WARNING step 3100: L0=1197.7 > d_model=768 -- reconstruction can be near-perfect from spanning coverage alone here; EV=0.992 is not evidence of a sparse decomposition yet.
step   3100  mse    3.585  L0   1197.7  EV  0.992  dead     0
WARNING step 3200: L0=1191.3 > d_model=768 -- reconstruction can be near-perfect from spanning coverage alone here; EV=0.992 is not evidence of a sparse decomposition yet.
step   3200  mse    3.416  L0   1191.3  EV  0.992  dead     0
WARNING step 3300: L0=1187.1 > d_model=768 -- reconstruction can be near-perfect from spanning coverage alone here; EV=0.993 is not evidence of a sparse decomposition yet.
step   3300  mse    3.256  L0   1187.1  EV  0.993  dead     0
WARNING step 3400: L0=1179.4 > d_model=768 -- reconstruction can be near-perfect from spanning coverage alone here; EV=0.993 is not evidence of a sparse decomposition yet.
step   3400  mse    3.175  L0   1179.4  EV  0.993  dead     0
WARNING step 3500: L0=1171.9 > d_model=768 -- reconstruction can be near-perfect from spanning coverage alone here; EV=0.993 is not evidence of a sparse decomposition yet.
step   3500  mse    3.105  L0   1171.9  EV  0.993  dead     0
WARNING step 3600: L0=1166.4 > d_model=768 -- reconstruction can be near-perfect from spanning coverage alone here; EV=0.994 is not evidence of a sparse decomposition yet.
step   3600  mse    2.877  L0   1166.4  EV  0.994  dead     0
WARNING step 3700: L0=1152.7 > d_model=768 -- reconstruction can be near-perfect from spanning coverage alone here; EV=0.993 is not evidence of a sparse decomposition yet.
step   3700  mse    2.951  L0   1152.7  EV  0.993  dead     0
WARNING step 3800: L0=1154.5 > d_model=768 -- reconstruction can be near-perfect from spanning coverage alone here; EV=0.994 is not evidence of a sparse decomposition yet.
step   3800  mse    2.798  L0   1154.5  EV  0.994  dead     0
WARNING step 3900: L0=1147.2 > d_model=768 -- reconstruction can be near-perfect from spanning coverage alone here; EV=0.994 is not evidence of a sparse decomposition yet.
step   3900  mse    2.818  L0   1147.2  EV  0.994  dead     0
WARNING step 4000: L0=1138.5 > d_model=768 -- reconstruction can be near-perfect from spanning coverage alone here; EV=0.994 is not evidence of a sparse decomposition yet.
step   4000  mse    2.691  L0   1138.5  EV  0.994  dead     0
WARNING step 4100: L0=1132.9 > d_model=768 -- reconstruction can be near-perfect from spanning coverage alone here; EV=0.994 is not evidence of a sparse decomposition yet.
step   4100  mse    2.622  L0   1132.9  EV  0.994  dead     0
WARNING step 4200: L0=1129.3 > d_model=768 -- reconstruction can be near-perfect from spanning coverage alone here; EV=0.994 is not evidence of a sparse decomposition yet.
step   4200  mse    2.576  L0   1129.3  EV  0.994  dead     0
WARNING step 4300: L0=1128.0 > d_model=768 -- reconstruction can be near-perfect from spanning coverage alone here; EV=0.994 is not evidence of a sparse decomposition yet.
step   4300  mse    2.502  L0   1128.0  EV  0.994  dead     0
WARNING step 4400: L0=1124.8 > d_model=768 -- reconstruction can be near-perfect from spanning coverage alone here; EV=0.995 is not evidence of a sparse decomposition yet.
step   4400  mse    2.463  L0   1124.8  EV  0.995  dead     0
WARNING step 4500: L0=1124.4 > d_model=768 -- reconstruction can be near-perfect from spanning coverage alone here; EV=0.995 is not evidence of a sparse decomposition yet.
step   4500  mse    2.435  L0   1124.4  EV  0.995  dead     0
WARNING step 4600: L0=1123.1 > d_model=768 -- reconstruction can be near-perfect from spanning coverage alone here; EV=0.995 is not evidence of a sparse decomposition yet.
step   4600  mse    2.448  L0   1123.1  EV  0.995  dead     0
WARNING step 4700: L0=1121.5 > d_model=768 -- reconstruction can be near-perfect from spanning coverage alone here; EV=0.995 is not evidence of a sparse decomposition yet.
step   4700  mse    2.451  L0   1121.5  EV  0.995  dead     0
WARNING step 4800: L0=1119.5 > d_model=768 -- reconstruction can be near-perfect from spanning coverage alone here; EV=0.995 is not evidence of a sparse decomposition yet.
step   4800  mse    2.396  L0   1119.5  EV  0.995  dead     0
WARNING step 4900: L0=1117.1 > d_model=768 -- reconstruction can be near-perfect from spanning coverage alone here; EV=0.995 is not evidence of a sparse decomposition yet.
step   4900  mse    2.404  L0   1117.1  EV  0.995  dead     0
WARNING step 5000: L0=1118.3 > d_model=768 -- reconstruction can be near-perfect from spanning coverage alone here; EV=0.995 is not evidence of a sparse decomposition yet.
step   5000  mse    2.385  L0   1118.3  EV  0.995  dead     0
WARNING step 5100: L0=1116.3 > d_model=768 -- reconstruction can be near-perfect from spanning coverage alone here; EV=0.995 is not evidence of a sparse decomposition yet.
step   5100  mse    2.415  L0   1116.3  EV  0.995  dead     0
WARNING step 5200: L0=1114.6 > d_model=768 -- reconstruction can be near-perfect from spanning coverage alone here; EV=0.995 is not evidence of a sparse decomposition yet.
step   5200  mse    2.366  L0   1114.6  EV  0.995  dead     0
WARNING step 5300: L0=1116.1 > d_model=768 -- reconstruction can be near-perfect from spanning coverage alone here; EV=0.995 is not evidence of a sparse decomposition yet.
step   5300  mse    2.286  L0   1116.1  EV  0.995  dead     0
WARNING step 5400: L0=1116.3 > d_model=768 -- reconstruction can be near-perfect from spanning coverage alone here; EV=0.995 is not evidence of a sparse decomposition yet.
step   5400  mse    2.317  L0   1116.3  EV  0.995  dead     0
WARNING step 5500: L0=1114.2 > d_model=768 -- reconstruction can be near-perfect from spanning coverage alone here; EV=0.995 is not evidence of a sparse decomposition yet.
step   5500  mse    2.284  L0   1114.2  EV  0.995  dead     0
WARNING step 5600: L0=1113.1 > d_model=768 -- reconstruction can be near-perfect from spanning coverage alone here; EV=0.995 is not evidence of a sparse decomposition yet.
step   5600  mse    2.369  L0   1113.1  EV  0.995  dead     0
WARNING step 5700: L0=1112.2 > d_model=768 -- reconstruction can be near-perfect from spanning coverage alone here; EV=0.995 is not evidence of a sparse decomposition yet.
step   5700  mse    2.318  L0   1112.2  EV  0.995  dead     0
WARNING step 5800: L0=1113.4 > d_model=768 -- reconstruction can be near-perfect from spanning coverage alone here; EV=0.995 is not evidence of a sparse decomposition yet.
step   5800  mse    2.287  L0   1113.4  EV  0.995  dead     0
WARNING step 5900: L0=1111.6 > d_model=768 -- reconstruction can be near-perfect from spanning coverage alone here; EV=0.995 is not evidence of a sparse decomposition yet.
step   5900  mse    2.296  L0   1111.6  EV  0.995  dead     0
WARNING step 6000: L0=1111.7 > d_model=768 -- reconstruction can be near-perfect from spanning coverage alone here; EV=0.995 is not evidence of a sparse decomposition yet.
step   6000  mse    2.327  L0   1111.7  EV  0.995  dead     0
WARNING step 6100: L0=1110.8 > d_model=768 -- reconstruction can be near-perfect from spanning coverage alone here; EV=0.995 is not evidence of a sparse decomposition yet.
step   6100  mse    2.305  L0   1110.8  EV  0.995  dead     0
WARNING step 6200: L0=1110.5 > d_model=768 -- reconstruction can be near-perfect from spanning coverage alone here; EV=0.995 is not evidence of a sparse decomposition yet.
step   6200  mse    2.232  L0   1110.5  EV  0.995  dead     0
WARNING step 6300: L0=1110.8 > d_model=768 -- reconstruction can be near-perfect from spanning coverage alone here; EV=0.995 is not evidence of a sparse decomposition yet.
step   6300  mse    2.237  L0   1110.8  EV  0.995  dead     0
WARNING step 6400: L0=1110.9 > d_model=768 -- reconstruction can be near-perfect from spanning coverage alone here; EV=0.995 is not evidence of a sparse decomposition yet.
step   6400  mse    2.221  L0   1110.9  EV  0.995  dead     0
WARNING step 6500: L0=1110.7 > d_model=768 -- reconstruction can be near-perfect from spanning coverage alone here; EV=0.995 is not evidence of a sparse decomposition yet.
step   6500  mse    2.258  L0   1110.7  EV  0.995  dead     0
WARNING step 6600: L0=1109.5 > d_model=768 -- reconstruction can be near-perfect from spanning coverage alone here; EV=0.995 is not evidence of a sparse decomposition yet.
step   6600  mse    2.220  L0   1109.5  EV  0.995  dead     0
WARNING step 6700: L0=1109.6 > d_model=768 -- reconstruction can be near-perfect from spanning coverage alone here; EV=0.995 is not evidence of a sparse decomposition yet.
step   6700  mse    2.264  L0   1109.6  EV  0.995  dead     0
WARNING step 6800: L0=1109.8 > d_model=768 -- reconstruction can be near-perfect from spanning coverage alone here; EV=0.995 is not evidence of a sparse decomposition yet.
step   6800  mse    2.190  L0   1109.8  EV  0.995  dead     0
WARNING step 6900: L0=1109.8 > d_model=768 -- reconstruction can be near-perfect from spanning coverage alone here; EV=0.995 is not evidence of a sparse decomposition yet.
step   6900  mse    2.200  L0   1109.8  EV  0.995  dead     0
WARNING step 7000: L0=1108.2 > d_model=768 -- reconstruction can be near-perfect from spanning coverage alone here; EV=0.995 is not evidence of a sparse decomposition yet.
step   7000  mse    2.228  L0   1108.2  EV  0.995  dead     0
WARNING step 7100: L0=1108.0 > d_model=768 -- reconstruction can be near-perfect from spanning coverage alone here; EV=0.995 is not evidence of a sparse decomposition yet.
step   7100  mse    2.225  L0   1108.0  EV  0.995  dead     0
WARNING step 7200: L0=1108.3 > d_model=768 -- reconstruction can be near-perfect from spanning coverage alone here; EV=0.995 is not evidence of a sparse decomposition yet.
step   7200  mse    2.169  L0   1108.3  EV  0.995  dead     0
WARNING step 7300: L0=1107.0 > d_model=768 -- reconstruction can be near-perfect from spanning coverage alone here; EV=0.995 is not evidence of a sparse decomposition yet.
step   7300  mse    2.143  L0   1107.0  EV  0.995  dead     0
WARNING step 7400: L0=1109.0 > d_model=768 -- reconstruction can be near-perfect from spanning coverage alone here; EV=0.995 is not evidence of a sparse decomposition yet.
step   7400  mse    2.197  L0   1109.0  EV  0.995  dead     0
WARNING step 7500: L0=1107.0 > d_model=768 -- reconstruction can be near-perfect from spanning coverage alone here; EV=0.995 is not evidence of a sparse decomposition yet.
step   7500  mse    2.155  L0   1107.0  EV  0.995  dead     0
WARNING step 7600: L0=1108.9 > d_model=768 -- reconstruction can be near-perfect from spanning coverage alone here; EV=0.995 is not evidence of a sparse decomposition yet.
step   7600  mse    2.165  L0   1108.9  EV  0.995  dead     0
WARNING step 7700: L0=1106.7 > d_model=768 -- reconstruction can be near-perfect from spanning coverage alone here; EV=0.995 is not evidence of a sparse decomposition yet.
step   7700  mse    2.115  L0   1106.7  EV  0.995  dead     0
WARNING step 7800: L0=1107.8 > d_model=768 -- reconstruction can be near-perfect from spanning coverage alone here; EV=0.995 is not evidence of a sparse decomposition yet.
step   7800  mse    2.146  L0   1107.8  EV  0.995  dead     0
WARNING step 7900: L0=1106.9 > d_model=768 -- reconstruction can be near-perfect from spanning coverage alone here; EV=0.995 is not evidence of a sparse decomposition yet.
step   7900  mse    2.191  L0   1106.9  EV  0.995  dead     0
WARNING step 8000: L0=1107.9 > d_model=768 -- reconstruction can be near-perfect from spanning coverage alone here; EV=0.995 is not evidence of a sparse decomposition yet.
step   8000  mse    2.119  L0   1107.9  EV  0.995  dead     0
WARNING step 8100: L0=1106.4 > d_model=768 -- reconstruction can be near-perfect from spanning coverage alone here; EV=0.995 is not evidence of a sparse decomposition yet.
step   8100  mse    2.112  L0   1106.4  EV  0.995  dead     0
WARNING step 8200: L0=1108.2 > d_model=768 -- reconstruction can be near-perfect from spanning coverage alone here; EV=0.995 is not evidence of a sparse decomposition yet.
step   8200  mse    2.082  L0   1108.2  EV  0.995  dead     0
WARNING step 8300: L0=1107.1 > d_model=768 -- reconstruction can be near-perfect from spanning coverage alone here; EV=0.995 is not evidence of a sparse decomposition yet.
step   8300  mse    2.098  L0   1107.1  EV  0.995  dead     0
WARNING step 8400: L0=1106.7 > d_model=768 -- reconstruction can be near-perfect from spanning coverage alone here; EV=0.995 is not evidence of a sparse decomposition yet.
step   8400  mse    2.107  L0   1106.7  EV  0.995  dead     0
WARNING step 8500: L0=1105.0 > d_model=768 -- reconstruction can be near-perfect from spanning coverage alone here; EV=0.995 is not evidence of a sparse decomposition yet.
step   8500  mse    2.146  L0   1105.0  EV  0.995  dead     0
WARNING step 8600: L0=1105.8 > d_model=768 -- reconstruction can be near-perfect from spanning coverage alone here; EV=0.995 is not evidence of a sparse decomposition yet.
step   8600  mse    2.092  L0   1105.8  EV  0.995  dead     0
WARNING step 8700: L0=1106.3 > d_model=768 -- reconstruction can be near-perfect from spanning coverage alone here; EV=0.995 is not evidence of a sparse decomposition yet.
step   8700  mse    2.077  L0   1106.3  EV  0.995  dead     0
WARNING step 8800: L0=1106.5 > d_model=768 -- reconstruction can be near-perfect from spanning coverage alone here; EV=0.995 is not evidence of a sparse decomposition yet.
step   8800  mse    2.126  L0   1106.5  EV  0.995  dead     0
WARNING step 8900: L0=1104.7 > d_model=768 -- reconstruction can be near-perfect from spanning coverage alone here; EV=0.995 is not evidence of a sparse decomposition yet.
step   8900  mse    2.065  L0   1104.7  EV  0.995  dead     0
WARNING step 9000: L0=1105.0 > d_model=768 -- reconstruction can be near-perfect from spanning coverage alone here; EV=0.995 is not evidence of a sparse decomposition yet.
step   9000  mse    2.059  L0   1105.0  EV  0.995  dead     0
WARNING step 9100: L0=1106.6 > d_model=768 -- reconstruction can be near-perfect from spanning coverage alone here; EV=0.995 is not evidence of a sparse decomposition yet.
step   9100  mse    2.042  L0   1106.6  EV  0.995  dead     0
WARNING step 9200: L0=1104.3 > d_model=768 -- reconstruction can be near-perfect from spanning coverage alone here; EV=0.995 is not evidence of a sparse decomposition yet.
step   9200  mse    2.048  L0   1104.3  EV  0.995  dead     0
WARNING step 9300: L0=1106.2 > d_model=768 -- reconstruction can be near-perfect from spanning coverage alone here; EV=0.995 is not evidence of a sparse decomposition yet.
step   9300  mse    2.027  L0   1106.2  EV  0.995  dead     0
WARNING step 9400: L0=1105.1 > d_model=768 -- reconstruction can be near-perfect from spanning coverage alone here; EV=0.995 is not evidence of a sparse decomposition yet.
step   9400  mse    2.067  L0   1105.1  EV  0.995  dead     0
WARNING step 9500: L0=1103.9 > d_model=768 -- reconstruction can be near-perfect from spanning coverage alone here; EV=0.995 is not evidence of a sparse decomposition yet.
step   9500  mse    2.050  L0   1103.9  EV  0.995  dead     0
WARNING step 9600: L0=1106.7 > d_model=768 -- reconstruction can be near-perfect from spanning coverage alone here; EV=0.995 is not evidence of a sparse decomposition yet.
step   9600  mse    2.031  L0   1106.7  EV  0.995  dead     0
WARNING step 9700: L0=1104.1 > d_model=768 -- reconstruction can be near-perfect from spanning coverage alone here; EV=0.995 is not evidence of a sparse decomposition yet.
step   9700  mse    2.035  L0   1104.1  EV  0.995  dead     0
WARNING step 9800: L0=1104.4 > d_model=768 -- reconstruction can be near-perfect from spanning coverage alone here; EV=0.995 is not evidence of a sparse decomposition yet.
step   9800  mse    2.003  L0   1104.4  EV  0.995  dead     0
WARNING step 9900: L0=1105.7 > d_model=768 -- reconstruction can be near-perfect from spanning coverage alone here; EV=0.995 is not evidence of a sparse decomposition yet.
step   9900  mse    2.023  L0   1105.7  EV  0.995  dead     0
WARNING step 10000: L0=1104.1 > d_model=768 -- reconstruction can be near-perfect from spanning coverage alone here; EV=0.995 is not evidence of a sparse decomposition yet.
step  10000  mse    2.066  L0   1104.1  EV  0.995  dead     0
WARNING step 10100: L0=1104.2 > d_model=768 -- reconstruction can be near-perfect from spanning coverage alone here; EV=0.996 is not evidence of a sparse decomposition yet.
step  10100  mse    2.007  L0   1104.2  EV  0.996  dead     0
WARNING step 10200: L0=1104.8 > d_model=768 -- reconstruction can be near-perfect from spanning coverage alone here; EV=0.996 is not evidence of a sparse decomposition yet.
step  10200  mse    2.016  L0   1104.8  EV  0.996  dead     0
WARNING step 10300: L0=1104.3 > d_model=768 -- reconstruction can be near-perfect from spanning coverage alone here; EV=0.996 is not evidence of a sparse decomposition yet.
step  10300  mse    2.002  L0   1104.3  EV  0.996  dead     0
WARNING step 10400: L0=1103.7 > d_model=768 -- reconstruction can be near-perfect from spanning coverage alone here; EV=0.995 is not evidence of a sparse decomposition yet.
step  10400  mse    2.022  L0   1103.7  EV  0.995  dead     0
WARNING step 10500: L0=1103.1 > d_model=768 -- reconstruction can be near-perfect from spanning coverage alone here; EV=0.996 is not evidence of a sparse decomposition yet.
step  10500  mse    1.977  L0   1103.1  EV  0.996  dead     0
WARNING step 10600: L0=1100.8 > d_model=768 -- reconstruction can be near-perfect from spanning coverage alone here; EV=0.996 is not evidence of a sparse decomposition yet.
step  10600  mse    2.001  L0   1100.8  EV  0.996  dead     0
WARNING step 10700: L0=1104.4 > d_model=768 -- reconstruction can be near-perfect from spanning coverage alone here; EV=0.996 is not evidence of a sparse decomposition yet.
step  10700  mse    1.981  L0   1104.4  EV  0.996  dead     0
WARNING step 10800: L0=1105.3 > d_model=768 -- reconstruction can be near-perfect from spanning coverage alone here; EV=0.996 is not evidence of a sparse decomposition yet.
step  10800  mse    1.980  L0   1105.3  EV  0.996  dead     0
WARNING step 10900: L0=1103.2 > d_model=768 -- reconstruction can be near-perfect from spanning coverage alone here; EV=0.996 is not evidence of a sparse decomposition yet.
step  10900  mse    1.995  L0   1103.2  EV  0.996  dead     0
WARNING step 11000: L0=1103.5 > d_model=768 -- reconstruction can be near-perfect from spanning coverage alone here; EV=0.996 is not evidence of a sparse decomposition yet.
step  11000  mse    1.971  L0   1103.5  EV  0.996  dead     0
WARNING step 11100: L0=1102.6 > d_model=768 -- reconstruction can be near-perfect from spanning coverage alone here; EV=0.996 is not evidence of a sparse decomposition yet.
step  11100  mse    1.968  L0   1102.6  EV  0.996  dead     0
WARNING step 11200: L0=1101.4 > d_model=768 -- reconstruction can be near-perfect from spanning coverage alone here; EV=0.996 is not evidence of a sparse decomposition yet.
step  11200  mse    1.963  L0   1101.4  EV  0.996  dead     0
WARNING step 11300: L0=1101.5 > d_model=768 -- reconstruction can be near-perfect from spanning coverage alone here; EV=0.996 is not evidence of a sparse decomposition yet.
step  11300  mse    1.958  L0   1101.5  EV  0.996  dead     0
WARNING step 11400: L0=1101.9 > d_model=768 -- reconstruction can be near-perfect from spanning coverage alone here; EV=0.996 is not evidence of a sparse decomposition yet.
step  11400  mse    1.955  L0   1101.9  EV  0.996  dead     0
WARNING step 11500: L0=1101.5 > d_model=768 -- reconstruction can be near-perfect from spanning coverage alone here; EV=0.996 is not evidence of a sparse decomposition yet.
step  11500  mse    1.938  L0   1101.5  EV  0.996  dead     0
WARNING step 11600: L0=1100.9 > d_model=768 -- reconstruction can be near-perfect from spanning coverage alone here; EV=0.996 is not evidence of a sparse decomposition yet.
step  11600  mse    1.935  L0   1100.9  EV  0.996  dead     0
WARNING step 11700: L0=1103.2 > d_model=768 -- reconstruction can be near-perfect from spanning coverage alone here; EV=0.996 is not evidence of a sparse decomposition yet.
step  11700  mse    1.940  L0   1103.2  EV  0.996  dead     1
WARNING step 11800: L0=1101.9 > d_model=768 -- reconstruction can be near-perfect from spanning coverage alone here; EV=0.996 is not evidence of a sparse decomposition yet.
step  11800  mse    1.933  L0   1101.9  EV  0.996  dead     1
WARNING step 11900: L0=1102.1 > d_model=768 -- reconstruction can be near-perfect from spanning coverage alone here; EV=0.996 is not evidence of a sparse decomposition yet.
step  11900  mse    1.974  L0   1102.1  EV  0.996  dead     3
WARNING step 12000: L0=1103.1 > d_model=768 -- reconstruction can be near-perfect from spanning coverage alone here; EV=0.996 is not evidence of a sparse decomposition yet.
step  12000  mse    1.959  L0   1103.1  EV  0.996  dead     7
WARNING step 12100: L0=1103.3 > d_model=768 -- reconstruction can be near-perfect from spanning coverage alone here; EV=0.996 is not evidence of a sparse decomposition yet.
step  12100  mse    1.942  L0   1103.3  EV  0.996  dead     8
WARNING step 12200: L0=1101.7 > d_model=768 -- reconstruction can be near-perfect from spanning coverage alone here; EV=0.996 is not evidence of a sparse decomposition yet.
step  12200  mse    1.935  L0   1101.7  EV  0.996  dead     9
WARNING step 12300: L0=1102.9 > d_model=768 -- reconstruction can be near-perfect from spanning coverage alone here; EV=0.996 is not evidence of a sparse decomposition yet.
step  12300  mse    1.971  L0   1102.9  EV  0.996  dead     9
WARNING step 12400: L0=1099.5 > d_model=768 -- reconstruction can be near-perfect from spanning coverage alone here; EV=0.996 is not evidence of a sparse decomposition yet.
step  12400  mse    1.938  L0   1099.5  EV  0.996  dead    15
WARNING step 12500: L0=1099.5 > d_model=768 -- reconstruction can be near-perfect from spanning coverage alone here; EV=0.996 is not evidence of a sparse decomposition yet.
step  12500  mse    1.937  L0   1099.5  EV  0.996  dead    22
WARNING step 12600: L0=1100.3 > d_model=768 -- reconstruction can be near-perfect from spanning coverage alone here; EV=0.996 is not evidence of a sparse decomposition yet.
step  12600  mse    1.941  L0   1100.3  EV  0.996  dead    25
WARNING step 12700: L0=1103.0 > d_model=768 -- reconstruction can be near-perfect from spanning coverage alone here; EV=0.996 is not evidence of a sparse decomposition yet.
step  12700  mse    1.930  L0   1103.0  EV  0.996  dead    29
WARNING step 12800: L0=1099.2 > d_model=768 -- reconstruction can be near-perfect from spanning coverage alone here; EV=0.996 is not evidence of a sparse decomposition yet.
step  12800  mse    1.922  L0   1099.2  EV  0.996  dead    34
WARNING step 12900: L0=1101.9 > d_model=768 -- reconstruction can be near-perfect from spanning coverage alone here; EV=0.996 is not evidence of a sparse decomposition yet.
step  12900  mse    1.947  L0   1101.9  EV  0.996  dead    46
WARNING step 13000: L0=1101.0 > d_model=768 -- reconstruction can be near-perfect from spanning coverage alone here; EV=0.996 is not evidence of a sparse decomposition yet.
step  13000  mse    1.912  L0   1101.0  EV  0.996  dead    56
WARNING step 13100: L0=1099.6 > d_model=768 -- reconstruction can be near-perfect from spanning coverage alone here; EV=0.996 is not evidence of a sparse decomposition yet.
step  13100  mse    1.933  L0   1099.6  EV  0.996  dead    64
WARNING step 13200: L0=1099.8 > d_model=768 -- reconstruction can be near-perfect from spanning coverage alone here; EV=0.996 is not evidence of a sparse decomposition yet.
step  13200  mse    1.922  L0   1099.8  EV  0.996  dead    70
WARNING step 13300: L0=1097.1 > d_model=768 -- reconstruction can be near-perfect from spanning coverage alone here; EV=0.996 is not evidence of a sparse decomposition yet.
step  13300  mse    1.896  L0   1097.1  EV  0.996  dead    74
WARNING step 13400: L0=1097.8 > d_model=768 -- reconstruction can be near-perfect from spanning coverage alone here; EV=0.996 is not evidence of a sparse decomposition yet.
step  13400  mse    1.922  L0   1097.8  EV  0.996  dead    82
WARNING step 13500: L0=1099.4 > d_model=768 -- reconstruction can be near-perfect from spanning coverage alone here; EV=0.996 is not evidence of a sparse decomposition yet.
step  13500  mse    1.893  L0   1099.4  EV  0.996  dead    94
WARNING step 13600: L0=1099.5 > d_model=768 -- reconstruction can be near-perfect from spanning coverage alone here; EV=0.996 is not evidence of a sparse decomposition yet.
step  13600  mse    1.953  L0   1099.5  EV  0.996  dead   100
WARNING step 13700: L0=1097.9 > d_model=768 -- reconstruction can be near-perfect from spanning coverage alone here; EV=0.996 is not evidence of a sparse decomposition yet.
step  13700  mse    1.909  L0   1097.9  EV  0.996  dead   113
WARNING step 13800: L0=1098.1 > d_model=768 -- reconstruction can be near-perfect from spanning coverage alone here; EV=0.996 is not evidence of a sparse decomposition yet.
step  13800  mse    1.912  L0   1098.1  EV  0.996  dead   124
WARNING step 13900: L0=1099.2 > d_model=768 -- reconstruction can be near-perfect from spanning coverage alone here; EV=0.996 is not evidence of a sparse decomposition yet.
step  13900  mse    1.866  L0   1099.2  EV  0.996  dead   129
WARNING step 14000: L0=1098.6 > d_model=768 -- reconstruction can be near-perfect from spanning coverage alone here; EV=0.996 is not evidence of a sparse decomposition yet.
step  14000  mse    1.898  L0   1098.6  EV  0.996  dead   142
WARNING step 14100: L0=1100.3 > d_model=768 -- reconstruction can be near-perfect from spanning coverage alone here; EV=0.996 is not evidence of a sparse decomposition yet.
step  14100  mse    1.891  L0   1100.3  EV  0.996  dead   153
WARNING step 14200: L0=1100.4 > d_model=768 -- reconstruction can be near-perfect from spanning coverage alone here; EV=0.996 is not evidence of a sparse decomposition yet.
step  14200  mse    1.914  L0   1100.4  EV  0.996  dead   164
WARNING step 14300: L0=1097.4 > d_model=768 -- reconstruction can be near-perfect from spanning coverage alone here; EV=0.996 is not evidence of a sparse decomposition yet.
step  14300  mse    1.870  L0   1097.4  EV  0.996  dead   180
WARNING step 14400: L0=1099.9 > d_model=768 -- reconstruction can be near-perfect from spanning coverage alone here; EV=0.996 is not evidence of a sparse decomposition yet.
step  14400  mse    1.899  L0   1099.9  EV  0.996  dead   179
WARNING step 14500: L0=1098.3 > d_model=768 -- reconstruction can be near-perfect from spanning coverage alone here; EV=0.996 is not evidence of a sparse decomposition yet.
step  14500  mse    1.938  L0   1098.3  EV  0.996  dead   192
WARNING step 14600: L0=1102.9 > d_model=768 -- reconstruction can be near-perfect from spanning coverage alone here; EV=0.996 is not evidence of a sparse decomposition yet.
step  14600  mse    1.919  L0   1102.9  EV  0.996  dead   204
WARNING step 14700: L0=1098.9 > d_model=768 -- reconstruction can be near-perfect from spanning coverage alone here; EV=0.996 is not evidence of a sparse decomposition yet.
step  14700  mse    1.886  L0   1098.9  EV  0.996  dead   204
WARNING step 14800: L0=1098.6 > d_model=768 -- reconstruction can be near-perfect from spanning coverage alone here; EV=0.996 is not evidence of a sparse decomposition yet.
step  14800  mse    1.960  L0   1098.6  EV  0.996  dead   212
WARNING step 14900: L0=1100.0 > d_model=768 -- reconstruction can be near-perfect from spanning coverage alone here; EV=0.996 is not evidence of a sparse decomposition yet.
step  14900  mse    1.908  L0   1100.0  EV  0.996  dead   208
WARNING step 14999: L0=1097.4 > d_model=768 -- reconstruction can be near-perfect from spanning coverage alone here; EV=0.996 is not evidence of a sparse decomposition yet.
step  14999  mse    1.848  L0   1097.4  EV  0.996  dead   204

saved -> C:\Projects\sae-feature-reproducibility\checkpoints\full\sweep_l1_0.01537  (1125s)
--> L0=1099.4  EV=0.9957  dead=204  (18.8 min)

=== sweep 3/6  l1_coeff=0.01816  run=sweep_l1_0.01816 ===
run=sweep_l1_0.01816  device=cuda
seed=0  data_seed=0  (pinned)
rows=12,700,000  d_sae=12288  steps=15,000  epochs=4.8
l1_coeff=0.0181641  norm_scale=0.268445 (from manifest)
decoder grad projection: ON
WARNING step 0: L0=6142.2 > d_model=768 -- reconstruction can be near-perfect from spanning coverage alone here; EV=-56.059 is not evidence of a sparse decomposition yet.
step      0  mse 25519.936  L0   6142.2  EV -56.059  dead     0
throughput (first 100 steps): 100,840 samples/s -> ~10.2 min projected
WARNING step 100: L0=2989.7 > d_model=768 -- reconstruction can be near-perfect from spanning coverage alone here; EV=-1.734 is not evidence of a sparse decomposition yet.
step    100  mse 1226.016  L0   2989.7  EV -1.734  dead     0
WARNING step 200: L0=2330.6 > d_model=768 -- reconstruction can be near-perfect from spanning coverage alone here; EV=-0.176 is not evidence of a sparse decomposition yet.
step    200  mse  524.817  L0   2330.6  EV -0.176  dead     0
WARNING step 300: L0=2202.5 > d_model=768 -- reconstruction can be near-perfect from spanning coverage alone here; EV=0.144 is not evidence of a sparse decomposition yet.
step    300  mse  384.349  L0   2202.5  EV  0.144  dead     0
WARNING step 400: L0=2056.5 > d_model=768 -- reconstruction can be near-perfect from spanning coverage alone here; EV=0.394 is not evidence of a sparse decomposition yet.
step    400  mse  272.524  L0   2056.5  EV  0.394  dead     0
WARNING step 500: L0=2197.8 > d_model=768 -- reconstruction can be near-perfect from spanning coverage alone here; EV=0.447 is not evidence of a sparse decomposition yet.
step    500  mse  246.403  L0   2197.8  EV  0.447  dead     0
WARNING step 600: L0=2175.9 > d_model=768 -- reconstruction can be near-perfect from spanning coverage alone here; EV=0.563 is not evidence of a sparse decomposition yet.
step    600  mse  196.316  L0   2175.9  EV  0.563  dead     0
WARNING step 700: L0=2203.3 > d_model=768 -- reconstruction can be near-perfect from spanning coverage alone here; EV=0.621 is not evidence of a sparse decomposition yet.
step    700  mse  170.035  L0   2203.3  EV  0.621  dead     0
WARNING step 800: L0=2181.2 > d_model=768 -- reconstruction can be near-perfect from spanning coverage alone here; EV=0.703 is not evidence of a sparse decomposition yet.
step    800  mse  132.519  L0   2181.2  EV  0.703  dead     0
WARNING step 900: L0=2210.7 > d_model=768 -- reconstruction can be near-perfect from spanning coverage alone here; EV=0.745 is not evidence of a sparse decomposition yet.
step    900  mse  113.622  L0   2210.7  EV  0.745  dead     0
WARNING step 1000: L0=2063.1 > d_model=768 -- reconstruction can be near-perfect from spanning coverage alone here; EV=0.792 is not evidence of a sparse decomposition yet.
step   1000  mse   92.875  L0   2063.1  EV  0.792  dead     0
WARNING step 1100: L0=2344.1 > d_model=768 -- reconstruction can be near-perfect from spanning coverage alone here; EV=0.813 is not evidence of a sparse decomposition yet.
step   1100  mse   83.757  L0   2344.1  EV  0.813  dead     0
WARNING step 1200: L0=2217.0 > d_model=768 -- reconstruction can be near-perfect from spanning coverage alone here; EV=0.846 is not evidence of a sparse decomposition yet.
step   1200  mse   69.172  L0   2217.0  EV  0.846  dead     0
WARNING step 1300: L0=2243.7 > d_model=768 -- reconstruction can be near-perfect from spanning coverage alone here; EV=0.866 is not evidence of a sparse decomposition yet.
step   1300  mse   60.436  L0   2243.7  EV  0.866  dead     0
WARNING step 1400: L0=2295.1 > d_model=768 -- reconstruction can be near-perfect from spanning coverage alone here; EV=0.875 is not evidence of a sparse decomposition yet.
step   1400  mse   55.922  L0   2295.1  EV  0.875  dead     0
WARNING step 1500: L0=2242.3 > d_model=768 -- reconstruction can be near-perfect from spanning coverage alone here; EV=0.903 is not evidence of a sparse decomposition yet.
step   1500  mse   43.415  L0   2242.3  EV  0.903  dead     0
WARNING step 1600: L0=2136.9 > d_model=768 -- reconstruction can be near-perfect from spanning coverage alone here; EV=0.928 is not evidence of a sparse decomposition yet.
step   1600  mse   32.020  L0   2136.9  EV  0.928  dead     0
WARNING step 1700: L0=2087.6 > d_model=768 -- reconstruction can be near-perfect from spanning coverage alone here; EV=0.943 is not evidence of a sparse decomposition yet.
step   1700  mse   25.354  L0   2087.6  EV  0.943  dead     0
WARNING step 1800: L0=1886.9 > d_model=768 -- reconstruction can be near-perfect from spanning coverage alone here; EV=0.961 is not evidence of a sparse decomposition yet.
step   1800  mse   17.607  L0   1886.9  EV  0.961  dead     0
WARNING step 1900: L0=1721.4 > d_model=768 -- reconstruction can be near-perfect from spanning coverage alone here; EV=0.972 is not evidence of a sparse decomposition yet.
step   1900  mse   12.487  L0   1721.4  EV  0.972  dead     0
WARNING step 2000: L0=1533.9 > d_model=768 -- reconstruction can be near-perfect from spanning coverage alone here; EV=0.979 is not evidence of a sparse decomposition yet.
step   2000  mse    9.468  L0   1533.9  EV  0.979  dead     0
WARNING step 2100: L0=1440.3 > d_model=768 -- reconstruction can be near-perfect from spanning coverage alone here; EV=0.982 is not evidence of a sparse decomposition yet.
step   2100  mse    8.058  L0   1440.3  EV  0.982  dead     0
WARNING step 2200: L0=1346.1 > d_model=768 -- reconstruction can be near-perfect from spanning coverage alone here; EV=0.985 is not evidence of a sparse decomposition yet.
step   2200  mse    6.930  L0   1346.1  EV  0.985  dead     0
WARNING step 2300: L0=1307.4 > d_model=768 -- reconstruction can be near-perfect from spanning coverage alone here; EV=0.987 is not evidence of a sparse decomposition yet.
step   2300  mse    5.919  L0   1307.4  EV  0.987  dead     0
WARNING step 2400: L0=1277.2 > d_model=768 -- reconstruction can be near-perfect from spanning coverage alone here; EV=0.988 is not evidence of a sparse decomposition yet.
step   2400  mse    5.473  L0   1277.2  EV  0.988  dead     0
WARNING step 2500: L0=1251.8 > d_model=768 -- reconstruction can be near-perfect from spanning coverage alone here; EV=0.989 is not evidence of a sparse decomposition yet.
step   2500  mse    5.032  L0   1251.8  EV  0.989  dead     0
WARNING step 2600: L0=1228.4 > d_model=768 -- reconstruction can be near-perfect from spanning coverage alone here; EV=0.990 is not evidence of a sparse decomposition yet.
step   2600  mse    4.671  L0   1228.4  EV  0.990  dead     0
WARNING step 2700: L0=1224.3 > d_model=768 -- reconstruction can be near-perfect from spanning coverage alone here; EV=0.990 is not evidence of a sparse decomposition yet.
step   2700  mse    4.616  L0   1224.3  EV  0.990  dead     0
WARNING step 2800: L0=1213.5 > d_model=768 -- reconstruction can be near-perfect from spanning coverage alone here; EV=0.990 is not evidence of a sparse decomposition yet.
step   2800  mse    4.414  L0   1213.5  EV  0.990  dead     0
WARNING step 2900: L0=1201.3 > d_model=768 -- reconstruction can be near-perfect from spanning coverage alone here; EV=0.991 is not evidence of a sparse decomposition yet.
step   2900  mse    4.073  L0   1201.3  EV  0.991  dead     0
WARNING step 3000: L0=1187.9 > d_model=768 -- reconstruction can be near-perfect from spanning coverage alone here; EV=0.991 is not evidence of a sparse decomposition yet.
step   3000  mse    3.963  L0   1187.9  EV  0.991  dead     0
WARNING step 3100: L0=1179.4 > d_model=768 -- reconstruction can be near-perfect from spanning coverage alone here; EV=0.991 is not evidence of a sparse decomposition yet.
step   3100  mse    3.855  L0   1179.4  EV  0.991  dead     0
WARNING step 3200: L0=1173.1 > d_model=768 -- reconstruction can be near-perfect from spanning coverage alone here; EV=0.992 is not evidence of a sparse decomposition yet.
step   3200  mse    3.669  L0   1173.1  EV  0.992  dead     0
WARNING step 3300: L0=1167.8 > d_model=768 -- reconstruction can be near-perfect from spanning coverage alone here; EV=0.992 is not evidence of a sparse decomposition yet.
step   3300  mse    3.529  L0   1167.8  EV  0.992  dead     0
WARNING step 3400: L0=1160.1 > d_model=768 -- reconstruction can be near-perfect from spanning coverage alone here; EV=0.992 is not evidence of a sparse decomposition yet.
step   3400  mse    3.449  L0   1160.1  EV  0.992  dead     0
WARNING step 3500: L0=1153.4 > d_model=768 -- reconstruction can be near-perfect from spanning coverage alone here; EV=0.992 is not evidence of a sparse decomposition yet.
step   3500  mse    3.370  L0   1153.4  EV  0.992  dead     0
WARNING step 3600: L0=1147.9 > d_model=768 -- reconstruction can be near-perfect from spanning coverage alone here; EV=0.993 is not evidence of a sparse decomposition yet.
step   3600  mse    3.170  L0   1147.9  EV  0.993  dead     0
WARNING step 3700: L0=1139.6 > d_model=768 -- reconstruction can be near-perfect from spanning coverage alone here; EV=0.993 is not evidence of a sparse decomposition yet.
step   3700  mse    3.257  L0   1139.6  EV  0.993  dead     0
WARNING step 3800: L0=1140.0 > d_model=768 -- reconstruction can be near-perfect from spanning coverage alone here; EV=0.993 is not evidence of a sparse decomposition yet.
step   3800  mse    3.093  L0   1140.0  EV  0.993  dead     0
WARNING step 3900: L0=1135.2 > d_model=768 -- reconstruction can be near-perfect from spanning coverage alone here; EV=0.993 is not evidence of a sparse decomposition yet.
step   3900  mse    3.122  L0   1135.2  EV  0.993  dead     0
WARNING step 4000: L0=1132.1 > d_model=768 -- reconstruction can be near-perfect from spanning coverage alone here; EV=0.993 is not evidence of a sparse decomposition yet.
step   4000  mse    3.040  L0   1132.1  EV  0.993  dead     0
WARNING step 4100: L0=1130.4 > d_model=768 -- reconstruction can be near-perfect from spanning coverage alone here; EV=0.993 is not evidence of a sparse decomposition yet.
step   4100  mse    3.002  L0   1130.4  EV  0.993  dead     0
WARNING step 4200: L0=1128.0 > d_model=768 -- reconstruction can be near-perfect from spanning coverage alone here; EV=0.993 is not evidence of a sparse decomposition yet.
step   4200  mse    2.974  L0   1128.0  EV  0.993  dead     0
WARNING step 4300: L0=1128.8 > d_model=768 -- reconstruction can be near-perfect from spanning coverage alone here; EV=0.994 is not evidence of a sparse decomposition yet.
step   4300  mse    2.906  L0   1128.8  EV  0.994  dead     0
WARNING step 4400: L0=1125.6 > d_model=768 -- reconstruction can be near-perfect from spanning coverage alone here; EV=0.994 is not evidence of a sparse decomposition yet.
step   4400  mse    2.871  L0   1125.6  EV  0.994  dead     0
WARNING step 4500: L0=1127.0 > d_model=768 -- reconstruction can be near-perfect from spanning coverage alone here; EV=0.994 is not evidence of a sparse decomposition yet.
step   4500  mse    2.847  L0   1127.0  EV  0.994  dead     0
WARNING step 4600: L0=1125.6 > d_model=768 -- reconstruction can be near-perfect from spanning coverage alone here; EV=0.994 is not evidence of a sparse decomposition yet.
step   4600  mse    2.858  L0   1125.6  EV  0.994  dead     0
WARNING step 4700: L0=1124.5 > d_model=768 -- reconstruction can be near-perfect from spanning coverage alone here; EV=0.994 is not evidence of a sparse decomposition yet.
step   4700  mse    2.869  L0   1124.5  EV  0.994  dead     0
WARNING step 4800: L0=1122.3 > d_model=768 -- reconstruction can be near-perfect from spanning coverage alone here; EV=0.994 is not evidence of a sparse decomposition yet.
step   4800  mse    2.806  L0   1122.3  EV  0.994  dead     0
WARNING step 4900: L0=1120.2 > d_model=768 -- reconstruction can be near-perfect from spanning coverage alone here; EV=0.994 is not evidence of a sparse decomposition yet.
step   4900  mse    2.821  L0   1120.2  EV  0.994  dead     0
WARNING step 5000: L0=1121.7 > d_model=768 -- reconstruction can be near-perfect from spanning coverage alone here; EV=0.994 is not evidence of a sparse decomposition yet.
step   5000  mse    2.802  L0   1121.7  EV  0.994  dead     0
WARNING step 5100: L0=1119.9 > d_model=768 -- reconstruction can be near-perfect from spanning coverage alone here; EV=0.994 is not evidence of a sparse decomposition yet.
step   5100  mse    2.823  L0   1119.9  EV  0.994  dead     0
WARNING step 5200: L0=1118.2 > d_model=768 -- reconstruction can be near-perfect from spanning coverage alone here; EV=0.994 is not evidence of a sparse decomposition yet.
step   5200  mse    2.784  L0   1118.2  EV  0.994  dead     0
WARNING step 5300: L0=1120.2 > d_model=768 -- reconstruction can be near-perfect from spanning coverage alone here; EV=0.994 is not evidence of a sparse decomposition yet.
step   5300  mse    2.699  L0   1120.2  EV  0.994  dead     0
WARNING step 5400: L0=1120.0 > d_model=768 -- reconstruction can be near-perfect from spanning coverage alone here; EV=0.994 is not evidence of a sparse decomposition yet.
step   5400  mse    2.733  L0   1120.0  EV  0.994  dead     0
WARNING step 5500: L0=1117.4 > d_model=768 -- reconstruction can be near-perfect from spanning coverage alone here; EV=0.994 is not evidence of a sparse decomposition yet.
step   5500  mse    2.688  L0   1117.4  EV  0.994  dead     0
WARNING step 5600: L0=1116.8 > d_model=768 -- reconstruction can be near-perfect from spanning coverage alone here; EV=0.994 is not evidence of a sparse decomposition yet.
step   5600  mse    2.784  L0   1116.8  EV  0.994  dead     0
WARNING step 5700: L0=1115.9 > d_model=768 -- reconstruction can be near-perfect from spanning coverage alone here; EV=0.994 is not evidence of a sparse decomposition yet.
step   5700  mse    2.732  L0   1115.9  EV  0.994  dead     0
WARNING step 5800: L0=1117.4 > d_model=768 -- reconstruction can be near-perfect from spanning coverage alone here; EV=0.994 is not evidence of a sparse decomposition yet.
step   5800  mse    2.695  L0   1117.4  EV  0.994  dead     0
WARNING step 5900: L0=1115.0 > d_model=768 -- reconstruction can be near-perfect from spanning coverage alone here; EV=0.994 is not evidence of a sparse decomposition yet.
step   5900  mse    2.699  L0   1115.0  EV  0.994  dead     0
WARNING step 6000: L0=1115.5 > d_model=768 -- reconstruction can be near-perfect from spanning coverage alone here; EV=0.994 is not evidence of a sparse decomposition yet.
step   6000  mse    2.729  L0   1115.5  EV  0.994  dead     0
WARNING step 6100: L0=1114.5 > d_model=768 -- reconstruction can be near-perfect from spanning coverage alone here; EV=0.994 is not evidence of a sparse decomposition yet.
step   6100  mse    2.705  L0   1114.5  EV  0.994  dead     0
WARNING step 6200: L0=1113.7 > d_model=768 -- reconstruction can be near-perfect from spanning coverage alone here; EV=0.994 is not evidence of a sparse decomposition yet.
step   6200  mse    2.630  L0   1113.7  EV  0.994  dead     0
WARNING step 6300: L0=1114.3 > d_model=768 -- reconstruction can be near-perfect from spanning coverage alone here; EV=0.994 is not evidence of a sparse decomposition yet.
step   6300  mse    2.632  L0   1114.3  EV  0.994  dead     0
WARNING step 6400: L0=1114.8 > d_model=768 -- reconstruction can be near-perfect from spanning coverage alone here; EV=0.994 is not evidence of a sparse decomposition yet.
step   6400  mse    2.613  L0   1114.8  EV  0.994  dead     0
WARNING step 6500: L0=1114.7 > d_model=768 -- reconstruction can be near-perfect from spanning coverage alone here; EV=0.994 is not evidence of a sparse decomposition yet.
step   6500  mse    2.660  L0   1114.7  EV  0.994  dead     0
WARNING step 6600: L0=1112.9 > d_model=768 -- reconstruction can be near-perfect from spanning coverage alone here; EV=0.994 is not evidence of a sparse decomposition yet.
step   6600  mse    2.611  L0   1112.9  EV  0.994  dead     0
WARNING step 6700: L0=1113.8 > d_model=768 -- reconstruction can be near-perfect from spanning coverage alone here; EV=0.994 is not evidence of a sparse decomposition yet.
step   6700  mse    2.661  L0   1113.8  EV  0.994  dead     0
WARNING step 6800: L0=1113.3 > d_model=768 -- reconstruction can be near-perfect from spanning coverage alone here; EV=0.994 is not evidence of a sparse decomposition yet.
step   6800  mse    2.580  L0   1113.3  EV  0.994  dead     0
WARNING step 6900: L0=1113.6 > d_model=768 -- reconstruction can be near-perfect from spanning coverage alone here; EV=0.994 is not evidence of a sparse decomposition yet.
step   6900  mse    2.585  L0   1113.6  EV  0.994  dead     0
WARNING step 7000: L0=1111.8 > d_model=768 -- reconstruction can be near-perfect from spanning coverage alone here; EV=0.994 is not evidence of a sparse decomposition yet.
step   7000  mse    2.616  L0   1111.8  EV  0.994  dead     0
WARNING step 7100: L0=1111.8 > d_model=768 -- reconstruction can be near-perfect from spanning coverage alone here; EV=0.994 is not evidence of a sparse decomposition yet.
step   7100  mse    2.611  L0   1111.8  EV  0.994  dead     0
WARNING step 7200: L0=1111.6 > d_model=768 -- reconstruction can be near-perfect from spanning coverage alone here; EV=0.994 is not evidence of a sparse decomposition yet.
step   7200  mse    2.551  L0   1111.6  EV  0.994  dead     0
WARNING step 7300: L0=1110.2 > d_model=768 -- reconstruction can be near-perfect from spanning coverage alone here; EV=0.994 is not evidence of a sparse decomposition yet.
step   7300  mse    2.520  L0   1110.2  EV  0.994  dead     0
WARNING step 7400: L0=1112.7 > d_model=768 -- reconstruction can be near-perfect from spanning coverage alone here; EV=0.994 is not evidence of a sparse decomposition yet.
step   7400  mse    2.588  L0   1112.7  EV  0.994  dead     0
WARNING step 7500: L0=1110.5 > d_model=768 -- reconstruction can be near-perfect from spanning coverage alone here; EV=0.994 is not evidence of a sparse decomposition yet.
step   7500  mse    2.536  L0   1110.5  EV  0.994  dead     0
WARNING step 7600: L0=1113.0 > d_model=768 -- reconstruction can be near-perfect from spanning coverage alone here; EV=0.994 is not evidence of a sparse decomposition yet.
step   7600  mse    2.550  L0   1113.0  EV  0.994  dead     0
WARNING step 7700: L0=1110.1 > d_model=768 -- reconstruction can be near-perfect from spanning coverage alone here; EV=0.994 is not evidence of a sparse decomposition yet.
step   7700  mse    2.492  L0   1110.1  EV  0.994  dead     0
WARNING step 7800: L0=1111.5 > d_model=768 -- reconstruction can be near-perfect from spanning coverage alone here; EV=0.994 is not evidence of a sparse decomposition yet.
step   7800  mse    2.519  L0   1111.5  EV  0.994  dead     0
WARNING step 7900: L0=1110.8 > d_model=768 -- reconstruction can be near-perfect from spanning coverage alone here; EV=0.994 is not evidence of a sparse decomposition yet.
step   7900  mse    2.566  L0   1110.8  EV  0.994  dead     0
WARNING step 8000: L0=1111.6 > d_model=768 -- reconstruction can be near-perfect from spanning coverage alone here; EV=0.994 is not evidence of a sparse decomposition yet.
step   8000  mse    2.498  L0   1111.6  EV  0.994  dead     0
WARNING step 8100: L0=1110.4 > d_model=768 -- reconstruction can be near-perfect from spanning coverage alone here; EV=0.994 is not evidence of a sparse decomposition yet.
step   8100  mse    2.481  L0   1110.4  EV  0.994  dead     0
WARNING step 8200: L0=1112.2 > d_model=768 -- reconstruction can be near-perfect from spanning coverage alone here; EV=0.995 is not evidence of a sparse decomposition yet.
step   8200  mse    2.449  L0   1112.2  EV  0.995  dead     0
WARNING step 8300: L0=1110.9 > d_model=768 -- reconstruction can be near-perfect from spanning coverage alone here; EV=0.995 is not evidence of a sparse decomposition yet.
step   8300  mse    2.467  L0   1110.9  EV  0.995  dead     0
WARNING step 8400: L0=1110.5 > d_model=768 -- reconstruction can be near-perfect from spanning coverage alone here; EV=0.994 is not evidence of a sparse decomposition yet.
step   8400  mse    2.473  L0   1110.5  EV  0.994  dead     0
WARNING step 8500: L0=1108.7 > d_model=768 -- reconstruction can be near-perfect from spanning coverage alone here; EV=0.994 is not evidence of a sparse decomposition yet.
step   8500  mse    2.526  L0   1108.7  EV  0.994  dead     0
WARNING step 8600: L0=1109.6 > d_model=768 -- reconstruction can be near-perfect from spanning coverage alone here; EV=0.995 is not evidence of a sparse decomposition yet.
step   8600  mse    2.435  L0   1109.6  EV  0.995  dead     0
WARNING step 8700: L0=1110.3 > d_model=768 -- reconstruction can be near-perfect from spanning coverage alone here; EV=0.995 is not evidence of a sparse decomposition yet.
step   8700  mse    2.435  L0   1110.3  EV  0.995  dead     0
WARNING step 8800: L0=1110.7 > d_model=768 -- reconstruction can be near-perfect from spanning coverage alone here; EV=0.994 is not evidence of a sparse decomposition yet.
step   8800  mse    2.479  L0   1110.7  EV  0.994  dead     0
WARNING step 8900: L0=1108.6 > d_model=768 -- reconstruction can be near-perfect from spanning coverage alone here; EV=0.995 is not evidence of a sparse decomposition yet.
step   8900  mse    2.429  L0   1108.6  EV  0.995  dead     0
WARNING step 9000: L0=1109.0 > d_model=768 -- reconstruction can be near-perfect from spanning coverage alone here; EV=0.995 is not evidence of a sparse decomposition yet.
step   9000  mse    2.422  L0   1109.0  EV  0.995  dead     0
WARNING step 9100: L0=1110.6 > d_model=768 -- reconstruction can be near-perfect from spanning coverage alone here; EV=0.995 is not evidence of a sparse decomposition yet.
step   9100  mse    2.407  L0   1110.6  EV  0.995  dead     0
WARNING step 9200: L0=1108.0 > d_model=768 -- reconstruction can be near-perfect from spanning coverage alone here; EV=0.995 is not evidence of a sparse decomposition yet.
step   9200  mse    2.422  L0   1108.0  EV  0.995  dead     0
WARNING step 9300: L0=1109.9 > d_model=768 -- reconstruction can be near-perfect from spanning coverage alone here; EV=0.995 is not evidence of a sparse decomposition yet.
step   9300  mse    2.388  L0   1109.9  EV  0.995  dead     0
WARNING step 9400: L0=1109.4 > d_model=768 -- reconstruction can be near-perfect from spanning coverage alone here; EV=0.995 is not evidence of a sparse decomposition yet.
step   9400  mse    2.433  L0   1109.4  EV  0.995  dead     0
WARNING step 9500: L0=1107.6 > d_model=768 -- reconstruction can be near-perfect from spanning coverage alone here; EV=0.995 is not evidence of a sparse decomposition yet.
step   9500  mse    2.410  L0   1107.6  EV  0.995  dead     0
WARNING step 9600: L0=1110.9 > d_model=768 -- reconstruction can be near-perfect from spanning coverage alone here; EV=0.995 is not evidence of a sparse decomposition yet.
step   9600  mse    2.386  L0   1110.9  EV  0.995  dead     0
WARNING step 9700: L0=1108.1 > d_model=768 -- reconstruction can be near-perfect from spanning coverage alone here; EV=0.995 is not evidence of a sparse decomposition yet.
step   9700  mse    2.394  L0   1108.1  EV  0.995  dead     0
WARNING step 9800: L0=1108.6 > d_model=768 -- reconstruction can be near-perfect from spanning coverage alone here; EV=0.995 is not evidence of a sparse decomposition yet.
step   9800  mse    2.358  L0   1108.6  EV  0.995  dead     0
WARNING step 9900: L0=1109.7 > d_model=768 -- reconstruction can be near-perfect from spanning coverage alone here; EV=0.995 is not evidence of a sparse decomposition yet.
step   9900  mse    2.374  L0   1109.7  EV  0.995  dead     0
WARNING step 10000: L0=1108.4 > d_model=768 -- reconstruction can be near-perfect from spanning coverage alone here; EV=0.995 is not evidence of a sparse decomposition yet.
step  10000  mse    2.434  L0   1108.4  EV  0.995  dead     0
WARNING step 10100: L0=1108.3 > d_model=768 -- reconstruction can be near-perfect from spanning coverage alone here; EV=0.995 is not evidence of a sparse decomposition yet.
step  10100  mse    2.343  L0   1108.3  EV  0.995  dead     0
WARNING step 10200: L0=1109.1 > d_model=768 -- reconstruction can be near-perfect from spanning coverage alone here; EV=0.995 is not evidence of a sparse decomposition yet.
step  10200  mse    2.371  L0   1109.1  EV  0.995  dead     0
WARNING step 10300: L0=1108.3 > d_model=768 -- reconstruction can be near-perfect from spanning coverage alone here; EV=0.995 is not evidence of a sparse decomposition yet.
step  10300  mse    2.352  L0   1108.3  EV  0.995  dead     0
WARNING step 10400: L0=1107.5 > d_model=768 -- reconstruction can be near-perfect from spanning coverage alone here; EV=0.995 is not evidence of a sparse decomposition yet.
step  10400  mse    2.383  L0   1107.5  EV  0.995  dead     0
WARNING step 10500: L0=1107.2 > d_model=768 -- reconstruction can be near-perfect from spanning coverage alone here; EV=0.995 is not evidence of a sparse decomposition yet.
step  10500  mse    2.326  L0   1107.2  EV  0.995  dead     0
WARNING step 10600: L0=1104.6 > d_model=768 -- reconstruction can be near-perfect from spanning coverage alone here; EV=0.995 is not evidence of a sparse decomposition yet.
step  10600  mse    2.361  L0   1104.6  EV  0.995  dead     0
WARNING step 10700: L0=1108.8 > d_model=768 -- reconstruction can be near-perfect from spanning coverage alone here; EV=0.995 is not evidence of a sparse decomposition yet.
step  10700  mse    2.340  L0   1108.8  EV  0.995  dead     0
WARNING step 10800: L0=1109.6 > d_model=768 -- reconstruction can be near-perfect from spanning coverage alone here; EV=0.995 is not evidence of a sparse decomposition yet.
step  10800  mse    2.335  L0   1109.6  EV  0.995  dead     0
WARNING step 10900: L0=1107.3 > d_model=768 -- reconstruction can be near-perfect from spanning coverage alone here; EV=0.995 is not evidence of a sparse decomposition yet.
step  10900  mse    2.344  L0   1107.3  EV  0.995  dead     0
WARNING step 11000: L0=1107.8 > d_model=768 -- reconstruction can be near-perfect from spanning coverage alone here; EV=0.995 is not evidence of a sparse decomposition yet.
step  11000  mse    2.319  L0   1107.8  EV  0.995  dead     0
WARNING step 11100: L0=1106.7 > d_model=768 -- reconstruction can be near-perfect from spanning coverage alone here; EV=0.995 is not evidence of a sparse decomposition yet.
step  11100  mse    2.322  L0   1106.7  EV  0.995  dead     0
WARNING step 11200: L0=1105.9 > d_model=768 -- reconstruction can be near-perfect from spanning coverage alone here; EV=0.995 is not evidence of a sparse decomposition yet.
step  11200  mse    2.305  L0   1105.9  EV  0.995  dead     0
WARNING step 11300: L0=1105.6 > d_model=768 -- reconstruction can be near-perfect from spanning coverage alone here; EV=0.995 is not evidence of a sparse decomposition yet.
step  11300  mse    2.307  L0   1105.6  EV  0.995  dead     0
WARNING step 11400: L0=1106.5 > d_model=768 -- reconstruction can be near-perfect from spanning coverage alone here; EV=0.995 is not evidence of a sparse decomposition yet.
step  11400  mse    2.305  L0   1106.5  EV  0.995  dead     0
WARNING step 11500: L0=1105.0 > d_model=768 -- reconstruction can be near-perfect from spanning coverage alone here; EV=0.995 is not evidence of a sparse decomposition yet.
step  11500  mse    2.286  L0   1105.0  EV  0.995  dead     0
WARNING step 11600: L0=1105.2 > d_model=768 -- reconstruction can be near-perfect from spanning coverage alone here; EV=0.995 is not evidence of a sparse decomposition yet.
step  11600  mse    2.274  L0   1105.2  EV  0.995  dead     0
WARNING step 11700: L0=1107.8 > d_model=768 -- reconstruction can be near-perfect from spanning coverage alone here; EV=0.995 is not evidence of a sparse decomposition yet.
step  11700  mse    2.282  L0   1107.8  EV  0.995  dead     0
WARNING step 11800: L0=1106.5 > d_model=768 -- reconstruction can be near-perfect from spanning coverage alone here; EV=0.995 is not evidence of a sparse decomposition yet.
step  11800  mse    2.278  L0   1106.5  EV  0.995  dead     0
WARNING step 11900: L0=1106.4 > d_model=768 -- reconstruction can be near-perfect from spanning coverage alone here; EV=0.995 is not evidence of a sparse decomposition yet.
step  11900  mse    2.323  L0   1106.4  EV  0.995  dead     1
WARNING step 12000: L0=1107.8 > d_model=768 -- reconstruction can be near-perfect from spanning coverage alone here; EV=0.995 is not evidence of a sparse decomposition yet.
step  12000  mse    2.320  L0   1107.8  EV  0.995  dead     1
WARNING step 12100: L0=1108.2 > d_model=768 -- reconstruction can be near-perfect from spanning coverage alone here; EV=0.995 is not evidence of a sparse decomposition yet.
step  12100  mse    2.299  L0   1108.2  EV  0.995  dead     1
WARNING step 12200: L0=1106.5 > d_model=768 -- reconstruction can be near-perfect from spanning coverage alone here; EV=0.995 is not evidence of a sparse decomposition yet.
step  12200  mse    2.277  L0   1106.5  EV  0.995  dead     1
WARNING step 12300: L0=1108.5 > d_model=768 -- reconstruction can be near-perfect from spanning coverage alone here; EV=0.995 is not evidence of a sparse decomposition yet.
step  12300  mse    2.328  L0   1108.5  EV  0.995  dead     1
WARNING step 12400: L0=1105.4 > d_model=768 -- reconstruction can be near-perfect from spanning coverage alone here; EV=0.995 is not evidence of a sparse decomposition yet.
step  12400  mse    2.293  L0   1105.4  EV  0.995  dead     2
WARNING step 12500: L0=1105.8 > d_model=768 -- reconstruction can be near-perfect from spanning coverage alone here; EV=0.995 is not evidence of a sparse decomposition yet.
step  12500  mse    2.279  L0   1105.8  EV  0.995  dead     2
WARNING step 12600: L0=1106.8 > d_model=768 -- reconstruction can be near-perfect from spanning coverage alone here; EV=0.995 is not evidence of a sparse decomposition yet.
step  12600  mse    2.278  L0   1106.8  EV  0.995  dead     2
WARNING step 12700: L0=1110.2 > d_model=768 -- reconstruction can be near-perfect from spanning coverage alone here; EV=0.995 is not evidence of a sparse decomposition yet.
step  12700  mse    2.278  L0   1110.2  EV  0.995  dead     3
WARNING step 12800: L0=1106.2 > d_model=768 -- reconstruction can be near-perfect from spanning coverage alone here; EV=0.995 is not evidence of a sparse decomposition yet.
step  12800  mse    2.262  L0   1106.2  EV  0.995  dead     4
WARNING step 12900: L0=1110.4 > d_model=768 -- reconstruction can be near-perfect from spanning coverage alone here; EV=0.995 is not evidence of a sparse decomposition yet.
step  12900  mse    2.295  L0   1110.4  EV  0.995  dead     6
WARNING step 13000: L0=1109.5 > d_model=768 -- reconstruction can be near-perfect from spanning coverage alone here; EV=0.995 is not evidence of a sparse decomposition yet.
step  13000  mse    2.265  L0   1109.5  EV  0.995  dead     5
WARNING step 13100: L0=1109.3 > d_model=768 -- reconstruction can be near-perfect from spanning coverage alone here; EV=0.995 is not evidence of a sparse decomposition yet.
step  13100  mse    2.281  L0   1109.3  EV  0.995  dead    10
WARNING step 13200: L0=1109.7 > d_model=768 -- reconstruction can be near-perfect from spanning coverage alone here; EV=0.995 is not evidence of a sparse decomposition yet.
step  13200  mse    2.279  L0   1109.7  EV  0.995  dead     9
WARNING step 13300: L0=1107.3 > d_model=768 -- reconstruction can be near-perfect from spanning coverage alone here; EV=0.995 is not evidence of a sparse decomposition yet.
step  13300  mse    2.248  L0   1107.3  EV  0.995  dead     9
WARNING step 13400: L0=1108.3 > d_model=768 -- reconstruction can be near-perfect from spanning coverage alone here; EV=0.995 is not evidence of a sparse decomposition yet.
step  13400  mse    2.273  L0   1108.3  EV  0.995  dead     8
WARNING step 13500: L0=1110.8 > d_model=768 -- reconstruction can be near-perfect from spanning coverage alone here; EV=0.995 is not evidence of a sparse decomposition yet.
step  13500  mse    2.250  L0   1110.8  EV  0.995  dead    10
WARNING step 13600: L0=1111.7 > d_model=768 -- reconstruction can be near-perfect from spanning coverage alone here; EV=0.995 is not evidence of a sparse decomposition yet.
step  13600  mse    2.292  L0   1111.7  EV  0.995  dead    14
WARNING step 13700: L0=1110.3 > d_model=768 -- reconstruction can be near-perfect from spanning coverage alone here; EV=0.995 is not evidence of a sparse decomposition yet.
step  13700  mse    2.251  L0   1110.3  EV  0.995  dead    15
WARNING step 13800: L0=1112.2 > d_model=768 -- reconstruction can be near-perfect from spanning coverage alone here; EV=0.995 is not evidence of a sparse decomposition yet.
step  13800  mse    2.251  L0   1112.2  EV  0.995  dead    17
WARNING step 13900: L0=1113.0 > d_model=768 -- reconstruction can be near-perfect from spanning coverage alone here; EV=0.995 is not evidence of a sparse decomposition yet.
step  13900  mse    2.212  L0   1113.0  EV  0.995  dead    16
WARNING step 14000: L0=1113.8 > d_model=768 -- reconstruction can be near-perfect from spanning coverage alone here; EV=0.995 is not evidence of a sparse decomposition yet.
step  14000  mse    2.256  L0   1113.8  EV  0.995  dead    19
WARNING step 14100: L0=1116.2 > d_model=768 -- reconstruction can be near-perfect from spanning coverage alone here; EV=0.995 is not evidence of a sparse decomposition yet.
step  14100  mse    2.236  L0   1116.2  EV  0.995  dead    21
WARNING step 14200: L0=1117.8 > d_model=768 -- reconstruction can be near-perfect from spanning coverage alone here; EV=0.995 is not evidence of a sparse decomposition yet.
step  14200  mse    2.272  L0   1117.8  EV  0.995  dead    21
WARNING step 14300: L0=1115.9 > d_model=768 -- reconstruction can be near-perfect from spanning coverage alone here; EV=0.995 is not evidence of a sparse decomposition yet.
step  14300  mse    2.224  L0   1115.9  EV  0.995  dead    24
WARNING step 14400: L0=1120.4 > d_model=768 -- reconstruction can be near-perfect from spanning coverage alone here; EV=0.995 is not evidence of a sparse decomposition yet.
step  14400  mse    2.248  L0   1120.4  EV  0.995  dead    24
WARNING step 14500: L0=1119.5 > d_model=768 -- reconstruction can be near-perfect from spanning coverage alone here; EV=0.995 is not evidence of a sparse decomposition yet.
step  14500  mse    2.292  L0   1119.5  EV  0.995  dead    24
WARNING step 14600: L0=1126.4 > d_model=768 -- reconstruction can be near-perfect from spanning coverage alone here; EV=0.995 is not evidence of a sparse decomposition yet.
step  14600  mse    2.265  L0   1126.4  EV  0.995  dead    21
WARNING step 14700: L0=1123.1 > d_model=768 -- reconstruction can be near-perfect from spanning coverage alone here; EV=0.995 is not evidence of a sparse decomposition yet.
step  14700  mse    2.238  L0   1123.1  EV  0.995  dead    23
WARNING step 14800: L0=1125.4 > d_model=768 -- reconstruction can be near-perfect from spanning coverage alone here; EV=0.995 is not evidence of a sparse decomposition yet.
step  14800  mse    2.306  L0   1125.4  EV  0.995  dead    27
WARNING step 14900: L0=1128.7 > d_model=768 -- reconstruction can be near-perfect from spanning coverage alone here; EV=0.995 is not evidence of a sparse decomposition yet.
step  14900  mse    2.257  L0   1128.7  EV  0.995  dead    26
WARNING step 14999: L0=1126.5 > d_model=768 -- reconstruction can be near-perfect from spanning coverage alone here; EV=0.995 is not evidence of a sparse decomposition yet.
step  14999  mse    2.193  L0   1126.5  EV  0.995  dead    23

saved -> C:\Projects\sae-feature-reproducibility\checkpoints\full\sweep_l1_0.01816  (1094s)
--> L0=1122.0  EV=0.9950  dead=23  (18.3 min)

=== sweep 4/6  l1_coeff=0.02147  run=sweep_l1_0.02147 ===
run=sweep_l1_0.02147  device=cuda
seed=0  data_seed=0  (pinned)
rows=12,700,000  d_sae=12288  steps=15,000  epochs=4.8
l1_coeff=0.0214709  norm_scale=0.268445 (from manifest)
decoder grad projection: ON
WARNING step 0: L0=6142.2 > d_model=768 -- reconstruction can be near-perfect from spanning coverage alone here; EV=-56.059 is not evidence of a sparse decomposition yet.
step      0  mse 25519.936  L0   6142.2  EV -56.059  dead     0
throughput (first 100 steps): 95,779 samples/s -> ~10.7 min projected
WARNING step 100: L0=2991.6 > d_model=768 -- reconstruction can be near-perfect from spanning coverage alone here; EV=-1.734 is not evidence of a sparse decomposition yet.
step    100  mse 1225.977  L0   2991.6  EV -1.734  dead     0
WARNING step 200: L0=2333.6 > d_model=768 -- reconstruction can be near-perfect from spanning coverage alone here; EV=-0.175 is not evidence of a sparse decomposition yet.
step    200  mse  524.394  L0   2333.6  EV -0.175  dead     0
WARNING step 300: L0=2206.7 > d_model=768 -- reconstruction can be near-perfect from spanning coverage alone here; EV=0.146 is not evidence of a sparse decomposition yet.
step    300  mse  383.386  L0   2206.7  EV  0.146  dead     0
WARNING step 400: L0=2061.4 > d_model=768 -- reconstruction can be near-perfect from spanning coverage alone here; EV=0.395 is not evidence of a sparse decomposition yet.
step    400  mse  271.952  L0   2061.4  EV  0.395  dead     0
WARNING step 500: L0=2203.6 > d_model=768 -- reconstruction can be near-perfect from spanning coverage alone here; EV=0.451 is not evidence of a sparse decomposition yet.
step    500  mse  244.905  L0   2203.6  EV  0.451  dead     0
WARNING step 600: L0=2182.1 > d_model=768 -- reconstruction can be near-perfect from spanning coverage alone here; EV=0.565 is not evidence of a sparse decomposition yet.
step    600  mse  195.208  L0   2182.1  EV  0.565  dead     0
WARNING step 700: L0=2210.8 > d_model=768 -- reconstruction can be near-perfect from spanning coverage alone here; EV=0.624 is not evidence of a sparse decomposition yet.
step    700  mse  168.743  L0   2210.8  EV  0.624  dead     0
WARNING step 800: L0=2189.1 > d_model=768 -- reconstruction can be near-perfect from spanning coverage alone here; EV=0.705 is not evidence of a sparse decomposition yet.
step    800  mse  131.882  L0   2189.1  EV  0.705  dead     0
WARNING step 900: L0=2219.9 > d_model=768 -- reconstruction can be near-perfect from spanning coverage alone here; EV=0.747 is not evidence of a sparse decomposition yet.
step    900  mse  112.452  L0   2219.9  EV  0.747  dead     0
WARNING step 1000: L0=2071.7 > d_model=768 -- reconstruction can be near-perfect from spanning coverage alone here; EV=0.793 is not evidence of a sparse decomposition yet.
step   1000  mse   92.340  L0   2071.7  EV  0.793  dead     0
WARNING step 1100: L0=2348.5 > d_model=768 -- reconstruction can be near-perfect from spanning coverage alone here; EV=0.816 is not evidence of a sparse decomposition yet.
step   1100  mse   82.570  L0   2348.5  EV  0.816  dead     0
WARNING step 1200: L0=2217.0 > d_model=768 -- reconstruction can be near-perfect from spanning coverage alone here; EV=0.849 is not evidence of a sparse decomposition yet.
step   1200  mse   67.805  L0   2217.0  EV  0.849  dead     0
WARNING step 1300: L0=2231.6 > d_model=768 -- reconstruction can be near-perfect from spanning coverage alone here; EV=0.872 is not evidence of a sparse decomposition yet.
step   1300  mse   57.568  L0   2231.6  EV  0.872  dead     0
WARNING step 1400: L0=2257.0 > d_model=768 -- reconstruction can be near-perfect from spanning coverage alone here; EV=0.885 is not evidence of a sparse decomposition yet.
step   1400  mse   51.592  L0   2257.0  EV  0.885  dead     0
WARNING step 1500: L0=2163.2 > d_model=768 -- reconstruction can be near-perfect from spanning coverage alone here; EV=0.915 is not evidence of a sparse decomposition yet.
step   1500  mse   38.153  L0   2163.2  EV  0.915  dead     0
WARNING step 1600: L0=1999.7 > d_model=768 -- reconstruction can be near-perfect from spanning coverage alone here; EV=0.940 is not evidence of a sparse decomposition yet.
step   1600  mse   27.015  L0   1999.7  EV  0.940  dead     0
WARNING step 1700: L0=1851.7 > d_model=768 -- reconstruction can be near-perfect from spanning coverage alone here; EV=0.955 is not evidence of a sparse decomposition yet.
step   1700  mse   20.107  L0   1851.7  EV  0.955  dead     0
WARNING step 1800: L0=1598.1 > d_model=768 -- reconstruction can be near-perfect from spanning coverage alone here; EV=0.968 is not evidence of a sparse decomposition yet.
step   1800  mse   14.438  L0   1598.1  EV  0.968  dead     0
WARNING step 1900: L0=1464.8 > d_model=768 -- reconstruction can be near-perfect from spanning coverage alone here; EV=0.975 is not evidence of a sparse decomposition yet.
step   1900  mse   10.940  L0   1464.8  EV  0.975  dead     0
WARNING step 2000: L0=1374.0 > d_model=768 -- reconstruction can be near-perfect from spanning coverage alone here; EV=0.980 is not evidence of a sparse decomposition yet.
step   2000  mse    8.965  L0   1374.0  EV  0.980  dead     0
WARNING step 2100: L0=1337.6 > d_model=768 -- reconstruction can be near-perfect from spanning coverage alone here; EV=0.982 is not evidence of a sparse decomposition yet.
step   2100  mse    7.955  L0   1337.6  EV  0.982  dead     0
WARNING step 2200: L0=1288.1 > d_model=768 -- reconstruction can be near-perfect from spanning coverage alone here; EV=0.984 is not evidence of a sparse decomposition yet.
step   2200  mse    7.069  L0   1288.1  EV  0.984  dead     0
WARNING step 2300: L0=1263.3 > d_model=768 -- reconstruction can be near-perfect from spanning coverage alone here; EV=0.986 is not evidence of a sparse decomposition yet.
step   2300  mse    6.186  L0   1263.3  EV  0.986  dead     0
WARNING step 2400: L0=1242.3 > d_model=768 -- reconstruction can be near-perfect from spanning coverage alone here; EV=0.987 is not evidence of a sparse decomposition yet.
step   2400  mse    5.818  L0   1242.3  EV  0.987  dead     0
WARNING step 2500: L0=1222.6 > d_model=768 -- reconstruction can be near-perfect from spanning coverage alone here; EV=0.988 is not evidence of a sparse decomposition yet.
step   2500  mse    5.385  L0   1222.6  EV  0.988  dead     0
WARNING step 2600: L0=1205.5 > d_model=768 -- reconstruction can be near-perfect from spanning coverage alone here; EV=0.989 is not evidence of a sparse decomposition yet.
step   2600  mse    5.035  L0   1205.5  EV  0.989  dead     0
WARNING step 2700: L0=1199.9 > d_model=768 -- reconstruction can be near-perfect from spanning coverage alone here; EV=0.989 is not evidence of a sparse decomposition yet.
step   2700  mse    4.952  L0   1199.9  EV  0.989  dead     0
WARNING step 2800: L0=1189.1 > d_model=768 -- reconstruction can be near-perfect from spanning coverage alone here; EV=0.989 is not evidence of a sparse decomposition yet.
step   2800  mse    4.751  L0   1189.1  EV  0.989  dead     0
WARNING step 2900: L0=1180.0 > d_model=768 -- reconstruction can be near-perfect from spanning coverage alone here; EV=0.990 is not evidence of a sparse decomposition yet.
step   2900  mse    4.422  L0   1180.0  EV  0.990  dead     0
WARNING step 3000: L0=1168.5 > d_model=768 -- reconstruction can be near-perfect from spanning coverage alone here; EV=0.990 is not evidence of a sparse decomposition yet.
step   3000  mse    4.294  L0   1168.5  EV  0.990  dead     0
WARNING step 3100: L0=1161.4 > d_model=768 -- reconstruction can be near-perfect from spanning coverage alone here; EV=0.990 is not evidence of a sparse decomposition yet.
step   3100  mse    4.241  L0   1161.4  EV  0.990  dead     0
WARNING step 3200: L0=1155.4 > d_model=768 -- reconstruction can be near-perfect from spanning coverage alone here; EV=0.991 is not evidence of a sparse decomposition yet.
step   3200  mse    4.023  L0   1155.4  EV  0.991  dead     0
WARNING step 3300: L0=1151.0 > d_model=768 -- reconstruction can be near-perfect from spanning coverage alone here; EV=0.991 is not evidence of a sparse decomposition yet.
step   3300  mse    3.908  L0   1151.0  EV  0.991  dead     0
WARNING step 3400: L0=1145.2 > d_model=768 -- reconstruction can be near-perfect from spanning coverage alone here; EV=0.991 is not evidence of a sparse decomposition yet.
step   3400  mse    3.833  L0   1145.2  EV  0.991  dead     0
WARNING step 3500: L0=1142.1 > d_model=768 -- reconstruction can be near-perfect from spanning coverage alone here; EV=0.992 is not evidence of a sparse decomposition yet.
step   3500  mse    3.772  L0   1142.1  EV  0.992  dead     0
WARNING step 3600: L0=1139.0 > d_model=768 -- reconstruction can be near-perfect from spanning coverage alone here; EV=0.992 is not evidence of a sparse decomposition yet.
step   3600  mse    3.608  L0   1139.0  EV  0.992  dead     0
WARNING step 3700: L0=1135.5 > d_model=768 -- reconstruction can be near-perfect from spanning coverage alone here; EV=0.992 is not evidence of a sparse decomposition yet.
step   3700  mse    3.745  L0   1135.5  EV  0.992  dead     0
WARNING step 3800: L0=1136.7 > d_model=768 -- reconstruction can be near-perfect from spanning coverage alone here; EV=0.992 is not evidence of a sparse decomposition yet.
step   3800  mse    3.579  L0   1136.7  EV  0.992  dead     0
WARNING step 3900: L0=1132.6 > d_model=768 -- reconstruction can be near-perfect from spanning coverage alone here; EV=0.992 is not evidence of a sparse decomposition yet.
step   3900  mse    3.616  L0   1132.6  EV  0.992  dead     0
WARNING step 4000: L0=1131.0 > d_model=768 -- reconstruction can be near-perfect from spanning coverage alone here; EV=0.992 is not evidence of a sparse decomposition yet.
step   4000  mse    3.555  L0   1131.0  EV  0.992  dead     0
WARNING step 4100: L0=1130.2 > d_model=768 -- reconstruction can be near-perfect from spanning coverage alone here; EV=0.992 is not evidence of a sparse decomposition yet.
step   4100  mse    3.517  L0   1130.2  EV  0.992  dead     0
WARNING step 4200: L0=1127.6 > d_model=768 -- reconstruction can be near-perfect from spanning coverage alone here; EV=0.992 is not evidence of a sparse decomposition yet.
step   4200  mse    3.483  L0   1127.6  EV  0.992  dead     0
WARNING step 4300: L0=1129.0 > d_model=768 -- reconstruction can be near-perfect from spanning coverage alone here; EV=0.992 is not evidence of a sparse decomposition yet.
step   4300  mse    3.411  L0   1129.0  EV  0.992  dead     0
WARNING step 4400: L0=1125.0 > d_model=768 -- reconstruction can be near-perfect from spanning coverage alone here; EV=0.992 is not evidence of a sparse decomposition yet.
step   4400  mse    3.377  L0   1125.0  EV  0.992  dead     0
WARNING step 4500: L0=1127.5 > d_model=768 -- reconstruction can be near-perfect from spanning coverage alone here; EV=0.993 is not evidence of a sparse decomposition yet.
step   4500  mse    3.348  L0   1127.5  EV  0.993  dead     0
WARNING step 4600: L0=1125.9 > d_model=768 -- reconstruction can be near-perfect from spanning coverage alone here; EV=0.993 is not evidence of a sparse decomposition yet.
step   4600  mse    3.359  L0   1125.9  EV  0.993  dead     0
WARNING step 4700: L0=1125.1 > d_model=768 -- reconstruction can be near-perfect from spanning coverage alone here; EV=0.993 is not evidence of a sparse decomposition yet.
step   4700  mse    3.373  L0   1125.1  EV  0.993  dead     0
WARNING step 4800: L0=1122.5 > d_model=768 -- reconstruction can be near-perfect from spanning coverage alone here; EV=0.993 is not evidence of a sparse decomposition yet.
step   4800  mse    3.305  L0   1122.5  EV  0.993  dead     0
WARNING step 4900: L0=1120.3 > d_model=768 -- reconstruction can be near-perfect from spanning coverage alone here; EV=0.993 is not evidence of a sparse decomposition yet.
step   4900  mse    3.322  L0   1120.3  EV  0.993  dead     0
WARNING step 5000: L0=1122.1 > d_model=768 -- reconstruction can be near-perfect from spanning coverage alone here; EV=0.993 is not evidence of a sparse decomposition yet.
step   5000  mse    3.294  L0   1122.1  EV  0.993  dead     0
WARNING step 5100: L0=1120.6 > d_model=768 -- reconstruction can be near-perfect from spanning coverage alone here; EV=0.993 is not evidence of a sparse decomposition yet.
step   5100  mse    3.320  L0   1120.6  EV  0.993  dead     0
WARNING step 5200: L0=1118.8 > d_model=768 -- reconstruction can be near-perfect from spanning coverage alone here; EV=0.993 is not evidence of a sparse decomposition yet.
step   5200  mse    3.281  L0   1118.8  EV  0.993  dead     0
WARNING step 5300: L0=1121.0 > d_model=768 -- reconstruction can be near-perfect from spanning coverage alone here; EV=0.993 is not evidence of a sparse decomposition yet.
step   5300  mse    3.189  L0   1121.0  EV  0.993  dead     0
WARNING step 5400: L0=1120.8 > d_model=768 -- reconstruction can be near-perfect from spanning coverage alone here; EV=0.993 is not evidence of a sparse decomposition yet.
step   5400  mse    3.226  L0   1120.8  EV  0.993  dead     0
WARNING step 5500: L0=1117.7 > d_model=768 -- reconstruction can be near-perfect from spanning coverage alone here; EV=0.993 is not evidence of a sparse decomposition yet.
step   5500  mse    3.171  L0   1117.7  EV  0.993  dead     0
WARNING step 5600: L0=1117.4 > d_model=768 -- reconstruction can be near-perfect from spanning coverage alone here; EV=0.993 is not evidence of a sparse decomposition yet.
step   5600  mse    3.278  L0   1117.4  EV  0.993  dead     0
WARNING step 5700: L0=1116.3 > d_model=768 -- reconstruction can be near-perfect from spanning coverage alone here; EV=0.993 is not evidence of a sparse decomposition yet.
step   5700  mse    3.215  L0   1116.3  EV  0.993  dead     0
WARNING step 5800: L0=1118.2 > d_model=768 -- reconstruction can be near-perfect from spanning coverage alone here; EV=0.993 is not evidence of a sparse decomposition yet.
step   5800  mse    3.179  L0   1118.2  EV  0.993  dead     0
WARNING step 5900: L0=1115.6 > d_model=768 -- reconstruction can be near-perfect from spanning coverage alone here; EV=0.993 is not evidence of a sparse decomposition yet.
step   5900  mse    3.176  L0   1115.6  EV  0.993  dead     0
WARNING step 6000: L0=1116.2 > d_model=768 -- reconstruction can be near-perfect from spanning coverage alone here; EV=0.993 is not evidence of a sparse decomposition yet.
step   6000  mse    3.210  L0   1116.2  EV  0.993  dead     0
WARNING step 6100: L0=1115.3 > d_model=768 -- reconstruction can be near-perfect from spanning coverage alone here; EV=0.993 is not evidence of a sparse decomposition yet.
step   6100  mse    3.184  L0   1115.3  EV  0.993  dead     0
WARNING step 6200: L0=1113.9 > d_model=768 -- reconstruction can be near-perfect from spanning coverage alone here; EV=0.993 is not evidence of a sparse decomposition yet.
step   6200  mse    3.094  L0   1113.9  EV  0.993  dead     0
WARNING step 6300: L0=1114.5 > d_model=768 -- reconstruction can be near-perfect from spanning coverage alone here; EV=0.993 is not evidence of a sparse decomposition yet.
step   6300  mse    3.096  L0   1114.5  EV  0.993  dead     0
WARNING step 6400: L0=1115.7 > d_model=768 -- reconstruction can be near-perfect from spanning coverage alone here; EV=0.993 is not evidence of a sparse decomposition yet.
step   6400  mse    3.076  L0   1115.7  EV  0.993  dead     0
WARNING step 6500: L0=1115.7 > d_model=768 -- reconstruction can be near-perfect from spanning coverage alone here; EV=0.993 is not evidence of a sparse decomposition yet.
step   6500  mse    3.143  L0   1115.7  EV  0.993  dead     0
WARNING step 6600: L0=1113.2 > d_model=768 -- reconstruction can be near-perfect from spanning coverage alone here; EV=0.993 is not evidence of a sparse decomposition yet.
step   6600  mse    3.078  L0   1113.2  EV  0.993  dead     0
WARNING step 6700: L0=1114.8 > d_model=768 -- reconstruction can be near-perfect from spanning coverage alone here; EV=0.993 is not evidence of a sparse decomposition yet.
step   6700  mse    3.138  L0   1114.8  EV  0.993  dead     0
WARNING step 6800: L0=1113.7 > d_model=768 -- reconstruction can be near-perfect from spanning coverage alone here; EV=0.993 is not evidence of a sparse decomposition yet.
step   6800  mse    3.032  L0   1113.7  EV  0.993  dead     0
WARNING step 6900: L0=1114.2 > d_model=768 -- reconstruction can be near-perfect from spanning coverage alone here; EV=0.993 is not evidence of a sparse decomposition yet.
step   6900  mse    3.034  L0   1114.2  EV  0.993  dead     0
WARNING step 7000: L0=1112.2 > d_model=768 -- reconstruction can be near-perfect from spanning coverage alone here; EV=0.993 is not evidence of a sparse decomposition yet.
step   7000  mse    3.079  L0   1112.2  EV  0.993  dead     0
WARNING step 7100: L0=1112.8 > d_model=768 -- reconstruction can be near-perfect from spanning coverage alone here; EV=0.993 is not evidence of a sparse decomposition yet.
step   7100  mse    3.078  L0   1112.8  EV  0.993  dead     0
WARNING step 7200: L0=1111.8 > d_model=768 -- reconstruction can be near-perfect from spanning coverage alone here; EV=0.993 is not evidence of a sparse decomposition yet.
step   7200  mse    3.003  L0   1111.8  EV  0.993  dead     0
WARNING step 7300: L0=1110.5 > d_model=768 -- reconstruction can be near-perfect from spanning coverage alone here; EV=0.993 is not evidence of a sparse decomposition yet.
step   7300  mse    2.976  L0   1110.5  EV  0.993  dead     0
WARNING step 7400: L0=1113.4 > d_model=768 -- reconstruction can be near-perfect from spanning coverage alone here; EV=0.993 is not evidence of a sparse decomposition yet.
step   7400  mse    3.052  L0   1113.4  EV  0.993  dead     0
WARNING step 7500: L0=1111.0 > d_model=768 -- reconstruction can be near-perfect from spanning coverage alone here; EV=0.993 is not evidence of a sparse decomposition yet.
step   7500  mse    2.995  L0   1111.0  EV  0.993  dead     0
WARNING step 7600: L0=1113.8 > d_model=768 -- reconstruction can be near-perfect from spanning coverage alone here; EV=0.993 is not evidence of a sparse decomposition yet.
step   7600  mse    3.004  L0   1113.8  EV  0.993  dead     0
WARNING step 7700: L0=1110.6 > d_model=768 -- reconstruction can be near-perfect from spanning coverage alone here; EV=0.993 is not evidence of a sparse decomposition yet.
step   7700  mse    2.934  L0   1110.6  EV  0.993  dead     0
WARNING step 7800: L0=1112.1 > d_model=768 -- reconstruction can be near-perfect from spanning coverage alone here; EV=0.993 is not evidence of a sparse decomposition yet.
step   7800  mse    2.968  L0   1112.1  EV  0.993  dead     0
WARNING step 7900: L0=1111.8 > d_model=768 -- reconstruction can be near-perfect from spanning coverage alone here; EV=0.993 is not evidence of a sparse decomposition yet.
step   7900  mse    3.020  L0   1111.8  EV  0.993  dead     0
WARNING step 8000: L0=1112.3 > d_model=768 -- reconstruction can be near-perfect from spanning coverage alone here; EV=0.993 is not evidence of a sparse decomposition yet.
step   8000  mse    2.947  L0   1112.3  EV  0.993  dead     0
WARNING step 8100: L0=1111.2 > d_model=768 -- reconstruction can be near-perfect from spanning coverage alone here; EV=0.993 is not evidence of a sparse decomposition yet.
step   8100  mse    2.927  L0   1111.2  EV  0.993  dead     0
WARNING step 8200: L0=1113.1 > d_model=768 -- reconstruction can be near-perfect from spanning coverage alone here; EV=0.994 is not evidence of a sparse decomposition yet.
step   8200  mse    2.891  L0   1113.1  EV  0.994  dead     0
WARNING step 8300: L0=1111.7 > d_model=768 -- reconstruction can be near-perfect from spanning coverage alone here; EV=0.994 is not evidence of a sparse decomposition yet.
step   8300  mse    2.901  L0   1111.7  EV  0.994  dead     0
WARNING step 8400: L0=1111.4 > d_model=768 -- reconstruction can be near-perfect from spanning coverage alone here; EV=0.994 is not evidence of a sparse decomposition yet.
step   8400  mse    2.913  L0   1111.4  EV  0.994  dead     0
WARNING step 8500: L0=1109.5 > d_model=768 -- reconstruction can be near-perfect from spanning coverage alone here; EV=0.993 is not evidence of a sparse decomposition yet.
step   8500  mse    2.951  L0   1109.5  EV  0.993  dead     0
WARNING step 8600: L0=1110.4 > d_model=768 -- reconstruction can be near-perfect from spanning coverage alone here; EV=0.994 is not evidence of a sparse decomposition yet.
step   8600  mse    2.868  L0   1110.4  EV  0.994  dead     0
WARNING step 8700: L0=1111.4 > d_model=768 -- reconstruction can be near-perfect from spanning coverage alone here; EV=0.994 is not evidence of a sparse decomposition yet.
step   8700  mse    2.867  L0   1111.4  EV  0.994  dead     0
WARNING step 8800: L0=1112.4 > d_model=768 -- reconstruction can be near-perfect from spanning coverage alone here; EV=0.993 is not evidence of a sparse decomposition yet.
step   8800  mse    2.920  L0   1112.4  EV  0.993  dead     0
WARNING step 8900: L0=1110.1 > d_model=768 -- reconstruction can be near-perfect from spanning coverage alone here; EV=0.994 is not evidence of a sparse decomposition yet.
step   8900  mse    2.861  L0   1110.1  EV  0.994  dead     0
WARNING step 9000: L0=1110.5 > d_model=768 -- reconstruction can be near-perfect from spanning coverage alone here; EV=0.994 is not evidence of a sparse decomposition yet.
step   9000  mse    2.848  L0   1110.5  EV  0.994  dead     0
WARNING step 9100: L0=1112.3 > d_model=768 -- reconstruction can be near-perfect from spanning coverage alone here; EV=0.994 is not evidence of a sparse decomposition yet.
step   9100  mse    2.835  L0   1112.3  EV  0.994  dead     0
WARNING step 9200: L0=1109.5 > d_model=768 -- reconstruction can be near-perfect from spanning coverage alone here; EV=0.994 is not evidence of a sparse decomposition yet.
step   9200  mse    2.841  L0   1109.5  EV  0.994  dead     0
WARNING step 9300: L0=1111.1 > d_model=768 -- reconstruction can be near-perfect from spanning coverage alone here; EV=0.994 is not evidence of a sparse decomposition yet.
step   9300  mse    2.815  L0   1111.1  EV  0.994  dead     0
WARNING step 9400: L0=1111.2 > d_model=768 -- reconstruction can be near-perfect from spanning coverage alone here; EV=0.994 is not evidence of a sparse decomposition yet.
step   9400  mse    2.858  L0   1111.2  EV  0.994  dead     0
WARNING step 9500: L0=1109.2 > d_model=768 -- reconstruction can be near-perfect from spanning coverage alone here; EV=0.994 is not evidence of a sparse decomposition yet.
step   9500  mse    2.843  L0   1109.2  EV  0.994  dead     0
WARNING step 9600: L0=1113.0 > d_model=768 -- reconstruction can be near-perfect from spanning coverage alone here; EV=0.994 is not evidence of a sparse decomposition yet.
step   9600  mse    2.811  L0   1113.0  EV  0.994  dead     0
WARNING step 9700: L0=1109.6 > d_model=768 -- reconstruction can be near-perfect from spanning coverage alone here; EV=0.994 is not evidence of a sparse decomposition yet.
step   9700  mse    2.825  L0   1109.6  EV  0.994  dead     0
WARNING step 9800: L0=1110.1 > d_model=768 -- reconstruction can be near-perfect from spanning coverage alone here; EV=0.994 is not evidence of a sparse decomposition yet.
step   9800  mse    2.783  L0   1110.1  EV  0.994  dead     0
WARNING step 9900: L0=1111.4 > d_model=768 -- reconstruction can be near-perfect from spanning coverage alone here; EV=0.994 is not evidence of a sparse decomposition yet.
step   9900  mse    2.800  L0   1111.4  EV  0.994  dead     0
WARNING step 10000: L0=1110.3 > d_model=768 -- reconstruction can be near-perfect from spanning coverage alone here; EV=0.994 is not evidence of a sparse decomposition yet.
step  10000  mse    2.872  L0   1110.3  EV  0.994  dead     0
WARNING step 10100: L0=1109.9 > d_model=768 -- reconstruction can be near-perfect from spanning coverage alone here; EV=0.994 is not evidence of a sparse decomposition yet.
step  10100  mse    2.770  L0   1109.9  EV  0.994  dead     0
WARNING step 10200: L0=1111.4 > d_model=768 -- reconstruction can be near-perfect from spanning coverage alone here; EV=0.994 is not evidence of a sparse decomposition yet.
step  10200  mse    2.805  L0   1111.4  EV  0.994  dead     0
WARNING step 10300: L0=1110.4 > d_model=768 -- reconstruction can be near-perfect from spanning coverage alone here; EV=0.994 is not evidence of a sparse decomposition yet.
step  10300  mse    2.781  L0   1110.4  EV  0.994  dead     0
WARNING step 10400: L0=1110.0 > d_model=768 -- reconstruction can be near-perfect from spanning coverage alone here; EV=0.994 is not evidence of a sparse decomposition yet.
step  10400  mse    2.808  L0   1110.0  EV  0.994  dead     0
WARNING step 10500: L0=1109.3 > d_model=768 -- reconstruction can be near-perfect from spanning coverage alone here; EV=0.994 is not evidence of a sparse decomposition yet.
step  10500  mse    2.752  L0   1109.3  EV  0.994  dead     0
WARNING step 10600: L0=1106.7 > d_model=768 -- reconstruction can be near-perfect from spanning coverage alone here; EV=0.994 is not evidence of a sparse decomposition yet.
step  10600  mse    2.780  L0   1106.7  EV  0.994  dead     0
WARNING step 10700: L0=1111.9 > d_model=768 -- reconstruction can be near-perfect from spanning coverage alone here; EV=0.994 is not evidence of a sparse decomposition yet.
step  10700  mse    2.757  L0   1111.9  EV  0.994  dead     0
WARNING step 10800: L0=1112.8 > d_model=768 -- reconstruction can be near-perfect from spanning coverage alone here; EV=0.994 is not evidence of a sparse decomposition yet.
step  10800  mse    2.757  L0   1112.8  EV  0.994  dead     0
WARNING step 10900: L0=1111.3 > d_model=768 -- reconstruction can be near-perfect from spanning coverage alone here; EV=0.994 is not evidence of a sparse decomposition yet.
step  10900  mse    2.774  L0   1111.3  EV  0.994  dead     0
WARNING step 11000: L0=1112.4 > d_model=768 -- reconstruction can be near-perfect from spanning coverage alone here; EV=0.994 is not evidence of a sparse decomposition yet.
step  11000  mse    2.751  L0   1112.4  EV  0.994  dead     0
WARNING step 11100: L0=1112.3 > d_model=768 -- reconstruction can be near-perfect from spanning coverage alone here; EV=0.994 is not evidence of a sparse decomposition yet.
step  11100  mse    2.744  L0   1112.3  EV  0.994  dead     0
WARNING step 11200: L0=1112.9 > d_model=768 -- reconstruction can be near-perfect from spanning coverage alone here; EV=0.994 is not evidence of a sparse decomposition yet.
step  11200  mse    2.723  L0   1112.9  EV  0.994  dead     0
WARNING step 11300: L0=1112.7 > d_model=768 -- reconstruction can be near-perfect from spanning coverage alone here; EV=0.994 is not evidence of a sparse decomposition yet.
step  11300  mse    2.732  L0   1112.7  EV  0.994  dead     0
WARNING step 11400: L0=1114.1 > d_model=768 -- reconstruction can be near-perfect from spanning coverage alone here; EV=0.994 is not evidence of a sparse decomposition yet.
step  11400  mse    2.725  L0   1114.1  EV  0.994  dead     0
WARNING step 11500: L0=1113.0 > d_model=768 -- reconstruction can be near-perfect from spanning coverage alone here; EV=0.994 is not evidence of a sparse decomposition yet.
step  11500  mse    2.710  L0   1113.0  EV  0.994  dead     0
WARNING step 11600: L0=1114.5 > d_model=768 -- reconstruction can be near-perfect from spanning coverage alone here; EV=0.994 is not evidence of a sparse decomposition yet.
step  11600  mse    2.698  L0   1114.5  EV  0.994  dead     0
WARNING step 11700: L0=1118.6 > d_model=768 -- reconstruction can be near-perfect from spanning coverage alone here; EV=0.994 is not evidence of a sparse decomposition yet.
step  11700  mse    2.699  L0   1118.6  EV  0.994  dead     0
WARNING step 11800: L0=1118.1 > d_model=768 -- reconstruction can be near-perfect from spanning coverage alone here; EV=0.994 is not evidence of a sparse decomposition yet.
step  11800  mse    2.705  L0   1118.1  EV  0.994  dead     0
WARNING step 11900: L0=1119.3 > d_model=768 -- reconstruction can be near-perfect from spanning coverage alone here; EV=0.994 is not evidence of a sparse decomposition yet.
step  11900  mse    2.748  L0   1119.3  EV  0.994  dead     0
WARNING step 12000: L0=1122.5 > d_model=768 -- reconstruction can be near-perfect from spanning coverage alone here; EV=0.994 is not evidence of a sparse decomposition yet.
step  12000  mse    2.763  L0   1122.5  EV  0.994  dead     0
WARNING step 12100: L0=1124.3 > d_model=768 -- reconstruction can be near-perfect from spanning coverage alone here; EV=0.994 is not evidence of a sparse decomposition yet.
step  12100  mse    2.735  L0   1124.3  EV  0.994  dead     0
WARNING step 12200: L0=1123.8 > d_model=768 -- reconstruction can be near-perfect from spanning coverage alone here; EV=0.994 is not evidence of a sparse decomposition yet.
step  12200  mse    2.692  L0   1123.8  EV  0.994  dead     0
WARNING step 12300: L0=1127.9 > d_model=768 -- reconstruction can be near-perfect from spanning coverage alone here; EV=0.994 is not evidence of a sparse decomposition yet.
step  12300  mse    2.761  L0   1127.9  EV  0.994  dead     0
WARNING step 12400: L0=1125.3 > d_model=768 -- reconstruction can be near-perfect from spanning coverage alone here; EV=0.994 is not evidence of a sparse decomposition yet.
step  12400  mse    2.721  L0   1125.3  EV  0.994  dead     0
WARNING step 12500: L0=1127.4 > d_model=768 -- reconstruction can be near-perfect from spanning coverage alone here; EV=0.994 is not evidence of a sparse decomposition yet.
step  12500  mse    2.709  L0   1127.4  EV  0.994  dead     0
WARNING step 12600: L0=1129.8 > d_model=768 -- reconstruction can be near-perfect from spanning coverage alone here; EV=0.994 is not evidence of a sparse decomposition yet.
step  12600  mse    2.704  L0   1129.8  EV  0.994  dead     0
WARNING step 12700: L0=1136.4 > d_model=768 -- reconstruction can be near-perfect from spanning coverage alone here; EV=0.994 is not evidence of a sparse decomposition yet.
step  12700  mse    2.705  L0   1136.4  EV  0.994  dead     0
WARNING step 12800: L0=1133.3 > d_model=768 -- reconstruction can be near-perfect from spanning coverage alone here; EV=0.994 is not evidence of a sparse decomposition yet.
step  12800  mse    2.682  L0   1133.3  EV  0.994  dead     0
WARNING step 12900: L0=1140.4 > d_model=768 -- reconstruction can be near-perfect from spanning coverage alone here; EV=0.994 is not evidence of a sparse decomposition yet.
step  12900  mse    2.727  L0   1140.4  EV  0.994  dead     0
WARNING step 13000: L0=1140.3 > d_model=768 -- reconstruction can be near-perfect from spanning coverage alone here; EV=0.994 is not evidence of a sparse decomposition yet.
step  13000  mse    2.695  L0   1140.3  EV  0.994  dead     0
WARNING step 13100: L0=1141.9 > d_model=768 -- reconstruction can be near-perfect from spanning coverage alone here; EV=0.994 is not evidence of a sparse decomposition yet.
step  13100  mse    2.701  L0   1141.9  EV  0.994  dead     0
WARNING step 13200: L0=1144.5 > d_model=768 -- reconstruction can be near-perfect from spanning coverage alone here; EV=0.994 is not evidence of a sparse decomposition yet.
step  13200  mse    2.708  L0   1144.5  EV  0.994  dead     0
WARNING step 13300: L0=1143.9 > d_model=768 -- reconstruction can be near-perfect from spanning coverage alone here; EV=0.994 is not evidence of a sparse decomposition yet.
step  13300  mse    2.686  L0   1143.9  EV  0.994  dead     0
WARNING step 13400: L0=1149.5 > d_model=768 -- reconstruction can be near-perfect from spanning coverage alone here; EV=0.994 is not evidence of a sparse decomposition yet.
step  13400  mse    2.710  L0   1149.5  EV  0.994  dead     2
WARNING step 13500: L0=1155.6 > d_model=768 -- reconstruction can be near-perfect from spanning coverage alone here; EV=0.994 is not evidence of a sparse decomposition yet.
step  13500  mse    2.686  L0   1155.6  EV  0.994  dead     2
WARNING step 13600: L0=1160.3 > d_model=768 -- reconstruction can be near-perfect from spanning coverage alone here; EV=0.994 is not evidence of a sparse decomposition yet.
step  13600  mse    2.728  L0   1160.3  EV  0.994  dead     2
WARNING step 13700: L0=1161.6 > d_model=768 -- reconstruction can be near-perfect from spanning coverage alone here; EV=0.994 is not evidence of a sparse decomposition yet.
step  13700  mse    2.681  L0   1161.6  EV  0.994  dead     3
WARNING step 13800: L0=1167.3 > d_model=768 -- reconstruction can be near-perfect from spanning coverage alone here; EV=0.994 is not evidence of a sparse decomposition yet.
step  13800  mse    2.686  L0   1167.3  EV  0.994  dead     3
WARNING step 13900: L0=1171.9 > d_model=768 -- reconstruction can be near-perfect from spanning coverage alone here; EV=0.994 is not evidence of a sparse decomposition yet.
step  13900  mse    2.653  L0   1171.9  EV  0.994  dead     3
WARNING step 14000: L0=1177.8 > d_model=768 -- reconstruction can be near-perfect from spanning coverage alone here; EV=0.994 is not evidence of a sparse decomposition yet.
step  14000  mse    2.699  L0   1177.8  EV  0.994  dead     3
WARNING step 14100: L0=1187.2 > d_model=768 -- reconstruction can be near-perfect from spanning coverage alone here; EV=0.994 is not evidence of a sparse decomposition yet.
step  14100  mse    2.694  L0   1187.2  EV  0.994  dead     4
WARNING step 14200: L0=1196.2 > d_model=768 -- reconstruction can be near-perfect from spanning coverage alone here; EV=0.994 is not evidence of a sparse decomposition yet.
step  14200  mse    2.719  L0   1196.2  EV  0.994  dead     3
WARNING step 14300: L0=1198.9 > d_model=768 -- reconstruction can be near-perfect from spanning coverage alone here; EV=0.994 is not evidence of a sparse decomposition yet.
step  14300  mse    2.657  L0   1198.9  EV  0.994  dead     3
WARNING step 14400: L0=1212.3 > d_model=768 -- reconstruction can be near-perfect from spanning coverage alone here; EV=0.994 is not evidence of a sparse decomposition yet.
step  14400  mse    2.703  L0   1212.3  EV  0.994  dead     3
WARNING step 14500: L0=1219.0 > d_model=768 -- reconstruction can be near-perfect from spanning coverage alone here; EV=0.994 is not evidence of a sparse decomposition yet.
step  14500  mse    2.738  L0   1219.0  EV  0.994  dead     3
WARNING step 14600: L0=1235.5 > d_model=768 -- reconstruction can be near-perfect from spanning coverage alone here; EV=0.994 is not evidence of a sparse decomposition yet.
step  14600  mse    2.717  L0   1235.5  EV  0.994  dead     2
WARNING step 14700: L0=1239.6 > d_model=768 -- reconstruction can be near-perfect from spanning coverage alone here; EV=0.994 is not evidence of a sparse decomposition yet.
step  14700  mse    2.670  L0   1239.6  EV  0.994  dead     1
WARNING step 14800: L0=1248.6 > d_model=768 -- reconstruction can be near-perfect from spanning coverage alone here; EV=0.994 is not evidence of a sparse decomposition yet.
step  14800  mse    2.721  L0   1248.6  EV  0.994  dead     1
WARNING step 14900: L0=1260.0 > d_model=768 -- reconstruction can be near-perfect from spanning coverage alone here; EV=0.994 is not evidence of a sparse decomposition yet.
step  14900  mse    2.698  L0   1260.0  EV  0.994  dead     1
WARNING step 14999: L0=1263.0 > d_model=768 -- reconstruction can be near-perfect from spanning coverage alone here; EV=0.994 is not evidence of a sparse decomposition yet.
step  14999  mse    2.629  L0   1263.0  EV  0.994  dead     1

saved -> C:\Projects\sae-feature-reproducibility\checkpoints\full\sweep_l1_0.02147  (1067s)
--> L0=1226.0  EV=0.9940  dead=1  (17.8 min)

=== sweep 5/6  l1_coeff=0.02538  run=sweep_l1_0.02538 ===
run=sweep_l1_0.02538  device=cuda
seed=0  data_seed=0  (pinned)
rows=12,700,000  d_sae=12288  steps=15,000  epochs=4.8
l1_coeff=0.0253797  norm_scale=0.268445 (from manifest)
decoder grad projection: ON
WARNING step 0: L0=6142.2 > d_model=768 -- reconstruction can be near-perfect from spanning coverage alone here; EV=-56.059 is not evidence of a sparse decomposition yet.
step      0  mse 25519.936  L0   6142.2  EV -56.059  dead     0
throughput (first 100 steps): 103,382 samples/s -> ~9.9 min projected
WARNING step 100: L0=2993.7 > d_model=768 -- reconstruction can be near-perfect from spanning coverage alone here; EV=-1.733 is not evidence of a sparse decomposition yet.
step    100  mse 1225.967  L0   2993.7  EV -1.733  dead     0
WARNING step 200: L0=2337.3 > d_model=768 -- reconstruction can be near-perfect from spanning coverage alone here; EV=-0.174 is not evidence of a sparse decomposition yet.
step    200  mse  523.757  L0   2337.3  EV -0.174  dead     0
WARNING step 300: L0=2211.7 > d_model=768 -- reconstruction can be near-perfect from spanning coverage alone here; EV=0.148 is not evidence of a sparse decomposition yet.
step    300  mse  382.265  L0   2211.7  EV  0.148  dead     0
WARNING step 400: L0=2067.2 > d_model=768 -- reconstruction can be near-perfect from spanning coverage alone here; EV=0.397 is not evidence of a sparse decomposition yet.
step    400  mse  271.152  L0   2067.2  EV  0.397  dead     0
WARNING step 500: L0=2210.4 > d_model=768 -- reconstruction can be near-perfect from spanning coverage alone here; EV=0.454 is not evidence of a sparse decomposition yet.
step    500  mse  243.289  L0   2210.4  EV  0.454  dead     0
WARNING step 600: L0=2189.3 > d_model=768 -- reconstruction can be near-perfect from spanning coverage alone here; EV=0.567 is not evidence of a sparse decomposition yet.
step    600  mse  194.265  L0   2189.3  EV  0.567  dead     0
WARNING step 700: L0=2219.4 > d_model=768 -- reconstruction can be near-perfect from spanning coverage alone here; EV=0.626 is not evidence of a sparse decomposition yet.
step    700  mse  167.609  L0   2219.4  EV  0.626  dead     0
WARNING step 800: L0=2197.9 > d_model=768 -- reconstruction can be near-perfect from spanning coverage alone here; EV=0.708 is not evidence of a sparse decomposition yet.
step    800  mse  130.543  L0   2197.9  EV  0.708  dead     0
WARNING step 900: L0=2229.0 > d_model=768 -- reconstruction can be near-perfect from spanning coverage alone here; EV=0.750 is not evidence of a sparse decomposition yet.
step    900  mse  111.296  L0   2229.0  EV  0.750  dead     0
WARNING step 1000: L0=2079.2 > d_model=768 -- reconstruction can be near-perfect from spanning coverage alone here; EV=0.795 is not evidence of a sparse decomposition yet.
step   1000  mse   91.554  L0   2079.2  EV  0.795  dead     0
WARNING step 1100: L0=2347.8 > d_model=768 -- reconstruction can be near-perfect from spanning coverage alone here; EV=0.819 is not evidence of a sparse decomposition yet.
step   1100  mse   81.092  L0   2347.8  EV  0.819  dead     0
WARNING step 1200: L0=2205.2 > d_model=768 -- reconstruction can be near-perfect from spanning coverage alone here; EV=0.854 is not evidence of a sparse decomposition yet.
step   1200  mse   65.449  L0   2205.2  EV  0.854  dead     0
WARNING step 1300: L0=2193.0 > d_model=768 -- reconstruction can be near-perfect from spanning coverage alone here; EV=0.882 is not evidence of a sparse decomposition yet.
step   1300  mse   52.882  L0   2193.0  EV  0.882  dead     0
WARNING step 1400: L0=2158.4 > d_model=768 -- reconstruction can be near-perfect from spanning coverage alone here; EV=0.899 is not evidence of a sparse decomposition yet.
step   1400  mse   44.906  L0   2158.4  EV  0.899  dead     0
WARNING step 1500: L0=1984.3 > d_model=768 -- reconstruction can be near-perfect from spanning coverage alone here; EV=0.929 is not evidence of a sparse decomposition yet.
step   1500  mse   31.686  L0   1984.3  EV  0.929  dead     0
WARNING step 1600: L0=1735.9 > d_model=768 -- reconstruction can be near-perfect from spanning coverage alone here; EV=0.950 is not evidence of a sparse decomposition yet.
step   1600  mse   22.267  L0   1735.9  EV  0.950  dead     0
WARNING step 1700: L0=1536.9 > d_model=768 -- reconstruction can be near-perfect from spanning coverage alone here; EV=0.962 is not evidence of a sparse decomposition yet.
step   1700  mse   16.958  L0   1536.9  EV  0.962  dead     0
WARNING step 1800: L0=1402.3 > d_model=768 -- reconstruction can be near-perfect from spanning coverage alone here; EV=0.970 is not evidence of a sparse decomposition yet.
step   1800  mse   13.417  L0   1402.3  EV  0.970  dead     0
WARNING step 1900: L0=1352.5 > d_model=768 -- reconstruction can be near-perfect from spanning coverage alone here; EV=0.976 is not evidence of a sparse decomposition yet.
step   1900  mse   10.763  L0   1352.5  EV  0.976  dead     0
WARNING step 2000: L0=1307.7 > d_model=768 -- reconstruction can be near-perfect from spanning coverage alone here; EV=0.980 is not evidence of a sparse decomposition yet.
step   2000  mse    9.173  L0   1307.7  EV  0.980  dead     0
WARNING step 2100: L0=1286.3 > d_model=768 -- reconstruction can be near-perfect from spanning coverage alone here; EV=0.982 is not evidence of a sparse decomposition yet.
step   2100  mse    8.289  L0   1286.3  EV  0.982  dead     0
WARNING step 2200: L0=1254.8 > d_model=768 -- reconstruction can be near-perfect from spanning coverage alone here; EV=0.983 is not evidence of a sparse decomposition yet.
step   2200  mse    7.486  L0   1254.8  EV  0.983  dead     0
WARNING step 2300: L0=1235.0 > d_model=768 -- reconstruction can be near-perfect from spanning coverage alone here; EV=0.985 is not evidence of a sparse decomposition yet.
step   2300  mse    6.626  L0   1235.0  EV  0.985  dead     0
WARNING step 2400: L0=1218.1 > d_model=768 -- reconstruction can be near-perfect from spanning coverage alone here; EV=0.986 is not evidence of a sparse decomposition yet.
step   2400  mse    6.271  L0   1218.1  EV  0.986  dead     0
WARNING step 2500: L0=1201.3 > d_model=768 -- reconstruction can be near-perfect from spanning coverage alone here; EV=0.987 is not evidence of a sparse decomposition yet.
step   2500  mse    5.815  L0   1201.3  EV  0.987  dead     0
WARNING step 2600: L0=1188.4 > d_model=768 -- reconstruction can be near-perfect from spanning coverage alone here; EV=0.988 is not evidence of a sparse decomposition yet.
step   2600  mse    5.494  L0   1188.4  EV  0.988  dead     0
WARNING step 2700: L0=1182.6 > d_model=768 -- reconstruction can be near-perfect from spanning coverage alone here; EV=0.988 is not evidence of a sparse decomposition yet.
step   2700  mse    5.382  L0   1182.6  EV  0.988  dead     0
WARNING step 2800: L0=1172.9 > d_model=768 -- reconstruction can be near-perfect from spanning coverage alone here; EV=0.988 is not evidence of a sparse decomposition yet.
step   2800  mse    5.188  L0   1172.9  EV  0.988  dead     0
WARNING step 2900: L0=1167.4 > d_model=768 -- reconstruction can be near-perfect from spanning coverage alone here; EV=0.989 is not evidence of a sparse decomposition yet.
step   2900  mse    4.906  L0   1167.4  EV  0.989  dead     0
WARNING step 3000: L0=1159.5 > d_model=768 -- reconstruction can be near-perfect from spanning coverage alone here; EV=0.989 is not evidence of a sparse decomposition yet.
step   3000  mse    4.810  L0   1159.5  EV  0.989  dead     0
WARNING step 3100: L0=1154.8 > d_model=768 -- reconstruction can be near-perfect from spanning coverage alone here; EV=0.989 is not evidence of a sparse decomposition yet.
step   3100  mse    4.802  L0   1154.8  EV  0.989  dead     0
WARNING step 3200: L0=1151.5 > d_model=768 -- reconstruction can be near-perfect from spanning coverage alone here; EV=0.990 is not evidence of a sparse decomposition yet.
step   3200  mse    4.582  L0   1151.5  EV  0.990  dead     0
WARNING step 3300: L0=1148.4 > d_model=768 -- reconstruction can be near-perfect from spanning coverage alone here; EV=0.990 is not evidence of a sparse decomposition yet.
step   3300  mse    4.492  L0   1148.4  EV  0.990  dead     0
WARNING step 3400: L0=1144.5 > d_model=768 -- reconstruction can be near-perfect from spanning coverage alone here; EV=0.990 is not evidence of a sparse decomposition yet.
step   3400  mse    4.433  L0   1144.5  EV  0.990  dead     0
WARNING step 3500: L0=1143.2 > d_model=768 -- reconstruction can be near-perfect from spanning coverage alone here; EV=0.990 is not evidence of a sparse decomposition yet.
step   3500  mse    4.385  L0   1143.2  EV  0.990  dead     0
WARNING step 3600: L0=1140.9 > d_model=768 -- reconstruction can be near-perfect from spanning coverage alone here; EV=0.991 is not evidence of a sparse decomposition yet.
step   3600  mse    4.222  L0   1140.9  EV  0.991  dead     0
WARNING step 3700: L0=1138.8 > d_model=768 -- reconstruction can be near-perfect from spanning coverage alone here; EV=0.990 is not evidence of a sparse decomposition yet.
step   3700  mse    4.388  L0   1138.8  EV  0.990  dead     0
WARNING step 3800: L0=1139.9 > d_model=768 -- reconstruction can be near-perfect from spanning coverage alone here; EV=0.991 is not evidence of a sparse decomposition yet.
step   3800  mse    4.201  L0   1139.9  EV  0.991  dead     0
WARNING step 3900: L0=1135.7 > d_model=768 -- reconstruction can be near-perfect from spanning coverage alone here; EV=0.990 is not evidence of a sparse decomposition yet.
step   3900  mse    4.240  L0   1135.7  EV  0.990  dead     0
WARNING step 4000: L0=1135.0 > d_model=768 -- reconstruction can be near-perfect from spanning coverage alone here; EV=0.991 is not evidence of a sparse decomposition yet.
step   4000  mse    4.182  L0   1135.0  EV  0.991  dead     0
WARNING step 4100: L0=1134.3 > d_model=768 -- reconstruction can be near-perfect from spanning coverage alone here; EV=0.991 is not evidence of a sparse decomposition yet.
step   4100  mse    4.139  L0   1134.3  EV  0.991  dead     0
WARNING step 4200: L0=1131.2 > d_model=768 -- reconstruction can be near-perfect from spanning coverage alone here; EV=0.991 is not evidence of a sparse decomposition yet.
step   4200  mse    4.096  L0   1131.2  EV  0.991  dead     0
WARNING step 4300: L0=1133.2 > d_model=768 -- reconstruction can be near-perfect from spanning coverage alone here; EV=0.991 is not evidence of a sparse decomposition yet.
step   4300  mse    4.020  L0   1133.2  EV  0.991  dead     0
WARNING step 4400: L0=1128.4 > d_model=768 -- reconstruction can be near-perfect from spanning coverage alone here; EV=0.991 is not evidence of a sparse decomposition yet.
step   4400  mse    3.980  L0   1128.4  EV  0.991  dead     0
WARNING step 4500: L0=1131.9 > d_model=768 -- reconstruction can be near-perfect from spanning coverage alone here; EV=0.991 is not evidence of a sparse decomposition yet.
step   4500  mse    3.954  L0   1131.9  EV  0.991  dead     0
WARNING step 4600: L0=1130.1 > d_model=768 -- reconstruction can be near-perfect from spanning coverage alone here; EV=0.991 is not evidence of a sparse decomposition yet.
step   4600  mse    3.959  L0   1130.1  EV  0.991  dead     0
WARNING step 4700: L0=1129.4 > d_model=768 -- reconstruction can be near-perfect from spanning coverage alone here; EV=0.991 is not evidence of a sparse decomposition yet.
step   4700  mse    3.983  L0   1129.4  EV  0.991  dead     0
WARNING step 4800: L0=1126.6 > d_model=768 -- reconstruction can be near-perfect from spanning coverage alone here; EV=0.991 is not evidence of a sparse decomposition yet.
step   4800  mse    3.897  L0   1126.6  EV  0.991  dead     0
WARNING step 4900: L0=1124.0 > d_model=768 -- reconstruction can be near-perfect from spanning coverage alone here; EV=0.991 is not evidence of a sparse decomposition yet.
step   4900  mse    3.917  L0   1124.0  EV  0.991  dead     0
WARNING step 5000: L0=1126.2 > d_model=768 -- reconstruction can be near-perfect from spanning coverage alone here; EV=0.991 is not evidence of a sparse decomposition yet.
step   5000  mse    3.896  L0   1126.2  EV  0.991  dead     0
WARNING step 5100: L0=1125.1 > d_model=768 -- reconstruction can be near-perfect from spanning coverage alone here; EV=0.991 is not evidence of a sparse decomposition yet.
step   5100  mse    3.916  L0   1125.1  EV  0.991  dead     0
WARNING step 5200: L0=1123.2 > d_model=768 -- reconstruction can be near-perfect from spanning coverage alone here; EV=0.991 is not evidence of a sparse decomposition yet.
step   5200  mse    3.875  L0   1123.2  EV  0.991  dead     0
WARNING step 5300: L0=1125.5 > d_model=768 -- reconstruction can be near-perfect from spanning coverage alone here; EV=0.992 is not evidence of a sparse decomposition yet.
step   5300  mse    3.775  L0   1125.5  EV  0.992  dead     0
WARNING step 5400: L0=1125.2 > d_model=768 -- reconstruction can be near-perfect from spanning coverage alone here; EV=0.991 is not evidence of a sparse decomposition yet.
step   5400  mse    3.823  L0   1125.2  EV  0.991  dead     0
WARNING step 5500: L0=1121.5 > d_model=768 -- reconstruction can be near-perfect from spanning coverage alone here; EV=0.992 is not evidence of a sparse decomposition yet.
step   5500  mse    3.750  L0   1121.5  EV  0.992  dead     0
WARNING step 5600: L0=1121.7 > d_model=768 -- reconstruction can be near-perfect from spanning coverage alone here; EV=0.991 is not evidence of a sparse decomposition yet.
step   5600  mse    3.869  L0   1121.7  EV  0.991  dead     0
WARNING step 5700: L0=1120.5 > d_model=768 -- reconstruction can be near-perfect from spanning coverage alone here; EV=0.991 is not evidence of a sparse decomposition yet.
step   5700  mse    3.800  L0   1120.5  EV  0.991  dead     0
WARNING step 5800: L0=1122.6 > d_model=768 -- reconstruction can be near-perfect from spanning coverage alone here; EV=0.992 is not evidence of a sparse decomposition yet.
step   5800  mse    3.762  L0   1122.6  EV  0.992  dead     0
WARNING step 5900: L0=1119.9 > d_model=768 -- reconstruction can be near-perfect from spanning coverage alone here; EV=0.992 is not evidence of a sparse decomposition yet.
step   5900  mse    3.755  L0   1119.9  EV  0.992  dead     0
WARNING step 6000: L0=1120.6 > d_model=768 -- reconstruction can be near-perfect from spanning coverage alone here; EV=0.992 is not evidence of a sparse decomposition yet.
step   6000  mse    3.791  L0   1120.6  EV  0.992  dead     0
WARNING step 6100: L0=1120.0 > d_model=768 -- reconstruction can be near-perfect from spanning coverage alone here; EV=0.992 is not evidence of a sparse decomposition yet.
step   6100  mse    3.765  L0   1120.0  EV  0.992  dead     0
WARNING step 6200: L0=1118.2 > d_model=768 -- reconstruction can be near-perfect from spanning coverage alone here; EV=0.992 is not evidence of a sparse decomposition yet.
step   6200  mse    3.657  L0   1118.2  EV  0.992  dead     0
WARNING step 6300: L0=1119.1 > d_model=768 -- reconstruction can be near-perfect from spanning coverage alone here; EV=0.992 is not evidence of a sparse decomposition yet.
step   6300  mse    3.662  L0   1119.1  EV  0.992  dead     0
WARNING step 6400: L0=1120.8 > d_model=768 -- reconstruction can be near-perfect from spanning coverage alone here; EV=0.992 is not evidence of a sparse decomposition yet.
step   6400  mse    3.642  L0   1120.8  EV  0.992  dead     0
WARNING step 6500: L0=1120.7 > d_model=768 -- reconstruction can be near-perfect from spanning coverage alone here; EV=0.992 is not evidence of a sparse decomposition yet.
step   6500  mse    3.707  L0   1120.7  EV  0.992  dead     0
WARNING step 6600: L0=1117.8 > d_model=768 -- reconstruction can be near-perfect from spanning coverage alone here; EV=0.992 is not evidence of a sparse decomposition yet.
step   6600  mse    3.634  L0   1117.8  EV  0.992  dead     0
WARNING step 6700: L0=1120.4 > d_model=768 -- reconstruction can be near-perfect from spanning coverage alone here; EV=0.992 is not evidence of a sparse decomposition yet.
step   6700  mse    3.704  L0   1120.4  EV  0.992  dead     0
WARNING step 6800: L0=1118.6 > d_model=768 -- reconstruction can be near-perfect from spanning coverage alone here; EV=0.992 is not evidence of a sparse decomposition yet.
step   6800  mse    3.585  L0   1118.6  EV  0.992  dead     0
WARNING step 6900: L0=1119.2 > d_model=768 -- reconstruction can be near-perfect from spanning coverage alone here; EV=0.992 is not evidence of a sparse decomposition yet.
step   6900  mse    3.575  L0   1119.2  EV  0.992  dead     0
WARNING step 7000: L0=1117.1 > d_model=768 -- reconstruction can be near-perfect from spanning coverage alone here; EV=0.992 is not evidence of a sparse decomposition yet.
step   7000  mse    3.635  L0   1117.1  EV  0.992  dead     0
WARNING step 7100: L0=1118.0 > d_model=768 -- reconstruction can be near-perfect from spanning coverage alone here; EV=0.992 is not evidence of a sparse decomposition yet.
step   7100  mse    3.641  L0   1118.0  EV  0.992  dead     0
WARNING step 7200: L0=1116.8 > d_model=768 -- reconstruction can be near-perfect from spanning coverage alone here; EV=0.992 is not evidence of a sparse decomposition yet.
step   7200  mse    3.543  L0   1116.8  EV  0.992  dead     0
WARNING step 7300: L0=1114.9 > d_model=768 -- reconstruction can be near-perfect from spanning coverage alone here; EV=0.992 is not evidence of a sparse decomposition yet.
step   7300  mse    3.516  L0   1114.9  EV  0.992  dead     0
WARNING step 7400: L0=1118.3 > d_model=768 -- reconstruction can be near-perfect from spanning coverage alone here; EV=0.992 is not evidence of a sparse decomposition yet.
step   7400  mse    3.613  L0   1118.3  EV  0.992  dead     0
WARNING step 7500: L0=1115.9 > d_model=768 -- reconstruction can be near-perfect from spanning coverage alone here; EV=0.992 is not evidence of a sparse decomposition yet.
step   7500  mse    3.532  L0   1115.9  EV  0.992  dead     0
WARNING step 7600: L0=1119.3 > d_model=768 -- reconstruction can be near-perfect from spanning coverage alone here; EV=0.992 is not evidence of a sparse decomposition yet.
step   7600  mse    3.548  L0   1119.3  EV  0.992  dead     0
WARNING step 7700: L0=1115.4 > d_model=768 -- reconstruction can be near-perfect from spanning coverage alone here; EV=0.992 is not evidence of a sparse decomposition yet.
step   7700  mse    3.471  L0   1115.4  EV  0.992  dead     0
WARNING step 7800: L0=1117.4 > d_model=768 -- reconstruction can be near-perfect from spanning coverage alone here; EV=0.992 is not evidence of a sparse decomposition yet.
step   7800  mse    3.499  L0   1117.4  EV  0.992  dead     0
WARNING step 7900: L0=1116.7 > d_model=768 -- reconstruction can be near-perfect from spanning coverage alone here; EV=0.992 is not evidence of a sparse decomposition yet.
step   7900  mse    3.555  L0   1116.7  EV  0.992  dead     0
WARNING step 8000: L0=1117.3 > d_model=768 -- reconstruction can be near-perfect from spanning coverage alone here; EV=0.992 is not evidence of a sparse decomposition yet.
step   8000  mse    3.472  L0   1117.3  EV  0.992  dead     0
WARNING step 8100: L0=1116.5 > d_model=768 -- reconstruction can be near-perfect from spanning coverage alone here; EV=0.992 is not evidence of a sparse decomposition yet.
step   8100  mse    3.451  L0   1116.5  EV  0.992  dead     0
WARNING step 8200: L0=1118.4 > d_model=768 -- reconstruction can be near-perfect from spanning coverage alone here; EV=0.992 is not evidence of a sparse decomposition yet.
step   8200  mse    3.427  L0   1118.4  EV  0.992  dead     0
WARNING step 8300: L0=1117.7 > d_model=768 -- reconstruction can be near-perfect from spanning coverage alone here; EV=0.992 is not evidence of a sparse decomposition yet.
step   8300  mse    3.429  L0   1117.7  EV  0.992  dead     0
WARNING step 8400: L0=1117.1 > d_model=768 -- reconstruction can be near-perfect from spanning coverage alone here; EV=0.992 is not evidence of a sparse decomposition yet.
step   8400  mse    3.439  L0   1117.1  EV  0.992  dead     0
WARNING step 8500: L0=1115.7 > d_model=768 -- reconstruction can be near-perfect from spanning coverage alone here; EV=0.992 is not evidence of a sparse decomposition yet.
step   8500  mse    3.492  L0   1115.7  EV  0.992  dead     0
WARNING step 8600: L0=1116.1 > d_model=768 -- reconstruction can be near-perfect from spanning coverage alone here; EV=0.992 is not evidence of a sparse decomposition yet.
step   8600  mse    3.401  L0   1116.1  EV  0.992  dead     0
WARNING step 8700: L0=1117.6 > d_model=768 -- reconstruction can be near-perfect from spanning coverage alone here; EV=0.992 is not evidence of a sparse decomposition yet.
step   8700  mse    3.393  L0   1117.6  EV  0.992  dead     0
WARNING step 8800: L0=1118.6 > d_model=768 -- reconstruction can be near-perfect from spanning coverage alone here; EV=0.992 is not evidence of a sparse decomposition yet.
step   8800  mse    3.451  L0   1118.6  EV  0.992  dead     0
WARNING step 8900: L0=1116.1 > d_model=768 -- reconstruction can be near-perfect from spanning coverage alone here; EV=0.992 is not evidence of a sparse decomposition yet.
step   8900  mse    3.380  L0   1116.1  EV  0.992  dead     0
WARNING step 9000: L0=1117.1 > d_model=768 -- reconstruction can be near-perfect from spanning coverage alone here; EV=0.992 is not evidence of a sparse decomposition yet.
step   9000  mse    3.374  L0   1117.1  EV  0.992  dead     0
WARNING step 9100: L0=1119.3 > d_model=768 -- reconstruction can be near-perfect from spanning coverage alone here; EV=0.992 is not evidence of a sparse decomposition yet.
step   9100  mse    3.360  L0   1119.3  EV  0.992  dead     0
WARNING step 9200: L0=1117.2 > d_model=768 -- reconstruction can be near-perfect from spanning coverage alone here; EV=0.992 is not evidence of a sparse decomposition yet.
step   9200  mse    3.359  L0   1117.2  EV  0.992  dead     0
WARNING step 9300: L0=1118.8 > d_model=768 -- reconstruction can be near-perfect from spanning coverage alone here; EV=0.993 is not evidence of a sparse decomposition yet.
step   9300  mse    3.329  L0   1118.8  EV  0.993  dead     0
WARNING step 9400: L0=1119.7 > d_model=768 -- reconstruction can be near-perfect from spanning coverage alone here; EV=0.992 is not evidence of a sparse decomposition yet.
step   9400  mse    3.379  L0   1119.7  EV  0.992  dead     0
WARNING step 9500: L0=1117.0 > d_model=768 -- reconstruction can be near-perfect from spanning coverage alone here; EV=0.993 is not evidence of a sparse decomposition yet.
step   9500  mse    3.361  L0   1117.0  EV  0.993  dead     0
WARNING step 9600: L0=1121.7 > d_model=768 -- reconstruction can be near-perfect from spanning coverage alone here; EV=0.993 is not evidence of a sparse decomposition yet.
step   9600  mse    3.338  L0   1121.7  EV  0.993  dead     0
WARNING step 9700: L0=1118.2 > d_model=768 -- reconstruction can be near-perfect from spanning coverage alone here; EV=0.993 is not evidence of a sparse decomposition yet.
step   9700  mse    3.345  L0   1118.2  EV  0.993  dead     0
WARNING step 9800: L0=1119.4 > d_model=768 -- reconstruction can be near-perfect from spanning coverage alone here; EV=0.993 is not evidence of a sparse decomposition yet.
step   9800  mse    3.297  L0   1119.4  EV  0.993  dead     0
WARNING step 9900: L0=1121.2 > d_model=768 -- reconstruction can be near-perfect from spanning coverage alone here; EV=0.993 is not evidence of a sparse decomposition yet.
step   9900  mse    3.328  L0   1121.2  EV  0.993  dead     0
WARNING step 10000: L0=1120.3 > d_model=768 -- reconstruction can be near-perfect from spanning coverage alone here; EV=0.992 is not evidence of a sparse decomposition yet.
step  10000  mse    3.396  L0   1120.3  EV  0.992  dead     0
WARNING step 10100: L0=1120.6 > d_model=768 -- reconstruction can be near-perfect from spanning coverage alone here; EV=0.993 is not evidence of a sparse decomposition yet.
step  10100  mse    3.297  L0   1120.6  EV  0.993  dead     0
WARNING step 10200: L0=1124.1 > d_model=768 -- reconstruction can be near-perfect from spanning coverage alone here; EV=0.993 is not evidence of a sparse decomposition yet.
step  10200  mse    3.326  L0   1124.1  EV  0.993  dead     0
WARNING step 10300: L0=1124.1 > d_model=768 -- reconstruction can be near-perfect from spanning coverage alone here; EV=0.993 is not evidence of a sparse decomposition yet.
step  10300  mse    3.302  L0   1124.1  EV  0.993  dead     0
WARNING step 10400: L0=1124.7 > d_model=768 -- reconstruction can be near-perfect from spanning coverage alone here; EV=0.993 is not evidence of a sparse decomposition yet.
step  10400  mse    3.322  L0   1124.7  EV  0.993  dead     0
WARNING step 10500: L0=1124.1 > d_model=768 -- reconstruction can be near-perfect from spanning coverage alone here; EV=0.993 is not evidence of a sparse decomposition yet.
step  10500  mse    3.276  L0   1124.1  EV  0.993  dead     0
WARNING step 10600: L0=1122.7 > d_model=768 -- reconstruction can be near-perfect from spanning coverage alone here; EV=0.993 is not evidence of a sparse decomposition yet.
step  10600  mse    3.297  L0   1122.7  EV  0.993  dead     0
WARNING step 10700: L0=1128.8 > d_model=768 -- reconstruction can be near-perfect from spanning coverage alone here; EV=0.993 is not evidence of a sparse decomposition yet.
step  10700  mse    3.291  L0   1128.8  EV  0.993  dead     0
WARNING step 10800: L0=1132.0 > d_model=768 -- reconstruction can be near-perfect from spanning coverage alone here; EV=0.993 is not evidence of a sparse decomposition yet.
step  10800  mse    3.285  L0   1132.0  EV  0.993  dead     0
WARNING step 10900: L0=1131.7 > d_model=768 -- reconstruction can be near-perfect from spanning coverage alone here; EV=0.993 is not evidence of a sparse decomposition yet.
step  10900  mse    3.307  L0   1131.7  EV  0.993  dead     0
WARNING step 11000: L0=1135.2 > d_model=768 -- reconstruction can be near-perfect from spanning coverage alone here; EV=0.993 is not evidence of a sparse decomposition yet.
step  11000  mse    3.275  L0   1135.2  EV  0.993  dead     0
WARNING step 11100: L0=1136.5 > d_model=768 -- reconstruction can be near-perfect from spanning coverage alone here; EV=0.993 is not evidence of a sparse decomposition yet.
step  11100  mse    3.274  L0   1136.5  EV  0.993  dead     0
WARNING step 11200: L0=1139.7 > d_model=768 -- reconstruction can be near-perfect from spanning coverage alone here; EV=0.993 is not evidence of a sparse decomposition yet.
step  11200  mse    3.249  L0   1139.7  EV  0.993  dead     0
WARNING step 11300: L0=1142.8 > d_model=768 -- reconstruction can be near-perfect from spanning coverage alone here; EV=0.993 is not evidence of a sparse decomposition yet.
step  11300  mse    3.255  L0   1142.8  EV  0.993  dead     0
WARNING step 11400: L0=1146.4 > d_model=768 -- reconstruction can be near-perfect from spanning coverage alone here; EV=0.993 is not evidence of a sparse decomposition yet.
step  11400  mse    3.261  L0   1146.4  EV  0.993  dead     0
WARNING step 11500: L0=1148.4 > d_model=768 -- reconstruction can be near-perfect from spanning coverage alone here; EV=0.993 is not evidence of a sparse decomposition yet.
step  11500  mse    3.231  L0   1148.4  EV  0.993  dead     0
WARNING step 11600: L0=1154.1 > d_model=768 -- reconstruction can be near-perfect from spanning coverage alone here; EV=0.993 is not evidence of a sparse decomposition yet.
step  11600  mse    3.225  L0   1154.1  EV  0.993  dead     0
WARNING step 11700: L0=1163.3 > d_model=768 -- reconstruction can be near-perfect from spanning coverage alone here; EV=0.993 is not evidence of a sparse decomposition yet.
step  11700  mse    3.219  L0   1163.3  EV  0.993  dead     0
WARNING step 11800: L0=1168.1 > d_model=768 -- reconstruction can be near-perfect from spanning coverage alone here; EV=0.993 is not evidence of a sparse decomposition yet.
step  11800  mse    3.241  L0   1168.1  EV  0.993  dead     0
WARNING step 11900: L0=1176.5 > d_model=768 -- reconstruction can be near-perfect from spanning coverage alone here; EV=0.993 is not evidence of a sparse decomposition yet.
step  11900  mse    3.285  L0   1176.5  EV  0.993  dead     0
WARNING step 12000: L0=1185.5 > d_model=768 -- reconstruction can be near-perfect from spanning coverage alone here; EV=0.993 is not evidence of a sparse decomposition yet.
step  12000  mse    3.308  L0   1185.5  EV  0.993  dead     0
WARNING step 12100: L0=1193.6 > d_model=768 -- reconstruction can be near-perfect from spanning coverage alone here; EV=0.993 is not evidence of a sparse decomposition yet.
step  12100  mse    3.281  L0   1193.6  EV  0.993  dead     0
WARNING step 12200: L0=1201.2 > d_model=768 -- reconstruction can be near-perfect from spanning coverage alone here; EV=0.993 is not evidence of a sparse decomposition yet.
step  12200  mse    3.225  L0   1201.2  EV  0.993  dead     0
WARNING step 12300: L0=1213.9 > d_model=768 -- reconstruction can be near-perfect from spanning coverage alone here; EV=0.993 is not evidence of a sparse decomposition yet.
step  12300  mse    3.325  L0   1213.9  EV  0.993  dead     0
WARNING step 12400: L0=1221.0 > d_model=768 -- reconstruction can be near-perfect from spanning coverage alone here; EV=0.993 is not evidence of a sparse decomposition yet.
step  12400  mse    3.263  L0   1221.0  EV  0.993  dead     0
WARNING step 12500: L0=1234.0 > d_model=768 -- reconstruction can be near-perfect from spanning coverage alone here; EV=0.993 is not evidence of a sparse decomposition yet.
step  12500  mse    3.246  L0   1234.0  EV  0.993  dead     0
WARNING step 12600: L0=1246.4 > d_model=768 -- reconstruction can be near-perfect from spanning coverage alone here; EV=0.993 is not evidence of a sparse decomposition yet.
step  12600  mse    3.257  L0   1246.4  EV  0.993  dead     0
WARNING step 12700: L0=1263.1 > d_model=768 -- reconstruction can be near-perfect from spanning coverage alone here; EV=0.993 is not evidence of a sparse decomposition yet.
step  12700  mse    3.255  L0   1263.1  EV  0.993  dead     0
WARNING step 12800: L0=1267.8 > d_model=768 -- reconstruction can be near-perfect from spanning coverage alone here; EV=0.993 is not evidence of a sparse decomposition yet.
step  12800  mse    3.217  L0   1267.8  EV  0.993  dead     0
WARNING step 12900: L0=1288.0 > d_model=768 -- reconstruction can be near-perfect from spanning coverage alone here; EV=0.993 is not evidence of a sparse decomposition yet.
step  12900  mse    3.286  L0   1288.0  EV  0.993  dead     0
WARNING step 13000: L0=1298.1 > d_model=768 -- reconstruction can be near-perfect from spanning coverage alone here; EV=0.993 is not evidence of a sparse decomposition yet.
step  13000  mse    3.262  L0   1298.1  EV  0.993  dead     0
WARNING step 13100: L0=1311.7 > d_model=768 -- reconstruction can be near-perfect from spanning coverage alone here; EV=0.993 is not evidence of a sparse decomposition yet.
step  13100  mse    3.268  L0   1311.7  EV  0.993  dead     0
WARNING step 13200: L0=1327.4 > d_model=768 -- reconstruction can be near-perfect from spanning coverage alone here; EV=0.993 is not evidence of a sparse decomposition yet.
step  13200  mse    3.268  L0   1327.4  EV  0.993  dead     0
WARNING step 13300: L0=1339.4 > d_model=768 -- reconstruction can be near-perfect from spanning coverage alone here; EV=0.993 is not evidence of a sparse decomposition yet.
step  13300  mse    3.237  L0   1339.4  EV  0.993  dead     0
WARNING step 13400: L0=1357.7 > d_model=768 -- reconstruction can be near-perfect from spanning coverage alone here; EV=0.993 is not evidence of a sparse decomposition yet.
step  13400  mse    3.262  L0   1357.7  EV  0.993  dead     0
WARNING step 13500: L0=1377.4 > d_model=768 -- reconstruction can be near-perfect from spanning coverage alone here; EV=0.993 is not evidence of a sparse decomposition yet.
step  13500  mse    3.248  L0   1377.4  EV  0.993  dead     0
WARNING step 13600: L0=1397.2 > d_model=768 -- reconstruction can be near-perfect from spanning coverage alone here; EV=0.993 is not evidence of a sparse decomposition yet.
step  13600  mse    3.292  L0   1397.2  EV  0.993  dead     0
WARNING step 13700: L0=1411.7 > d_model=768 -- reconstruction can be near-perfect from spanning coverage alone here; EV=0.993 is not evidence of a sparse decomposition yet.
step  13700  mse    3.236  L0   1411.7  EV  0.993  dead     0
WARNING step 13800: L0=1431.6 > d_model=768 -- reconstruction can be near-perfect from spanning coverage alone here; EV=0.993 is not evidence of a sparse decomposition yet.
step  13800  mse    3.256  L0   1431.6  EV  0.993  dead     0
WARNING step 13900: L0=1451.5 > d_model=768 -- reconstruction can be near-perfect from spanning coverage alone here; EV=0.993 is not evidence of a sparse decomposition yet.
step  13900  mse    3.197  L0   1451.5  EV  0.993  dead     0
WARNING step 14000: L0=1472.9 > d_model=768 -- reconstruction can be near-perfect from spanning coverage alone here; EV=0.993 is not evidence of a sparse decomposition yet.
step  14000  mse    3.246  L0   1472.9  EV  0.993  dead     0
WARNING step 14100: L0=1495.7 > d_model=768 -- reconstruction can be near-perfect from spanning coverage alone here; EV=0.993 is not evidence of a sparse decomposition yet.
step  14100  mse    3.233  L0   1495.7  EV  0.993  dead     0
WARNING step 14200: L0=1522.0 > d_model=768 -- reconstruction can be near-perfect from spanning coverage alone here; EV=0.993 is not evidence of a sparse decomposition yet.
step  14200  mse    3.267  L0   1522.0  EV  0.993  dead     0
WARNING step 14300: L0=1532.4 > d_model=768 -- reconstruction can be near-perfect from spanning coverage alone here; EV=0.993 is not evidence of a sparse decomposition yet.
step  14300  mse    3.200  L0   1532.4  EV  0.993  dead     0
WARNING step 14400: L0=1561.4 > d_model=768 -- reconstruction can be near-perfect from spanning coverage alone here; EV=0.993 is not evidence of a sparse decomposition yet.
step  14400  mse    3.244  L0   1561.4  EV  0.993  dead     0
WARNING step 14500: L0=1586.5 > d_model=768 -- reconstruction can be near-perfect from spanning coverage alone here; EV=0.993 is not evidence of a sparse decomposition yet.
step  14500  mse    3.274  L0   1586.5  EV  0.993  dead     0
WARNING step 14600: L0=1621.4 > d_model=768 -- reconstruction can be near-perfect from spanning coverage alone here; EV=0.993 is not evidence of a sparse decomposition yet.
step  14600  mse    3.268  L0   1621.4  EV  0.993  dead     0
WARNING step 14700: L0=1638.1 > d_model=768 -- reconstruction can be near-perfect from spanning coverage alone here; EV=0.993 is not evidence of a sparse decomposition yet.
step  14700  mse    3.192  L0   1638.1  EV  0.993  dead     0
WARNING step 14800: L0=1660.5 > d_model=768 -- reconstruction can be near-perfect from spanning coverage alone here; EV=0.993 is not evidence of a sparse decomposition yet.
step  14800  mse    3.256  L0   1660.5  EV  0.993  dead     0
WARNING step 14900: L0=1690.8 > d_model=768 -- reconstruction can be near-perfect from spanning coverage alone here; EV=0.993 is not evidence of a sparse decomposition yet.
step  14900  mse    3.218  L0   1690.8  EV  0.993  dead     0
WARNING step 14999: L0=1701.2 > d_model=768 -- reconstruction can be near-perfect from spanning coverage alone here; EV=0.993 is not evidence of a sparse decomposition yet.
step  14999  mse    3.132  L0   1701.2  EV  0.993  dead     0

saved -> C:\Projects\sae-feature-reproducibility\checkpoints\full\sweep_l1_0.02538  (1069s)
--> L0=1601.0  EV=0.9928  dead=0  (17.9 min)

=== sweep 6/6  l1_coeff=0.03  run=sweep_l1_0.03 ===
run=sweep_l1_0.03  device=cuda
seed=0  data_seed=0  (pinned)
rows=12,700,000  d_sae=12288  steps=15,000  epochs=4.8
l1_coeff=0.03  norm_scale=0.268445 (from manifest)
decoder grad projection: ON
WARNING step 0: L0=6142.2 > d_model=768 -- reconstruction can be near-perfect from spanning coverage alone here; EV=-56.059 is not evidence of a sparse decomposition yet.
step      0  mse 25519.936  L0   6142.2  EV -56.059  dead     0
throughput (first 100 steps): 100,766 samples/s -> ~10.2 min projected
WARNING step 100: L0=2996.4 > d_model=768 -- reconstruction can be near-perfect from spanning coverage alone here; EV=-1.734 is not evidence of a sparse decomposition yet.
step    100  mse 1226.007  L0   2996.4  EV -1.734  dead     0
WARNING step 200: L0=2341.9 > d_model=768 -- reconstruction can be near-perfect from spanning coverage alone here; EV=-0.173 is not evidence of a sparse decomposition yet.
step    200  mse  523.429  L0   2341.9  EV -0.173  dead     0
WARNING step 300: L0=2217.6 > d_model=768 -- reconstruction can be near-perfect from spanning coverage alone here; EV=0.150 is not evidence of a sparse decomposition yet.
step    300  mse  381.273  L0   2217.6  EV  0.150  dead     0
WARNING step 400: L0=2074.1 > d_model=768 -- reconstruction can be near-perfect from spanning coverage alone here; EV=0.399 is not evidence of a sparse decomposition yet.
step    400  mse  270.349  L0   2074.1  EV  0.399  dead     0
WARNING step 500: L0=2218.6 > d_model=768 -- reconstruction can be near-perfect from spanning coverage alone here; EV=0.458 is not evidence of a sparse decomposition yet.
step    500  mse  241.622  L0   2218.6  EV  0.458  dead     0
WARNING step 600: L0=2198.1 > d_model=768 -- reconstruction can be near-perfect from spanning coverage alone here; EV=0.569 is not evidence of a sparse decomposition yet.
step    600  mse  193.491  L0   2198.1  EV  0.569  dead     0
WARNING step 700: L0=2229.0 > d_model=768 -- reconstruction can be near-perfect from spanning coverage alone here; EV=0.630 is not evidence of a sparse decomposition yet.
step    700  mse  165.923  L0   2229.0  EV  0.630  dead     0
WARNING step 800: L0=2207.6 > d_model=768 -- reconstruction can be near-perfect from spanning coverage alone here; EV=0.711 is not evidence of a sparse decomposition yet.
step    800  mse  129.339  L0   2207.6  EV  0.711  dead     0
WARNING step 900: L0=2237.8 > d_model=768 -- reconstruction can be near-perfect from spanning coverage alone here; EV=0.753 is not evidence of a sparse decomposition yet.
step    900  mse  110.015  L0   2237.8  EV  0.753  dead     0
WARNING step 1000: L0=2082.9 > d_model=768 -- reconstruction can be near-perfect from spanning coverage alone here; EV=0.798 is not evidence of a sparse decomposition yet.
step   1000  mse   90.063  L0   2082.9  EV  0.798  dead     0
WARNING step 1100: L0=2335.0 > d_model=768 -- reconstruction can be near-perfect from spanning coverage alone here; EV=0.824 is not evidence of a sparse decomposition yet.
step   1100  mse   78.804  L0   2335.0  EV  0.824  dead     0
WARNING step 1200: L0=2165.3 > d_model=768 -- reconstruction can be near-perfect from spanning coverage alone here; EV=0.863 is not evidence of a sparse decomposition yet.
step   1200  mse   61.298  L0   2165.3  EV  0.863  dead     0
WARNING step 1300: L0=2093.8 > d_model=768 -- reconstruction can be near-perfect from spanning coverage alone here; EV=0.896 is not evidence of a sparse decomposition yet.
step   1300  mse   46.667  L0   2093.8  EV  0.896  dead     0
WARNING step 1400: L0=1943.1 > d_model=768 -- reconstruction can be near-perfect from spanning coverage alone here; EV=0.916 is not evidence of a sparse decomposition yet.
step   1400  mse   37.397  L0   1943.1  EV  0.916  dead     0
WARNING step 1500: L0=1673.7 > d_model=768 -- reconstruction can be near-perfect from spanning coverage alone here; EV=0.941 is not evidence of a sparse decomposition yet.
step   1500  mse   26.340  L0   1673.7  EV  0.941  dead     0
WARNING step 1600: L0=1465.7 > d_model=768 -- reconstruction can be near-perfect from spanning coverage alone here; EV=0.955 is not evidence of a sparse decomposition yet.
step   1600  mse   20.061  L0   1465.7  EV  0.955  dead     0
WARNING step 1700: L0=1378.0 > d_model=768 -- reconstruction can be near-perfect from spanning coverage alone here; EV=0.964 is not evidence of a sparse decomposition yet.
step   1700  mse   16.317  L0   1378.0  EV  0.964  dead     0
WARNING step 1800: L0=1324.6 > d_model=768 -- reconstruction can be near-perfect from spanning coverage alone here; EV=0.970 is not evidence of a sparse decomposition yet.
step   1800  mse   13.532  L0   1324.6  EV  0.970  dead     0
WARNING step 1900: L0=1300.7 > d_model=768 -- reconstruction can be near-perfect from spanning coverage alone here; EV=0.975 is not evidence of a sparse decomposition yet.
step   1900  mse   11.258  L0   1300.7  EV  0.975  dead     0
WARNING step 2000: L0=1272.3 > d_model=768 -- reconstruction can be near-perfect from spanning coverage alone here; EV=0.978 is not evidence of a sparse decomposition yet.
step   2000  mse    9.787  L0   1272.3  EV  0.978  dead     0
WARNING step 2100: L0=1257.3 > d_model=768 -- reconstruction can be near-perfect from spanning coverage alone here; EV=0.980 is not evidence of a sparse decomposition yet.
step   2100  mse    8.898  L0   1257.3  EV  0.980  dead     0
WARNING step 2200: L0=1236.4 > d_model=768 -- reconstruction can be near-perfect from spanning coverage alone here; EV=0.982 is not evidence of a sparse decomposition yet.
step   2200  mse    8.129  L0   1236.4  EV  0.982  dead     0
WARNING step 2300: L0=1219.9 > d_model=768 -- reconstruction can be near-perfect from spanning coverage alone here; EV=0.984 is not evidence of a sparse decomposition yet.
step   2300  mse    7.277  L0   1219.9  EV  0.984  dead     0
WARNING step 2400: L0=1207.3 > d_model=768 -- reconstruction can be near-perfect from spanning coverage alone here; EV=0.985 is not evidence of a sparse decomposition yet.
step   2400  mse    6.898  L0   1207.3  EV  0.985  dead     0
WARNING step 2500: L0=1193.9 > d_model=768 -- reconstruction can be near-perfect from spanning coverage alone here; EV=0.986 is not evidence of a sparse decomposition yet.
step   2500  mse    6.429  L0   1193.9  EV  0.986  dead     0
WARNING step 2600: L0=1185.8 > d_model=768 -- reconstruction can be near-perfect from spanning coverage alone here; EV=0.986 is not evidence of a sparse decomposition yet.
step   2600  mse    6.159  L0   1185.8  EV  0.986  dead     0
WARNING step 2700: L0=1181.4 > d_model=768 -- reconstruction can be near-perfect from spanning coverage alone here; EV=0.987 is not evidence of a sparse decomposition yet.
step   2700  mse    6.043  L0   1181.4  EV  0.987  dead     0
WARNING step 2800: L0=1174.1 > d_model=768 -- reconstruction can be near-perfect from spanning coverage alone here; EV=0.987 is not evidence of a sparse decomposition yet.
step   2800  mse    5.873  L0   1174.1  EV  0.987  dead     0
WARNING step 2900: L0=1171.3 > d_model=768 -- reconstruction can be near-perfect from spanning coverage alone here; EV=0.987 is not evidence of a sparse decomposition yet.
step   2900  mse    5.637  L0   1171.3  EV  0.987  dead     0
WARNING step 3000: L0=1166.5 > d_model=768 -- reconstruction can be near-perfect from spanning coverage alone here; EV=0.988 is not evidence of a sparse decomposition yet.
step   3000  mse    5.568  L0   1166.5  EV  0.988  dead     0
WARNING step 3100: L0=1163.0 > d_model=768 -- reconstruction can be near-perfect from spanning coverage alone here; EV=0.987 is not evidence of a sparse decomposition yet.
step   3100  mse    5.580  L0   1163.0  EV  0.987  dead     0
WARNING step 3200: L0=1160.1 > d_model=768 -- reconstruction can be near-perfect from spanning coverage alone here; EV=0.988 is not evidence of a sparse decomposition yet.
step   3200  mse    5.357  L0   1160.1  EV  0.988  dead     0
WARNING step 3300: L0=1157.3 > d_model=768 -- reconstruction can be near-perfect from spanning coverage alone here; EV=0.988 is not evidence of a sparse decomposition yet.
step   3300  mse    5.260  L0   1157.3  EV  0.988  dead     0
WARNING step 3400: L0=1153.8 > d_model=768 -- reconstruction can be near-perfect from spanning coverage alone here; EV=0.988 is not evidence of a sparse decomposition yet.
step   3400  mse    5.200  L0   1153.8  EV  0.988  dead     0
WARNING step 3500: L0=1153.2 > d_model=768 -- reconstruction can be near-perfect from spanning coverage alone here; EV=0.989 is not evidence of a sparse decomposition yet.
step   3500  mse    5.147  L0   1153.2  EV  0.989  dead     0
WARNING step 3600: L0=1151.0 > d_model=768 -- reconstruction can be near-perfect from spanning coverage alone here; EV=0.989 is not evidence of a sparse decomposition yet.
step   3600  mse    4.973  L0   1151.0  EV  0.989  dead     0
WARNING step 3700: L0=1149.4 > d_model=768 -- reconstruction can be near-perfect from spanning coverage alone here; EV=0.988 is not evidence of a sparse decomposition yet.
step   3700  mse    5.166  L0   1149.4  EV  0.988  dead     0
WARNING step 3800: L0=1150.2 > d_model=768 -- reconstruction can be near-perfect from spanning coverage alone here; EV=0.989 is not evidence of a sparse decomposition yet.
step   3800  mse    4.953  L0   1150.2  EV  0.989  dead     0
WARNING step 3900: L0=1145.8 > d_model=768 -- reconstruction can be near-perfect from spanning coverage alone here; EV=0.989 is not evidence of a sparse decomposition yet.
step   3900  mse    4.996  L0   1145.8  EV  0.989  dead     0
WARNING step 4000: L0=1145.5 > d_model=768 -- reconstruction can be near-perfect from spanning coverage alone here; EV=0.989 is not evidence of a sparse decomposition yet.
step   4000  mse    4.937  L0   1145.5  EV  0.989  dead     0
WARNING step 4100: L0=1145.1 > d_model=768 -- reconstruction can be near-perfect from spanning coverage alone here; EV=0.989 is not evidence of a sparse decomposition yet.
step   4100  mse    4.891  L0   1145.1  EV  0.989  dead     0
WARNING step 4200: L0=1141.8 > d_model=768 -- reconstruction can be near-perfect from spanning coverage alone here; EV=0.989 is not evidence of a sparse decomposition yet.
step   4200  mse    4.832  L0   1141.8  EV  0.989  dead     0
WARNING step 4300: L0=1144.1 > d_model=768 -- reconstruction can be near-perfect from spanning coverage alone here; EV=0.989 is not evidence of a sparse decomposition yet.
step   4300  mse    4.755  L0   1144.1  EV  0.989  dead     0
WARNING step 4400: L0=1138.4 > d_model=768 -- reconstruction can be near-perfect from spanning coverage alone here; EV=0.990 is not evidence of a sparse decomposition yet.
step   4400  mse    4.709  L0   1138.4  EV  0.990  dead     0
WARNING step 4500: L0=1142.9 > d_model=768 -- reconstruction can be near-perfect from spanning coverage alone here; EV=0.990 is not evidence of a sparse decomposition yet.
step   4500  mse    4.682  L0   1142.9  EV  0.990  dead     0
WARNING step 4600: L0=1140.7 > d_model=768 -- reconstruction can be near-perfect from spanning coverage alone here; EV=0.990 is not evidence of a sparse decomposition yet.
step   4600  mse    4.685  L0   1140.7  EV  0.990  dead     0
WARNING step 4700: L0=1140.3 > d_model=768 -- reconstruction can be near-perfect from spanning coverage alone here; EV=0.990 is not evidence of a sparse decomposition yet.
step   4700  mse    4.708  L0   1140.3  EV  0.990  dead     0
WARNING step 4800: L0=1137.1 > d_model=768 -- reconstruction can be near-perfect from spanning coverage alone here; EV=0.990 is not evidence of a sparse decomposition yet.
step   4800  mse    4.615  L0   1137.1  EV  0.990  dead     0
WARNING step 4900: L0=1134.3 > d_model=768 -- reconstruction can be near-perfect from spanning coverage alone here; EV=0.990 is not evidence of a sparse decomposition yet.
step   4900  mse    4.638  L0   1134.3  EV  0.990  dead     0
WARNING step 5000: L0=1137.0 > d_model=768 -- reconstruction can be near-perfect from spanning coverage alone here; EV=0.990 is not evidence of a sparse decomposition yet.
step   5000  mse    4.613  L0   1137.0  EV  0.990  dead     0
WARNING step 5100: L0=1136.0 > d_model=768 -- reconstruction can be near-perfect from spanning coverage alone here; EV=0.990 is not evidence of a sparse decomposition yet.
step   5100  mse    4.632  L0   1136.0  EV  0.990  dead     0
WARNING step 5200: L0=1134.2 > d_model=768 -- reconstruction can be near-perfect from spanning coverage alone here; EV=0.990 is not evidence of a sparse decomposition yet.
step   5200  mse    4.586  L0   1134.2  EV  0.990  dead     0
WARNING step 5300: L0=1136.4 > d_model=768 -- reconstruction can be near-perfect from spanning coverage alone here; EV=0.990 is not evidence of a sparse decomposition yet.
step   5300  mse    4.482  L0   1136.4  EV  0.990  dead     0
WARNING step 5400: L0=1135.8 > d_model=768 -- reconstruction can be near-perfect from spanning coverage alone here; EV=0.990 is not evidence of a sparse decomposition yet.
step   5400  mse    4.538  L0   1135.8  EV  0.990  dead     0
WARNING step 5500: L0=1131.9 > d_model=768 -- reconstruction can be near-perfect from spanning coverage alone here; EV=0.990 is not evidence of a sparse decomposition yet.
step   5500  mse    4.449  L0   1131.9  EV  0.990  dead     0
WARNING step 5600: L0=1132.5 > d_model=768 -- reconstruction can be near-perfect from spanning coverage alone here; EV=0.990 is not evidence of a sparse decomposition yet.
step   5600  mse    4.583  L0   1132.5  EV  0.990  dead     0
WARNING step 5700: L0=1131.3 > d_model=768 -- reconstruction can be near-perfect from spanning coverage alone here; EV=0.990 is not evidence of a sparse decomposition yet.
step   5700  mse    4.503  L0   1131.3  EV  0.990  dead     0
WARNING step 5800: L0=1133.4 > d_model=768 -- reconstruction can be near-perfect from spanning coverage alone here; EV=0.990 is not evidence of a sparse decomposition yet.
step   5800  mse    4.464  L0   1133.4  EV  0.990  dead     0
WARNING step 5900: L0=1130.7 > d_model=768 -- reconstruction can be near-perfect from spanning coverage alone here; EV=0.990 is not evidence of a sparse decomposition yet.
step   5900  mse    4.444  L0   1130.7  EV  0.990  dead     0
WARNING step 6000: L0=1131.6 > d_model=768 -- reconstruction can be near-perfect from spanning coverage alone here; EV=0.990 is not evidence of a sparse decomposition yet.
step   6000  mse    4.487  L0   1131.6  EV  0.990  dead     0
WARNING step 6100: L0=1131.0 > d_model=768 -- reconstruction can be near-perfect from spanning coverage alone here; EV=0.990 is not evidence of a sparse decomposition yet.
step   6100  mse    4.450  L0   1131.0  EV  0.990  dead     0
WARNING step 6200: L0=1128.5 > d_model=768 -- reconstruction can be near-perfect from spanning coverage alone here; EV=0.990 is not evidence of a sparse decomposition yet.
step   6200  mse    4.336  L0   1128.5  EV  0.990  dead     0
WARNING step 6300: L0=1129.4 > d_model=768 -- reconstruction can be near-perfect from spanning coverage alone here; EV=0.990 is not evidence of a sparse decomposition yet.
step   6300  mse    4.344  L0   1129.4  EV  0.990  dead     0
WARNING step 6400: L0=1131.2 > d_model=768 -- reconstruction can be near-perfect from spanning coverage alone here; EV=0.990 is not evidence of a sparse decomposition yet.
step   6400  mse    4.326  L0   1131.2  EV  0.990  dead     0
WARNING step 6500: L0=1131.6 > d_model=768 -- reconstruction can be near-perfect from spanning coverage alone here; EV=0.990 is not evidence of a sparse decomposition yet.
step   6500  mse    4.388  L0   1131.6  EV  0.990  dead     0
WARNING step 6600: L0=1128.0 > d_model=768 -- reconstruction can be near-perfect from spanning coverage alone here; EV=0.990 is not evidence of a sparse decomposition yet.
step   6600  mse    4.310  L0   1128.0  EV  0.990  dead     0
WARNING step 6700: L0=1132.0 > d_model=768 -- reconstruction can be near-perfect from spanning coverage alone here; EV=0.990 is not evidence of a sparse decomposition yet.
step   6700  mse    4.382  L0   1132.0  EV  0.990  dead     0
WARNING step 6800: L0=1129.3 > d_model=768 -- reconstruction can be near-perfect from spanning coverage alone here; EV=0.991 is not evidence of a sparse decomposition yet.
step   6800  mse    4.248  L0   1129.3  EV  0.991  dead     0
WARNING step 6900: L0=1129.9 > d_model=768 -- reconstruction can be near-perfect from spanning coverage alone here; EV=0.991 is not evidence of a sparse decomposition yet.
step   6900  mse    4.241  L0   1129.9  EV  0.991  dead     0
WARNING step 7000: L0=1127.9 > d_model=768 -- reconstruction can be near-perfect from spanning coverage alone here; EV=0.990 is not evidence of a sparse decomposition yet.
step   7000  mse    4.307  L0   1127.9  EV  0.990  dead     0
WARNING step 7100: L0=1129.3 > d_model=768 -- reconstruction can be near-perfect from spanning coverage alone here; EV=0.990 is not evidence of a sparse decomposition yet.
step   7100  mse    4.313  L0   1129.3  EV  0.990  dead     0
WARNING step 7200: L0=1128.1 > d_model=768 -- reconstruction can be near-perfect from spanning coverage alone here; EV=0.991 is not evidence of a sparse decomposition yet.
step   7200  mse    4.207  L0   1128.1  EV  0.991  dead     0
WARNING step 7300: L0=1125.6 > d_model=768 -- reconstruction can be near-perfect from spanning coverage alone here; EV=0.991 is not evidence of a sparse decomposition yet.
step   7300  mse    4.174  L0   1125.6  EV  0.991  dead     0
WARNING step 7400: L0=1129.9 > d_model=768 -- reconstruction can be near-perfect from spanning coverage alone here; EV=0.990 is not evidence of a sparse decomposition yet.
step   7400  mse    4.274  L0   1129.9  EV  0.990  dead     0
WARNING step 7500: L0=1127.7 > d_model=768 -- reconstruction can be near-perfect from spanning coverage alone here; EV=0.991 is not evidence of a sparse decomposition yet.
step   7500  mse    4.182  L0   1127.7  EV  0.991  dead     0
WARNING step 7600: L0=1131.7 > d_model=768 -- reconstruction can be near-perfect from spanning coverage alone here; EV=0.991 is not evidence of a sparse decomposition yet.
step   7600  mse    4.212  L0   1131.7  EV  0.991  dead     0
WARNING step 7700: L0=1128.4 > d_model=768 -- reconstruction can be near-perfect from spanning coverage alone here; EV=0.991 is not evidence of a sparse decomposition yet.
step   7700  mse    4.118  L0   1128.4  EV  0.991  dead     0
WARNING step 7800: L0=1130.8 > d_model=768 -- reconstruction can be near-perfect from spanning coverage alone here; EV=0.991 is not evidence of a sparse decomposition yet.
step   7800  mse    4.152  L0   1130.8  EV  0.991  dead     0
WARNING step 7900: L0=1130.7 > d_model=768 -- reconstruction can be near-perfect from spanning coverage alone here; EV=0.991 is not evidence of a sparse decomposition yet.
step   7900  mse    4.206  L0   1130.7  EV  0.991  dead     0
WARNING step 8000: L0=1132.0 > d_model=768 -- reconstruction can be near-perfect from spanning coverage alone here; EV=0.991 is not evidence of a sparse decomposition yet.
step   8000  mse    4.120  L0   1132.0  EV  0.991  dead     0
WARNING step 8100: L0=1133.1 > d_model=768 -- reconstruction can be near-perfect from spanning coverage alone here; EV=0.991 is not evidence of a sparse decomposition yet.
step   8100  mse    4.099  L0   1133.1  EV  0.991  dead     0
WARNING step 8200: L0=1135.2 > d_model=768 -- reconstruction can be near-perfect from spanning coverage alone here; EV=0.991 is not evidence of a sparse decomposition yet.
step   8200  mse    4.071  L0   1135.2  EV  0.991  dead     0
WARNING step 8300: L0=1134.3 > d_model=768 -- reconstruction can be near-perfect from spanning coverage alone here; EV=0.991 is not evidence of a sparse decomposition yet.
step   8300  mse    4.073  L0   1134.3  EV  0.991  dead     0
WARNING step 8400: L0=1134.0 > d_model=768 -- reconstruction can be near-perfect from spanning coverage alone here; EV=0.991 is not evidence of a sparse decomposition yet.
step   8400  mse    4.076  L0   1134.0  EV  0.991  dead     0
WARNING step 8500: L0=1133.3 > d_model=768 -- reconstruction can be near-perfect from spanning coverage alone here; EV=0.991 is not evidence of a sparse decomposition yet.
step   8500  mse    4.137  L0   1133.3  EV  0.991  dead     0
WARNING step 8600: L0=1134.2 > d_model=768 -- reconstruction can be near-perfect from spanning coverage alone here; EV=0.991 is not evidence of a sparse decomposition yet.
step   8600  mse    4.044  L0   1134.2  EV  0.991  dead     0
WARNING step 8700: L0=1137.5 > d_model=768 -- reconstruction can be near-perfect from spanning coverage alone here; EV=0.991 is not evidence of a sparse decomposition yet.
step   8700  mse    4.041  L0   1137.5  EV  0.991  dead     0
WARNING step 8800: L0=1139.6 > d_model=768 -- reconstruction can be near-perfect from spanning coverage alone here; EV=0.991 is not evidence of a sparse decomposition yet.
step   8800  mse    4.097  L0   1139.6  EV  0.991  dead     0
WARNING step 8900: L0=1138.2 > d_model=768 -- reconstruction can be near-perfect from spanning coverage alone here; EV=0.991 is not evidence of a sparse decomposition yet.
step   8900  mse    4.022  L0   1138.2  EV  0.991  dead     0
WARNING step 9000: L0=1141.1 > d_model=768 -- reconstruction can be near-perfect from spanning coverage alone here; EV=0.991 is not evidence of a sparse decomposition yet.
step   9000  mse    4.012  L0   1141.1  EV  0.991  dead     0
WARNING step 9100: L0=1145.0 > d_model=768 -- reconstruction can be near-perfect from spanning coverage alone here; EV=0.991 is not evidence of a sparse decomposition yet.
step   9100  mse    4.002  L0   1145.0  EV  0.991  dead     0
WARNING step 9200: L0=1143.9 > d_model=768 -- reconstruction can be near-perfect from spanning coverage alone here; EV=0.991 is not evidence of a sparse decomposition yet.
step   9200  mse    3.999  L0   1143.9  EV  0.991  dead     0
WARNING step 9300: L0=1147.9 > d_model=768 -- reconstruction can be near-perfect from spanning coverage alone here; EV=0.991 is not evidence of a sparse decomposition yet.
step   9300  mse    3.967  L0   1147.9  EV  0.991  dead     0
WARNING step 9400: L0=1152.8 > d_model=768 -- reconstruction can be near-perfect from spanning coverage alone here; EV=0.991 is not evidence of a sparse decomposition yet.
step   9400  mse    4.024  L0   1152.8  EV  0.991  dead     0
WARNING step 9500: L0=1152.6 > d_model=768 -- reconstruction can be near-perfect from spanning coverage alone here; EV=0.991 is not evidence of a sparse decomposition yet.
step   9500  mse    4.011  L0   1152.6  EV  0.991  dead     0
WARNING step 9600: L0=1160.3 > d_model=768 -- reconstruction can be near-perfect from spanning coverage alone here; EV=0.991 is not evidence of a sparse decomposition yet.
step   9600  mse    3.984  L0   1160.3  EV  0.991  dead     0
WARNING step 9700: L0=1160.5 > d_model=768 -- reconstruction can be near-perfect from spanning coverage alone here; EV=0.991 is not evidence of a sparse decomposition yet.
step   9700  mse    4.001  L0   1160.5  EV  0.991  dead     0
WARNING step 9800: L0=1165.4 > d_model=768 -- reconstruction can be near-perfect from spanning coverage alone here; EV=0.991 is not evidence of a sparse decomposition yet.
step   9800  mse    3.947  L0   1165.4  EV  0.991  dead     0
WARNING step 9900: L0=1172.6 > d_model=768 -- reconstruction can be near-perfect from spanning coverage alone here; EV=0.991 is not evidence of a sparse decomposition yet.
step   9900  mse    3.978  L0   1172.6  EV  0.991  dead     0
WARNING step 10000: L0=1177.4 > d_model=768 -- reconstruction can be near-perfect from spanning coverage alone here; EV=0.991 is not evidence of a sparse decomposition yet.
step  10000  mse    4.044  L0   1177.4  EV  0.991  dead     0
WARNING step 10100: L0=1181.3 > d_model=768 -- reconstruction can be near-perfect from spanning coverage alone here; EV=0.991 is not evidence of a sparse decomposition yet.
step  10100  mse    3.944  L0   1181.3  EV  0.991  dead     0
WARNING step 10200: L0=1190.6 > d_model=768 -- reconstruction can be near-perfect from spanning coverage alone here; EV=0.991 is not evidence of a sparse decomposition yet.
step  10200  mse    3.983  L0   1190.6  EV  0.991  dead     0
WARNING step 10300: L0=1196.1 > d_model=768 -- reconstruction can be near-perfect from spanning coverage alone here; EV=0.991 is not evidence of a sparse decomposition yet.
step  10300  mse    3.943  L0   1196.1  EV  0.991  dead     0
WARNING step 10400: L0=1203.1 > d_model=768 -- reconstruction can be near-perfect from spanning coverage alone here; EV=0.991 is not evidence of a sparse decomposition yet.
step  10400  mse    3.967  L0   1203.1  EV  0.991  dead     0
WARNING step 10500: L0=1208.8 > d_model=768 -- reconstruction can be near-perfect from spanning coverage alone here; EV=0.991 is not evidence of a sparse decomposition yet.
step  10500  mse    3.929  L0   1208.8  EV  0.991  dead     0
WARNING step 10600: L0=1215.4 > d_model=768 -- reconstruction can be near-perfect from spanning coverage alone here; EV=0.991 is not evidence of a sparse decomposition yet.
step  10600  mse    3.954  L0   1215.4  EV  0.991  dead     0
WARNING step 10700: L0=1230.3 > d_model=768 -- reconstruction can be near-perfect from spanning coverage alone here; EV=0.991 is not evidence of a sparse decomposition yet.